slug,name,category,website,what_is_paid,price_usd_month,payment_methods,local_methods,available_in_russia,official_gift_cards,accepts_crypto,russia_note,billing_country_checks,sources,checked,page_en,page_ru
ai-dungeon,AI Dungeon,ai-chat,https://aidungeon.com,Journey $14.99/month,14.99,card; app_store; google_play,,unknown,unknown,no,,"Fees payable in USD; subscriptions via Stripe, App Store or Google Play.",https://help.aidungeon.com/memberships-benefits; https://help.aidungeon.com/account-questions; https://help.aidungeon.com/terms-of-service,2026-09,/en/payment-passport-ai-dungeon,/pasport-oplaty-ai-dungeon
alibaba-cloud-model-studio,Alibaba Cloud Model Studio (Qwen API),ai-chat,https://www.alibabacloud.com/en/product/modelstudio,Pay-as-you-go API,,visa; bank_transfer; alipay; local,digital wallet,unknown,no,no,,"Prepaid, gift, virtual and UnionPay-only cards not supported; cards issued in mainland China and PayPal accounts from mainland China not supported; method availability varies by site/currency.",https://www.alibabacloud.com/help/en/user-center/instruction-of-payment-management/; https://www.alibabacloud.com/help/doc-detail/108600.html; https://www.alibabacloud.com/help/en/legal/latest/payment-and-tax-terms-payment-and-tax-terms,2026-09,/en/payment-passport-alibaba-cloud-model-studio,/pasport-oplaty-alibaba-cloud-model-studio
anyword,Anyword,ai-chat,https://www.anyword.com,Starter $49/month ($39 annual),49,,,unknown,unknown,no,,,https://www.anyword.com/pricing,2026-09,/en/payment-passport-anyword,/pasport-oplaty-anyword
brave-leo-premium,Brave Leo Premium,ai-chat,https://brave.com/leo/,Leo Premium $14.99/month,14.99,,,unknown,unknown,unknown,,,https://support.brave.app/hc/en-us/articles/20958609786637-How-do-I-use-Brave-Leo,2026-09,/en/payment-passport-brave-leo-premium,/pasport-oplaty-brave-leo-premium
chai,Chai,ai-chat,https://www.chai-ai.com,Chai Pro $9.99/week or $159.99/year,,app_store; google_play,,unknown,unknown,no,,,https://www.chai-ai.com/faq; https://www.chai-ai.com/pricing,2026-09,/en/payment-passport-chai,/pasport-oplaty-chai
chatbase,Chatbase,ai-chat,https://www.chatbase.co,Hobby plan (see pricing page),,card; bank_transfer,,unknown,unknown,no,,,https://www.chatbase.co/pricing; https://www.chatbase.co/legal/terms,2026-09,/en/payment-passport-chatbase,/pasport-oplaty-chatbase
chatpdf,ChatPDF,ai-chat,https://www.chatpdf.com,ChatPDF Plus subscription (price shown in-app),,,,unknown,unknown,unknown,,,https://www.chatpdf.com/,2026-09,/en/payment-passport-chatpdf,/pasport-oplaty-chatpdf
cohere,Cohere,ai-chat,https://cohere.com,Pay-as-you-go API,,card,,no,no,no,Cohere client license/SaaS agreement lists Russia and Belarus as 'Restricted Locations' from which products may not be accessed.,"Users must not be in a US-embargoed country; Restricted Locations: Belarus, China, Cuba, Iran, North Korea, Russia, Syria.",https://cohere.com/terms-of-use; https://cohere.com/client-license-agreement; https://cohere.com/saas-agreement,2026-09,/en/payment-passport-cohere,/pasport-oplaty-cohere
consensus,Consensus,ai-chat,https://consensus.app,Pro $20/month ($12/month annual),20,card,,unknown,unknown,no,,,https://help.consensus.app/en/articles/10087865-subscription-plans; https://help.consensus.app/en/articles/10093375-update-your-payment-information,2026-09,/en/payment-passport-consensus,/pasport-oplaty-consensus
copy-ai,Copy.ai,ai-chat,https://www.copy.ai,Starter plan (see pricing page),,card,,partial,unknown,no,Terms forbid accessing the service from an embargoed country as prohibited by US law; Russia not named explicitly.,Terms of Service: access from US-embargoed countries prohibited; payment by credit card via third-party processor.,https://www.copy.ai/prices; https://www.copy.ai/terms-of-service,2026-09,/en/payment-passport-copy-ai,/pasport-oplaty-copy-ai
elicit,Elicit,ai-chat,https://elicit.com,Plus $12/month ($120/year),12,visa; mastercard; amex; discover; jcb; diners; unionpay; alipay,,partial,unknown,no,API terms forbid access from embargoed countries; Russia not named explicitly.,Payments via Stripe; API terms require export/sanctions compliance.,https://support.elicit.com/en/articles/14759344-elicit-payment-methods; https://elicit.com/pricing; https://elicit.com/operations/api-terms,2026-09,/en/payment-passport-elicit,/pasport-oplaty-elicit
felo,Felo,ai-chat,https://felo.ai,Pro $14.99/month,14.99,visa; mastercard; amex,,unknown,unknown,no,,,https://felo.ai/en/faq/felo-search-pro; https://felo.ai/blog/pricing/,2026-09,/en/payment-passport-felo,/pasport-oplaty-felo
frase,Frase,ai-chat,https://www.frase.io,Basic plan (see pricing page),,visa; mastercard,,unknown,unknown,no,,PayPal not accepted.,https://help.frase.io/article/213-what-payment-methods-does-frase-accept; https://www.frase.io/pricing,2026-09,/en/payment-passport-frase,/pasport-oplaty-frase
genspark,Genspark,ai-chat,https://www.genspark.ai,Plus from $24.99/month,24.99,card; app_store; google_play,,unknown,unknown,no,,Web payments via Stripe; Android payment methods 'may vary by region'.,https://www.genspark.ai/helpcenter/membership-plans; https://www.genspark.ai/membership-benefits-lp,2026-09,/en/payment-passport-genspark,/pasport-oplaty-genspark
groq,Groq (GroqCloud),ai-chat,https://groq.com,Developer tier pay-as-you-go,,visa; mastercard; amex; discover; sepa; local,US bank account,unknown,no,no,,Region-specific contract terms apply based on billing address.,https://console.groq.com/docs/billing-faqs; https://console.groq.com/docs/legal/contractual-framework-overview,2026-09,/en/payment-passport-groq,/pasport-oplaty-groq
hugging-face-pro,Hugging Face PRO,ai-chat,https://huggingface.co/pro,PRO $9/month,9,card,,partial,no,no,Terms: service subject to US export-control and sanctions laws; Russia not named explicitly.,Only credit cards accepted (Stripe); use must comply with US sanctions law.,https://huggingface.co/pro; https://huggingface.co/docs/hub/billing; https://huggingface.co/terms-of-service,2026-09,/en/payment-passport-hugging-face-pro,/pasport-oplaty-hugging-face-pro
humata,Humata,ai-chat,https://www.humata.ai,Expert plan (monthly subscription; see pricing page),,card,,unknown,unknown,no,,Payments processed by Stripe; billing address collected.,https://www.humata.ai/security; https://www.humata.ai/terms-of-service; https://www.humata.ai/pricing,2026-09,/en/payment-passport-humata,/pasport-oplaty-humata
hyperwrite,HyperWrite,ai-chat,https://www.hyperwriteai.com,Premium $19.99/month,19.99,,,unknown,unknown,no,,,https://www.hyperwriteai.com/faq/how-much-does-hyperwrite-cost; https://www.hyperwriteai.com/pricing,2026-09,/en/payment-passport-hyperwrite,/pasport-oplaty-hyperwrite
janitor-ai,Janitor AI,ai-chat,https://janitorai.com,Pro $9.99/month,9.99,,,unknown,unknown,unknown,,,https://janitorai.ai/pricing,2026-09,/en/payment-passport-janitor-ai,/pasport-oplaty-janitor-ai
jasper,Jasper,ai-chat,https://www.jasper.ai,Pro $69/month per seat ($59 annual),69,visa; mastercard; amex,,unknown,no,no,,"Cards must pass 3D Secure; PayPal, prepaid cards, virtual cards and cash apps are not accepted.",https://www.jasper.ai/pricing; https://help.jasper.ai/hc/en-us/articles/18618587021211-Supported-Payment-Methods; https://help.jasper.ai/hc/en-us/articles/18618598275995-Failed-Charge; https://help.jasper.ai/hc/en-us/articles/18618709412123-Annual-Plans,2026-09,/en/payment-passport-jasper,/pasport-oplaty-jasper
jenni-ai,Jenni AI,ai-chat,https://jenni.ai,Plus $12/month; Pro $29/month,12,visa; mastercard; amex; paypal; local,regional e-wallets,unknown,unknown,no,,"Regional payment methods available in supported countries via Stripe; prices in USD, local currency in app.",https://docs.jenni.ai/docs/account/plans-and-billing/; https://jenni.ai/terms; https://app.jenni.ai/pricing,2026-09,/en/payment-passport-jenni-ai,/pasport-oplaty-jenni-ai
kagi,Kagi (Kagi Assistant),ai-chat,https://kagi.com,Professional $10/month; Ultimate $25/month,10,card; paypal; apple_pay; google_pay; crypto; ideal; venmo; local,Giropay,unknown,no,yes,,"Crypto (Bitcoin/Lightning via OpenNode) and PayPal can only add prepaid credit, then used for subscription.",https://help.kagi.com/kagi/plans/payment-methods.html; https://help.kagi.com/kagi/plans/plan-types.html; https://help.kagi.com/kagi/faq/faq.html; https://blog.kagi.com/accepting-paypal-bitcoin,2026-09,/en/payment-passport-kagi,/pasport-oplaty-kagi
kimi,Kimi (Moonshot AI),ai-chat,https://www.kimi.com,Moderato $19/month,19,card; app_store; alipay; wechat_pay,,unknown,yes,no,,International site prices in USD; China site prices in CNY with WeChat/Alipay; membership can be gifted to a friend.,https://www.kimi.ai/help/membership/membership-pricing; https://www.kimi.com/en/help/membership/membership-payment-issues; https://www.kimi.com/membership/pricing?from=upgrade_plan,2026-09,/en/payment-passport-kimi,/pasport-oplaty-kimi
kindroid,Kindroid,ai-chat,https://kindroid.ai,Standard subscription (web/app; see docs),,card; paypal; apple_pay; google_pay; amazon_pay; app_store; google_play; local,Cash App,unknown,unknown,no,,Prepaid cards should be added to PayPal and used through it.,https://kindroid.ai/docs/article/subscriptions/,2026-09,/en/payment-passport-kindroid,/pasport-oplaty-kindroid
liner,Liner,ai-chat,https://liner.com,Pro $14.99/month billed annually,,card,,unknown,unknown,no,,,https://liner.com/pricing,2026-09,/en/payment-passport-liner,/pasport-oplaty-liner
manus,Manus,ai-chat,https://manus.im,Pro from $20/month,20,visa; mastercard; amex; jcb; unionpay; apple_pay; google_pay; alipay; local,PayNow (Singapore); link,unknown,unknown,no,In Aug 2026 Manus stopped new subscription sales and deleted data for 'affected regions' (regions not named publicly); no explicit Russia statement.,Alipay not usable for free-trial subscriptions; PayNow only for Singapore users.,https://help.manus.im/en/articles/11813666-what-can-i-do-if-the-payment-method-is-not-supported; https://help.manus.im/en/articles/11711111-what-is-the-current-membership-pricing-for-manus; https://help.manus.im/en/articles/16147831-service-change-overview-what-s-happening-and-am-i-affected,2026-09,/en/payment-passport-manus,/pasport-oplaty-manus
merlin-ai,Merlin AI,ai-chat,https://www.getmerlin.in,Pro $19/month (annual) / $29 monthly,29,,,unknown,unknown,no,,,https://www.getmerlin.in/pricing,2026-09,/en/payment-passport-merlin-ai,/pasport-oplaty-merlin-ai
microsoft-copilot-pro,Microsoft Copilot Pro,ai-chat,https://www.microsoft.com/en-us/store/b/copilotpro,Copilot Pro $20/month,20,visa; mastercard; amex; paypal; bank_transfer; gift_card; carrier_billing,,no,yes,no,Microsoft suspended all new sales of products and services in Russia in March 2022 (still in effect per Microsoft).,Microsoft account payment options depend on the account's country/region; Microsoft gift cards are redeemed to the account balance.,https://blogs.microsoft.com/blog/2024/01/15/bringing-the-full-power-of-copilot-to-more-people-and-businesses/; https://support.microsoft.com/en-US/accounts-billing/add-a-new-bank-or-credit-card-to-your-microsoft-account; https://support.microsoft.com/en-us/accounts-billing/redeem-a-gift-card-or-code-to-your-microsoft-account; https://blogs.microsoft.com/on-the-issues/2022/03/04/microsoft-suspends-russia-sales-ukraine-conflict/,2026-09,/en/payment-passport-microsoft-copilot-pro,/pasport-oplaty-microsoft-copilot-pro
minimax,MiniMax (API platform),ai-chat,https://platform.minimax.io,Pay-as-you-go API,,,,unknown,unknown,unknown,,,https://stripe.com/customers/minimax; https://platform.minimax.io/docs/guides/pricing-paygo.md,2026-09,/en/payment-passport-minimax,/pasport-oplaty-minimax
mistral-le-chat,Mistral Le Chat,ai-chat,https://mistral.ai,Le Chat Pro $14.99/month,14.99,card; app_store; google_play; local,"mobile carrier (Free Mobile, Orange, NJU)",unknown,no,no,Terms require compliance with EU/US export-control and sanctions laws; no explicit Russia statement found.,Terms require the customer not be located in or organized under sanctioned jurisdictions; subscriptions via web (card) or App Store/Google Play.,https://mistral.ai/pricing; https://help.mistral.ai/en/articles/455205-how-can-i-upgrade-or-cancel-my-subscription; https://legal.mistral.ai/terms/row-consumer-terms,2026-09,/en/payment-passport-mistral-le-chat,/pasport-oplaty-mistral-le-chat
monica,Monica,ai-chat,https://monica.im,Pro (see pricing page),,card; alipay,,unknown,unknown,no,,Payments handled by Paddle (merchant of record); Alipay supported for subscriptions.,https://monica.im/en/pricing; https://www.paddle.com/customers/how-monica-ai-achieves-hypergrowth-with-paddle,2026-09,/en/payment-passport-monica,/pasport-oplaty-monica
nomi-ai,Nomi AI,ai-chat,https://nomi.ai,Standard subscription (see app store / web),,card; app_store; google_play,,unknown,unknown,no,,Web subscriptions billed in USD; app-store subscriptions in store currency.,https://wiki.nomi.ai/How_do_payments_and_exchange_rates_work_across_platforms%3F,2026-09,/en/payment-passport-nomi-ai,/pasport-oplaty-nomi-ai
novelai,NovelAI,ai-chat,https://novelai.net,Tablet $10 / Scroll $15 / Opus $25 per month,25,card,,unknown,unknown,no,,Any method supported by payment processor Chargebee is accepted.,https://docs.novelai.net/en/faq/,2026-09,/en/payment-passport-novelai,/pasport-oplaty-novelai
openrouter,OpenRouter,ai-chat,https://openrouter.ai,Prepaid credits (min $5; 5.5% fee),,card; crypto,,unknown,no,yes,Terms require compliance with sanctions/export laws; no official Russia-specific statement found.,"Payments via Stripe (USD) and Coinbase (crypto, 5% fee, non-refundable).",https://openrouter.ai/terms; https://openrouter.ai/docs/faq,2026-09,/en/payment-passport-openrouter,/pasport-oplaty-openrouter
prowritingaid,ProWritingAid,ai-chat,https://prowritingaid.com,Premium (monthly; $120/year annual),,card; paypal,,unknown,unknown,no,,PayPal purchases not possible in India (PayPal policy).,https://help.prowritingaid.com/article/142-what-currency-is-shown-for-prowritingaid-pricing; https://prowritingaid.com/pricing,2026-09,/en/payment-passport-prowritingaid,/pasport-oplaty-prowritingaid
quillbot,QuillBot,ai-chat,https://quillbot.com,Premium (monthly plan; semi-annual $13.31/month equivalent),,card; paypal; app_store; google_play,,unknown,unknown,no,,PayPal recurring payments must be funded by a card/bank linked to PayPal; app-store methods vary by store.,https://help.quillbot.com/hc/en-us/articles/360063228653-How-can-I-pay-for-a-Premium-subscription; https://quillbot.com/blog/frequently-asked-questions/how-much-is-quillbot-premium/,2026-09,/en/payment-passport-quillbot,/pasport-oplaty-quillbot
replicate,Replicate,ai-chat,https://replicate.com,Pay-as-you-go / prepaid credit,,card; bank_transfer,,unknown,no,no,Terms require export-law compliance; Russia not named.,,https://replicate.com/terms; https://replicate.com/docs/topics/billing/prepaid-credit,2026-09,/en/payment-passport-replicate,/pasport-oplaty-replicate
replika,Replika,ai-chat,https://replika.com,Replika Pro (price shown in app/store),,app_store; google_play,,unknown,unknown,no,,Subscriptions are bought and managed only through the app marketplace (App Store / Google Play) where acquired.,https://help.replika.com/hc/en-us/articles/39551043419149-Choosing-a-Subscription,2026-09,/en/payment-passport-replika,/pasport-oplaty-replika
rytr,Rytr,ai-chat,https://rytr.me,"Unlimited plan (pricing in USD, see pricing page)",,card,,unknown,unknown,no,,All currencies accepted; prices in USD with Stripe exchange rate; PayPal not supported.,https://rytr.me/pricing; https://rytr.me/terms-of-use,2026-09,/en/payment-passport-rytr,/pasport-oplaty-rytr
scite,Scite,ai-chat,https://scite.ai,Pro $50/month (Basic $12/month annual),50,,,unknown,unknown,unknown,,,https://docs.scite.ai/pricing-and-plans,2026-09,/en/payment-passport-scite,/pasport-oplaty-scite
sider,Sider,ai-chat,https://sider.ai,Basic $8.3/month (annual),8.3,card; paypal,,unknown,unknown,no,,Stripe checkout; PayPal only via manual transfer arranged with support.,https://sider.ai/pricing; https://sider.ai/help-center/faqs/sider-payment-issue,2026-09,/en/payment-passport-sider,/pasport-oplaty-sider
simplified,Simplified,ai-chat,https://simplified.com,AI Writer Pro (see pricing page),,visa; mastercard; amex; discover; jcb; diners; unionpay; local,Carte Bleue,unknown,unknown,no,,,https://help.simplified.com/en/articles/5633107-what-payment-methods-do-you-accept; https://simplified.com/pricing/ai-writer,2026-09,/en/payment-passport-simplified,/pasport-oplaty-simplified
sudowrite,Sudowrite,ai-chat,https://sudowrite.com,Professional $29/month ($22 annual),29,,,unknown,unknown,no,,,https://docs.sudowrite.com/plans--account/wBnmhtSyMcWtk2BLzifGkz/what-plans-are-available/mwfVvj2rGcKYs1BQy4Pdcb; https://sudowrite.com/pricing,2026-09,/en/payment-passport-sudowrite,/pasport-oplaty-sudowrite
talkie,Talkie,ai-chat,https://www.talkie-ai.com,Talkie+ $9.99/month,9.99,app_store; google_play,,unknown,unknown,no,,Paid subscriptions purchased within the apps via App Store / Google Play where allowed.,https://www.talkie-ai.com/fil/static/service; https://book.talkie-ai.com/faq/,2026-09,/en/payment-passport-talkie,/pasport-oplaty-talkie
together-ai,Together AI,ai-chat,https://www.together.ai,Pay-as-you-go API credits,,visa; mastercard; amex; local,ACH (US bank),unknown,no,no,,Prepaid cards not supported; ACH only from US bank accounts; a valid card must always remain on file.,https://docs.together.ai/docs/billing-payment-methods,2026-09,/en/payment-passport-together-ai,/pasport-oplaty-together-ai
typingmind,TypingMind,ai-chat,https://www.typingmind.com,Premium $39 one-time or $20/month (bring your own API keys),20,,,unknown,unknown,unknown,,,https://www.typingmind.com/buy,2026-09,/en/payment-passport-typingmind,/pasport-oplaty-typingmind
wordtune,Wordtune,ai-chat,https://www.wordtune.com,Advanced $6.99/month ($4.89 annual); Unlimited $9.99/month,6.99,card; paypal; apple_pay; google_pay,,unknown,unknown,no,,,https://www.wordtune.com/plans,2026-09,/en/payment-passport-wordtune,/pasport-oplaty-wordtune
writesonic,Writesonic,ai-chat,https://writesonic.com,Starter $79/month billed annually,79,card; paypal,,unknown,unknown,no,,,https://writesonic.com/pricing; https://docs.writesonic.com/docs/navigating-subscription-payment-choices,2026-09,/en/payment-passport-writesonic,/pasport-oplaty-writesonic
you-com,You.com,ai-chat,https://you.com,Pro $20/month ($15/month billed annually),20,card,,partial,unknown,no,"Terms prohibit use in US-embargoed countries/regions (Cuba, Iran, North Korea, Syria, Crimea, Donetsk, Luhansk); Russia itself not listed.",MSA/Terms forbid access from U.S.-embargoed regions; billing accepts major credit/debit cards via dashboard.,https://you.com/upgrade; https://you.com/docs/administration/billing; https://you.com/terms,2026-09,/en/payment-passport-you-com,/pasport-oplaty-you-com
z-ai,Z.ai (GLM Coding Plan),ai-chat,https://z.ai,GLM Coding Plan Lite from $18/month,18,card; paypal,,partial,unknown,no,"Terms prohibit use for persons in Iran, North Korea, Cuba, Crimea, Donetsk, Zaporizhzhia; Russia itself not listed.",Credit-card recharge does not support 3DS verification.,https://docs.z.ai/devpack/overview; https://docs.z.ai/devpack/usage-policy; https://docs.z.ai/help/faq; https://docs.z.ai/legal-agreement/terms-of-use,2026-09,/en/payment-passport-z-ai,/pasport-oplaty-z-ai
aiva,AIVA,ai-media,https://www.aiva.ai,Standard €11/month; Pro €33/month,,,,unknown,unknown,unknown,,,https://www.aiva.ai/pricing,2026-09,/en/payment-passport-aiva,/pasport-oplaty-aiva
akool,Akool,ai-media,https://akool.com,Pro from ~$30/month,,card; paypal; apple_pay; google_pay; crypto,,unknown,unknown,yes,,,https://help.akool.com/account-billing/subscription; https://akool.com/pricing,2026-09,/en/payment-passport-akool,/pasport-oplaty-akool
captions,Captions,ai-media,https://captions.ai,Pro $24.99/month,24.99,card; app_store; google_play,,unknown,unknown,unknown,,Prices may vary by region; VAT ID can be added only via web Stripe checkout,https://captions.ai/pricing; https://captions.ai/help/docs/manage-my-subscription,2026-09,/en/payment-passport-captions,/pasport-oplaty-captions
civitai,Civitai,ai-media,https://civitai.com,Bronze $10/month; Silver $25; Gold $50,10,card; local,crypto (Buzz deposits),unknown,unknown,yes,,Card purchases handled via Civitai.Green; crypto deposits for Buzz on Civitai.com,https://education.civitai.com/civitais-guide-to-membership-tiers/; https://education.civitai.com/civitais-guide-to-buybuzz-io/; https://civitai.com/pricing,2026-09,/en/payment-passport-civitai,/pasport-oplaty-civitai
d-id,D-ID,ai-media,https://www.d-id.com,Studio Lite from $5.99/month,5.99,,,unknown,unknown,unknown,,,https://www.d-id.com/pricing/studio/; https://help.d-id.com/hc/en-us/articles/31234308172049-How-do-I-update-my-payment-method-or-billing-address,2026-09,/en/payment-passport-d-id,/pasport-oplaty-d-id
deepbrain-ai,DeepBrain AI (AI Studios),ai-media,https://www.aistudios.com,Creator from $24/month,24,,,unknown,unknown,unknown,,,https://www.aistudios.com/pricing; https://help.aistudios.com/en/articles/11887583-how-do-i-get-more-generative-credits,2026-09,/en/payment-passport-deepbrain-ai,/pasport-oplaty-deepbrain-ai
descript,Descript,ai-media,https://www.descript.com,Hobbyist from $16/month (annual); Creator $24–35,16,card; local,link by stripe,no,unknown,unknown,Official troubleshooting doc lists Russia among restricted countries/regions.,Billing in USD; not every country supported by Stripe; restricted regions listed in help center,https://help.descript.com/hc/en-us/articles/10255834199437-Manage-and-update-your-payment-method; https://www.descript.com/pricing; https://help.descript.com/app-troubleshooting/how-to-resolve-network-connection-issues,2026-09,/en/payment-passport-descript,/pasport-oplaty-descript
faceapp,FaceApp,ai-media,https://www.faceapp.com,FaceApp Pro subscription (app stores only),,app_store; google_play,,unknown,unknown,unknown,,Sold only via Apple App Store / Google Play; FaceApp does not sell directly,https://www.faceapp.com/faq/how-much-does-faceapp-cost/; https://www.faceapp.com/en/terms/,2026-09,/en/payment-passport-faceapp,/pasport-oplaty-faceapp
fish-audio,Fish Audio,ai-media,https://fish.audio,Starter $15/month ($5.5 annual); Pro higher tiers,15,visa; mastercard; amex; local,regional payment methods,unknown,unknown,unknown,,Regional payment methods vary,https://fish.audio/plan/,2026-09,/en/payment-passport-fish-audio,/pasport-oplaty-fish-audio
fliki,Fliki,ai-media,https://fliki.ai,Standard $28/month,28,card; apple_pay; google_pay; local,local wallets in supported countries,unknown,unknown,unknown,Terms require user not be located in a US-embargoed country; Russia not named.,Payments in USD,https://fliki.ai/pricing; https://fliki.ai/frequently-asked-questions; https://fliki.ai/terms,2026-09,/en/payment-passport-fliki,/pasport-oplaty-fliki
freepik,Freepik (AI Suite),ai-media,https://www.freepik.com,Essential $20/month ($14.50/month billed annually); Premium $45/month,20,visa; mastercard; amex; paypal; apple_pay; google_pay; app_store; google_play,,unknown,unknown,unknown,,Billing address and VAT treatment depend on the country entered at checkout,https://www.freepik.com/ai/docs/payments-invoices-and-errors; https://www.freepik.com/ai/docs/plans-and-pricing; https://www.freepik.com/pricing/2754100,2026-09,/en/payment-passport-freepik,/pasport-oplaty-freepik
hailuo-ai,Hailuo AI (MiniMax),ai-media,https://hailuoai.video,Standard $14.99/month; Pro $54.99; Master $119.99,14.99,card,,unknown,unknown,unknown,,Checkout via Stripe; invoice details follow billing information supplied,https://hailuoai.video/doc/payment-policy.html; https://hailuoai.video/pricing,2026-09,/en/payment-passport-hailuo-ai,/pasport-oplaty-hailuo-ai
hedra,Hedra,ai-media,https://www.hedra.com,Basic $15/month; Creator $30; Pro $75,15,visa; mastercard; amex; paypal; crypto; local,prepaid Visa gift cards,unknown,unknown,yes,,,https://www.hedra.com/docs/pages/app/billing/payment-methods; https://www.hedra.com/pricing,2026-09,/en/payment-passport-hedra,/pasport-oplaty-hedra
higgsfield,Higgsfield,ai-media,https://higgsfield.ai,Subscription tiers (Basic/Pro/Ultimate),,visa; mastercard; amex; jcb; apple_pay; local,bank payments supported by Stripe,unknown,unknown,no,,PayPal and crypto not accepted; Stripe adds sales tax/VAT based on billing location,https://higgsfield.ai/creator-hub/help-center/billing-and-payments/how-does-billing-work; https://higgsfield.ai/pricing,2026-09,/en/payment-passport-higgsfield,/pasport-oplaty-higgsfield
invideo-ai,invideo AI,ai-media,https://invideo.io,Plus $20/month; Max $100/month,20,,,unknown,unknown,unknown,,Prices in USD regardless of country; mobile app prices may vary via Apple/Google,https://invideo.io/pricing/; https://help.invideo.io/en/articles/11532410-do-prices-vary-by-country-and-can-i-pay-in-my-local-currency; https://invideo.io/faq/which-invideo-pricing-plan-is-best-for-ai-video-creators/,2026-09,/en/payment-passport-invideo-ai,/pasport-oplaty-invideo-ai
krea-ai,Krea AI,ai-media,https://www.krea.ai,Basic $9/month; Pro $35/month (annual discount available),9,visa; mastercard; google_pay; amazon_pay; bank_transfer; local,bank transfer (US bank account); cash app pay,unknown,unknown,unknown,Model license requires compliance with US export-control and sanctions laws; no Russia-specific statement found.,"Stripe checkout: cards, Google Pay, US bank accounts, Amazon Pay, Cash App Pay. Licence forbids use violating US export/sanctions laws.",https://www.krea.ai/pricing; https://www.krea.ai/docs/user-guide/help-and-support/refunds-and-billing; https://www.krea.ai/krea-2-licensing; https://www.krea.ai/pricing?period=monthly&plan=creator_pro,2026-09,/en/payment-passport-krea-ai,/pasport-oplaty-krea-ai
lalal-ai,LALAL.AI,ai-media,https://www.lalal.ai,Plus $15/month ($7.5/month annual),15,card; paypal,,unknown,unknown,unknown,Plugin EULA contains Swiss/EU/international export-control and sanctions compliance language; Russia not named.,PayPal availability/currency varies by region (e.g. disabled for CNY payments),https://www.lalal.ai/pricing/; https://www.lalal.ai/changelog/; https://www.lalal.ai/audio-plugin-eula/,2026-09,/en/payment-passport-lalal-ai,/pasport-oplaty-lalal-ai
lensa-ai,Lensa AI,ai-media,https://lensa.app,Subscription,,card; paypal; app_store; google_play,,unknown,unknown,unknown,,,https://lensa.app/terms/24102025/; https://lensa.app/pricing,2026-09,/en/payment-passport-lensa-ai,/pasport-oplaty-lensa-ai
let-s-enhance,Let's Enhance,ai-media,https://letsenhance.io,Subscription/credits plans,,visa; mastercard; amex; discover; paypal; apple_pay; google_pay,,unknown,unknown,unknown,,,https://help.letsenhance.io/en/article/what-payment-options-can-i-choose-1bex0ii/; https://letsenhance.io/pricing,2026-09,/en/payment-passport-let-s-enhance,/pasport-oplaty-let-s-enhance
lovo-ai,LOVO AI (Genny),ai-media,https://lovo.ai,Basic $19/month (yearly); Pro $36/month (yearly),19,visa; mastercard; amex; discover; jcb,,unknown,unknown,unknown,,Stripe processing; PayPal not accepted,https://help.lovo.ai/hc/en-us/articles/22141544838169-What-are-the-available-payment-options-Which-credit-cards-are-accepted-Do-you-accept-PayPal; https://lovo.ai/pricing,2026-09,/en/payment-passport-lovo-ai,/pasport-oplaty-lovo-ai
ltx-studio,LTX Studio,ai-media,https://ltx.io/studio,Lite $15/month; Standard $35; Pro $125,15,paypal; local,adyen; card/methods supported by Stripe,unknown,unknown,unknown,,,https://ltx.io/studio/pricing; https://static.lightricks.com/legal/ltxstudio-refund-policy.pdf,2026-09,/en/payment-passport-ltx-studio,/pasport-oplaty-ltx-studio
moises,Moises,ai-media,https://moises.ai,Premium subscription,5.99,visa; mastercard; amex; diners; paypal; app_store; google_play; local,elo; hipercard,unknown,unknown,unknown,,"Amex not accepted in Brazil, Malaysia, Thailand, UAE; web via Stripe/Ebanx",https://help.moises.ai/hc/en-us/articles/360011725960-What-are-the-payment-options; https://moises.ai/pricing; https://apps.apple.com/us/app/moises-the-musicians-app/id1515796612,2026-09,/en/payment-passport-moises,/pasport-oplaty-moises
mubert,Mubert,ai-media,https://mubert.com,Creator $14/month; Pro $39/month,14,visa; mastercard; amex,,unknown,unknown,unknown,,PayPal not supported,https://mubert.com/render/faq; https://mubert.com/render/pricing,2026-09,/en/payment-passport-mubert,/pasport-oplaty-mubert
murf-ai,Murf AI,ai-media,https://murf.ai,Creator $19/month; Business $66/month,19,card; local,bank transfer (Enterprise),unknown,unknown,unknown,,PayPal not supported,https://help.murf.ai/what-are-the-available-payment-options; https://murf.ai/pricing,2026-09,/en/payment-passport-murf-ai,/pasport-oplaty-murf-ai
nightcafe,NightCafe,ai-media,https://creator.nightcafe.studio,AI Beginner from $7.49/month (annual); higher tiers $14.99–$37.49/month,7.49,paypal; gift_card; local,card (via Paddle),no,yes,unknown,Official help lists Russia and Belarus among restricted countries/regions where payment is blocked (HTTP 403).,"Payment blocked for restricted countries/regions listed in help center, including Russia and Belarus",https://creator.nightcafe.studio/pricing; https://help.nightcafe.studio/portal/en/kb/articles/nightcafe-gift-cards; https://help.nightcafe.studio/portal/en/kb/articles/error-403-when-trying-to-pay,2026-09,/en/payment-passport-nightcafe,/pasport-oplaty-nightcafe
opusclip,OpusClip,ai-media,https://www.opus.pro,Starter $15/month; Pro $29/month,15,card; local,upi (India),unknown,unknown,unknown,,Officially supported access only from listed countries/regions (Belarus listed; Russia status not documented),https://help.opus.pro/docs/article/payments-and-billing-info; https://help.opus.pro/docs/article/supported-countries-regions-territories; https://www.opus.pro/pricing,2026-09,/en/payment-passport-opusclip,/pasport-oplaty-opusclip
photoroom,Photoroom,ai-media,https://www.photoroom.com,Pro subscription,,card; app_store; google_play,,unknown,unknown,unknown,"Enterprise agreement requires customer not be located in comprehensively sanctioned/embargoed territories (Cuba, Iran, North Korea, Syria, etc.); Russia not named.",Web: major cards; mobile: App Store / Google Play billing,https://help.photoroom.com/en/articles/4163340-what-payment-methods-can-you-use; https://www.photoroom.com/pricing; https://www.photoroom.com/legal/enterprise-services-agreement,2026-09,/en/payment-passport-photoroom,/pasport-oplaty-photoroom
pictory,Pictory,ai-media,https://pictory.ai,Starter from $25/month (annual),25,card; paypal,,unknown,unknown,unknown,,Prices in USD; processed via Stripe and PayPal,https://pictory.ai/pricing/,2026-09,/en/payment-passport-pictory,/pasport-oplaty-pictory
pika,Pika,ai-media,https://pika.art,Standard/Pro subscription plans,,card,,unknown,unknown,unknown,,,https://pika.art/pricing; https://pika.art/support,2026-09,/en/payment-passport-pika,/pasport-oplaty-pika
pixlr,Pixlr,ai-media,https://pixlr.com,Plus $2.49/month ($1.99/month billed annually),2.49,visa; mastercard; paypal,,unknown,no,unknown,,,https://pixlr.com/pricing/,2026-09,/en/payment-passport-pixlr,/pasport-oplaty-pixlr
pixverse,PixVerse,ai-media,https://pixverse.ai,Standard/Pro subscription,,,,unknown,unknown,unknown,,,https://docs.pixverse.ai/FAQ-Subscriptions-Billing-45723f6092f740bca8f0209878440ca1; https://app.pixverse.ai/pricing,2026-09,/en/payment-passport-pixverse,/pasport-oplaty-pixverse
playai-playht,PlayAI / PlayHT,ai-media,https://play.ai,Subscription plans,,,,unknown,unknown,unknown,,,https://play.ht/pricing/; https://play.ai/terms,2026-09,/en/payment-passport-playai-playht,/pasport-oplaty-playai-playht
playground-ai,Playground AI,ai-media,https://playground.com,Pro from $12/month (billed annually),12,card,,unknown,unknown,unknown,,,https://playground.com/pricing; https://help.playgroundai.com/en/articles/6848776-can-i-pay-through-other-means-besides-credit-card-e-g-paypal,2026-09,/en/payment-passport-playground-ai,/pasport-oplaty-playground-ai
rask-ai,Rask AI,ai-media,https://www.rask.ai,Creator plan (billed $396 yearly),33,card; paypal; apple_pay; google_pay; local,crypto/stablecoin,unknown,unknown,yes,,,https://www.rask.ai/pricing; https://www.rask.ai/terms-of-service-update; https://help.rask.ai/hc/why-did-my-payment-fail-troubleshooting-guide,2026-09,/en/payment-passport-rask-ai,/pasport-oplaty-rask-ai
recraft,Recraft,ai-media,https://www.recraft.ai,Basic $12/month; Advanced $20/month; Pro $40/month,12,card; bank_transfer,,unknown,unknown,unknown,,Payments processed via Stripe; no region rules documented,https://www.recraft.ai/pricing; https://www.recraft.ai/docs/plans-and-billing/paid-plans,2026-09,/en/payment-passport-recraft,/pasport-oplaty-recraft
reface,Reface,ai-media,https://reface.ai,Reface Pro subscription,,,,no,unknown,unknown,Reface removed its app from the Russian App Store and Google Play in March 2022 (TechCrunch).,,https://reface.ai/subscription; https://techcrunch.com/2022/03/17/reface-exits-russia/,2026-09,/en/payment-passport-reface,/pasport-oplaty-reface
remini,Remini,ai-media,https://remini.ai,Subscription (mobile app stores or web),,app_store; google_play; local,card (web),unknown,unknown,unknown,,,https://remini.zendesk.com/hc/en-us/articles/17601114462993-Subscription-Channels-Options,2026-09,/en/payment-passport-remini,/pasport-oplaty-remini
resemble-ai,Resemble AI,ai-media,https://www.resemble.ai,Business $350/month ($280 annual); pay-as-you-go per second,350,,,unknown,unknown,unknown,,,https://www.resemble.ai/pricing,2026-09,/en/payment-passport-resemble-ai,/pasport-oplaty-resemble-ai
seaart-ai,SeaArt AI,ai-media,https://www.seaart.ai,Membership from US$5.59/month (annual),5.59,,,unknown,unknown,unknown,,,https://www.seaart.ai/mall,2026-09,/en/payment-passport-seaart-ai,/pasport-oplaty-seaart-ai
soundraw,Soundraw,ai-media,https://soundraw.io,Creator $16.99/month ($11.04 annual),16.99,visa; mastercard; amex,,unknown,unknown,unknown,,,https://soundraw.io/pricing; https://docs.channel.io/soundraw-faq/en/articles/soundraw-payment-methods-c1e88210,2026-09,/en/payment-passport-soundraw,/pasport-oplaty-soundraw
speechify,Speechify,ai-media,https://speechify.com,Premium $29/month ($139/year),29,card; paypal; app_store,,unknown,unknown,unknown,Terms require user not be located in a US-embargoed country; Russia not named.,,https://speechify.com/pricing/; https://speechify.com/blog/how-can-i-purchase-a-voiceover-subscription/; https://speechify.com/uk/terms/,2026-09,/en/payment-passport-speechify,/pasport-oplaty-speechify
stability-ai,Stability AI (Brand Studio / Stable Assistant),ai-media,https://stability.ai,Brand Studio Starter $19/month (Pro $50/month),19,local,card (via Stripe checkout),unknown,unknown,unknown,"Terms include export-control/sanctions compliance obligations (embargoed countries, restricted persons); Russia not named.",Terms require compliance with export-control/sanctions laws; no explicit billing-country rules documented,https://stability.ai/brand-studio-plans; https://stability.ai/terms-of-service; https://kb.stability.ai/knowledge-base/how-can-i-view-my-api-credit-purchase-invoices,2026-09,/en/payment-passport-stability-ai,/pasport-oplaty-stability-ai
synthesia,Synthesia,ai-media,https://www.synthesia.io,Starter $29/month; Creator $89/month,29,card; paypal; local,bank transfer (Enterprise),unknown,unknown,no,,Crypto and alternative payment methods not accepted,https://docs.synthesia.io/docs/billing-settings; https://www.synthesia.io/pricing,2026-09,/en/payment-passport-synthesia,/pasport-oplaty-synthesia
topaz-labs,Topaz Labs,ai-media,https://www.topazlabs.com,Topaz Photo $19/month ($12/month annual); Topaz Video $29/month,19,card; paypal; bank_transfer; gift_card; alipay; ideal; local,gift card (card-brand prepaid gift cards); przelewy24,unknown,unknown,unknown,,Regional payment options shown depend on checkout region,https://docs.topazlabs.com/sales-account-licensing/before-you-buy/checkout-page; https://www.topazlabs.com/pricing,2026-09,/en/payment-passport-topaz-labs,/pasport-oplaty-topaz-labs
udio,Udio,ai-media,https://www.udio.com,Standard/Pro subscription,,,,unknown,unknown,unknown,,,https://www.udio.com/pricing; https://help.udio.com/en/collections/11900887-subscriptions-credits-and-billing,2026-09,/en/payment-passport-udio,/pasport-oplaty-udio
veed,VEED,ai-media,https://www.veed.io,Lite $19/month ($9/month annual); Pro $49/month,19,card; app_store; local,card (VEED checkout),unknown,unknown,unknown,,Some payment methods may be unsupported in a region; iOS purchases via Apple ID,https://www.veed.io/pricing/; https://support.veed.io/en/articles/11433566-how-to-subscribe-and-manage-your-subscription; https://support.veed.io/en/articles/11823987-how-to-update-billing-information-and-company-details-on-your-invoices; https://www.veed.io/pricing,2026-09,/en/payment-passport-veed,/pasport-oplaty-veed
vidu,Vidu,ai-media,https://www.vidu.com,Standard/Premium subscription,,card,,unknown,unknown,unknown,Terms require compliance with sanctions and prohibit circumventing regional restrictions via VPN/proxy; Russia not named.,Terms prohibit bypassing regional restrictions,https://www.vidu.com/pricing; https://platform.vidu.com/docs/terms-of-use,2026-09,/en/payment-passport-vidu,/pasport-oplaty-vidu
viggle,Viggle,ai-media,https://viggle.ai,Plus $9.99/month,9.99,,,unknown,unknown,unknown,,,https://viggle.ai/pricing; https://docs.viggle.ai/pricing,2026-09,/en/payment-passport-viggle,/pasport-oplaty-viggle
voicemod,Voicemod,ai-media,https://www.voicemod.net,Voicemod PRO license,,visa; mastercard; paypal; apple_pay; google_pay; gift_card; local,crypto (via Razer Gold/BitPay); local/regional methods,unknown,yes,yes,,Gateways Xsolla/Paddle; available methods shown depend on country,https://support.voicemod.net/hc/en-us/articles/360013434659-What-payment-methods-does-Voicemod-accept; https://support.voicemod.net/hc/en-us/articles/29155926306706-How-to-purchase-Voicemod-with-Razer-Gold; https://www.voicemod.net/pricing/,2026-09,/en/payment-passport-voicemod,/pasport-oplaty-voicemod
wondershare-filmora,Wondershare Filmora,ai-media,https://filmora.wondershare.com,Annual plan US$59.99/yr,5.0,card; paypal; alipay; local,line pay; local payment (varies by country); wepay,unknown,unknown,unknown,Russia not explicitly named; generic sanctions clause only.,Accepted methods differ by country/region selected in cart,https://support.wondershare.com/how-tos/filmora/what-payment-methods-are-supported-for-filmora.html; https://filmora.wondershare.com/shop/buy/buy-video-editor.html; https://www.wondershare.com/company/end-user-license-agreement.html,2026-09,/en/payment-passport-wondershare-filmora,/pasport-oplaty-wondershare-filmora
alexa-plus,Alexa+,app-stores-devices,https://www.amazon.com/alexa-plus,Alexa+ $19.99/month; free with Amazon Prime,19.99,,,unknown,unknown,unknown,Russia not documented. Amazon suspended retail shipments and Prime Video access for customers in Russia in 2022.,,https://www.aboutamazon.com/news/devices/new-alexa-generative-artificial-intelligence; https://www.aboutamazon.com/news/aws/updates-to-amazons-retail-entertainment-and-aws-businesses-in-russia-and-belarus,2026-09,/en/payment-passport-alexa-plus,/pasport-oplaty-alexa-plus
amazon-kids-plus,Amazon Kids+,app-stores-devices,https://www.amazon.com/ftu/home,Amazon Kids+ plans starting at $5.99/month (US),5.99,,,unknown,unknown,unknown,Russia not documented. Amazon suspended retail shipments to customers in Russia in 2022.,,https://www.amazon.com/ftu/home; https://www.aboutamazon.com/news/devices/what-is-amazon-kids-plus-subscription; https://www.aboutamazon.com/news/aws/updates-to-amazons-retail-entertainment-and-aws-businesses-in-russia-and-belarus,2026-09,/en/payment-passport-amazon-kids-plus,/pasport-oplaty-amazon-kids-plus
apple-developer-program,Apple Developer Program,app-stores-devices,https://developer.apple.com/programs/,"Apple Developer Program 99 USD/year (Enterprise 299 USD/year), local currency where available",,card; app_store,,unknown,unknown,unknown,,"Enrolling via the Apple Developer app is an auto-renewing subscription; on the web, payment methods shown depend on region. Individuals paying by credit card must use their own card or ID verification is required. Where Apple Developer products are not on the regional Apple Store Online, a credit card form is shown and the card must be chargeable in USD.",https://developer.apple.com/support/purchase-activation/,2026-09,/en/payment-passport-apple-developer-program,/pasport-oplaty-apple-developer-program
apple-fitness-plus,Apple Fitness+,app-stores-devices,https://www.apple.com/apple-fitness-plus/,Apple Fitness+ $9.99/month or $79.99/year (US),9.99,visa; mastercard; amex; paypal; apple_pay; gift_card; carrier_billing; local,apple account balance,partial,yes,unknown,"Apple's Media Services availability page lists Russia for this service, but Apple's 'payment methods by country' page has no Russia entry; Apple halted product sales and limited Apple Pay in Russia in March 2022 (Reuters).",Apple Account payment methods vary by country/region per Apple's country list; Apple Gift Card/Account balance usable for Apple subscriptions only where Apple Gift Card is available; some purchases may require a credit card on file even when paying with balance.,https://www.apple.com/apple-fitness-plus/; https://support.apple.com/en-us/111741; https://support.apple.com/en-us/118245; https://support.apple.com/en-us/118205; https://www.reuters.com/technology/apple-says-it-halted-all-product-sales-russia-2022-03-01/,2026-09,/en/payment-passport-apple-fitness-plus,/pasport-oplaty-apple-fitness-plus
apple-news-plus,Apple News+,app-stores-devices,https://www.apple.com/apple-news/,Apple News+ $12.99/month (US),12.99,visa; mastercard; amex; paypal; apple_pay; gift_card; carrier_billing; local,apple account balance,no,yes,unknown,"Apple's feature-availability page lists Apple News+ only in Australia, Canada, the United Kingdom and the United States.",Apple Account payment methods vary by country/region per Apple's country list; Apple Gift Card/Account balance usable for Apple subscriptions only where Apple Gift Card is available; some purchases may require a credit card on file even when paying with balance.,https://www.apple.com/apple-news/; https://www.apple.com/ios/feature-availability/; https://support.apple.com/en-us/111741; https://support.apple.com/en-us/118245,2026-09,/en/payment-passport-apple-news-plus,/pasport-oplaty-apple-news-plus
apple-one,Apple One,app-stores-devices,https://www.apple.com/apple-one/,Apple One Individual $21.95/month (US); Family $27.95; Premier $39.95,21.95,visa; mastercard; amex; paypal; apple_pay; gift_card; carrier_billing; local,apple account balance,partial,yes,unknown,"Apple's Media Services availability page lists Russia for this service, but Apple's 'payment methods by country' page has no Russia entry; Apple halted product sales and limited Apple Pay in Russia in March 2022 (Reuters).",Apple Account payment methods vary by country/region per Apple's country list; Apple Gift Card/Account balance usable for Apple subscriptions only where Apple Gift Card is available; some purchases may require a credit card on file even when paying with balance. Bundle contents and availability vary by country.,https://www.apple.com/apple-one/; https://support.apple.com/en-us/111766; https://support.apple.com/en-us/111741; https://support.apple.com/en-us/118245; https://support.apple.com/en-us/118205; https://www.reuters.com/technology/apple-says-it-halted-all-product-sales-russia-2022-03-01/,2026-09,/en/payment-passport-apple-one,/pasport-oplaty-apple-one
applecare-one,AppleCare One,app-stores-devices,https://www.apple.com/applecare/,"AppleCare One $19.99/month for up to 3 products, +$5.99/month per extra device (US)",19.99,,,no,unknown,unknown,Apple announced AppleCare One for customers in the U.S. only.,Launched for U.S. customers (sign-up on iPhone/iPad/Mac or Apple Store).,https://www.apple.com/newsroom/2025/07/apple-introduces-applecare-one-streamlining-coverage-into-a-single-plan/,2026-09,/en/payment-passport-applecare-one,/pasport-oplaty-applecare-one
arlo-secure,Arlo Secure,app-stores-devices,https://www.arlo.com/,Arlo Secure plans (UK from £7.99/month),,visa; mastercard; paypal; apple_pay,,no,unknown,unknown,Russia is not on Arlo's list of countries where Arlo Secure is available.,Available only in listed countries; payment method cannot be changed in the iOS app.,https://kb.arlo.com/000062249/Where-is-Arlo-Secure-available; https://www.arlo.com/en_gb/support/faq/000062542/How-do-I-change-the-payment-method-for-my-Arlo-account; https://www.arlo.com/en_gb/serviceplans,2026-09,/en/payment-passport-arlo-secure,/pasport-oplaty-arlo-secure
blink-subscription-plans,Blink Subscription Plans,app-stores-devices,https://blinkforhome.com/plans,Basic $3.99/month; Plus $11.99/month; ai tiers higher (US),3.99,,,unknown,unknown,unknown,,"Pricing varies by region; ai plans only in the US, Canada and UK; purchasable on Blink.com or Amazon.",https://blinkforhome.com/plans; https://support.blinkforhome.com/en_US/f-a-q/subscription-faq,2026-09,/en/payment-passport-blink-subscription-plans,/pasport-oplaty-blink-subscription-plans
canary-premium-service,Canary Premium Service,app-stores-devices,https://canary.is/,Premium $24.99/month or $249/year first device; $7.99/month each additional,24.99,,,unknown,unknown,unknown,,,https://help.canary.is/hc/en-us/articles/227195347-Premium-Service-FAQ; https://canary.is/premium-service,2026-09,/en/payment-passport-canary-premium-service,/pasport-oplaty-canary-premium-service
ecobee-smart-security,ecobee Smart Security,app-stores-devices,https://www.ecobee.com/,Plus $5/month; Advanced $10/month (US),5,,,no,unknown,unknown,ecobee devices are only sold and supported in the U.S. and Canada; access may be restricted under U.S. export-control rules.,Sold and supported only in the U.S. and Canada.,https://www.ecobee.com/en-us/smart-security/security-plans/; https://support.ecobee.com/s/articles/Are-ecobee-thermostats-cameras-and-sensors-available-for-purchase-outside-of-North-America,2026-09,/en/payment-passport-ecobee-smart-security,/pasport-oplaty-ecobee-smart-security
eero-plus,eero Plus,app-stores-devices,https://eero.com/eero-plus,eero Plus $9.99/month or $99.99/year (US),9.99,visa; mastercard; amex; discover; jcb; diners,,unknown,unknown,unknown,,Subscription availability varies by country; eero.com subscriptions require an eligible eero network/account; accounts with devices supplied by an ISP are not eligible. Card list is for eero online store.,https://eero.com/eero-plus; https://www.eero.com/subscriptions/learn-more; https://eero.com/support/articles/where-is-eero-available; https://support.eero.com/hc/en-us/articles/207852883-What-types-of-payment-do-you-accept,2026-09,/en/payment-passport-eero-plus,/pasport-oplaty-eero-plus
eufy-security-cloud-backup,eufy Security Cloud Backup,app-stores-devices,https://www.eufy.com/,Basic 1 device $3.99/month; Plus unlimited devices $13.99/month (US),3.99,,,unknown,unknown,unknown,,Service effective after ordering on eufy official website; prices vary by regional store.,https://service.eufy.com/article-description/Introducing-Cloud-Storage; https://www.eufy.com/policies/subscription-policy,2026-09,/en/payment-passport-eufy-security-cloud-backup,/pasport-oplaty-eufy-security-cloud-backup
ezviz-cloudplay,EZVIZ CloudPlay,app-stores-devices,https://www.ezviz.com/,CloudPlay plans from $3.99/month (US),3.99,card,,unknown,unknown,unknown,,Plan pricing and details vary among countries and regions; auto-renewal via credit card set up in the EZVIZ app.,https://www.ezviz.com/us/page/cloudplay; https://www.ezviz.com/inter/cloudplay,2026-09,/en/payment-passport-ezviz-cloudplay,/pasport-oplaty-ezviz-cloudplay
garmin-connect-plus,Garmin Connect+,app-stores-devices,https://www.garmin.com/en-US/p/1565777/,Garmin Connect+ premium app subscription,,,,unknown,unknown,unknown,,,https://www.garmin.com/en-US/p/1565777/,2026-09,/en/payment-passport-garmin-connect-plus,/pasport-oplaty-garmin-connect-plus
google-fi-wireless,Google Fi Wireless,app-stores-devices,https://fi.google.com/,Flexible plan $20/month for 1 line + $10/GB; Unlimited plans higher,20,visa; mastercard; amex; discover,,unknown,unknown,unknown,,"Primary credit/debit card in the Google Account is charged automatically. Not accepted: checks, wire/bank transfers, Western Union, MoneyGram, escrow, prepaid cards, Google Pay balance; cannot pay via bank accounts tied to the Google Account.",https://support.google.com/fi/answer/6061907?hl=en; https://fi.google.com/about/plans/flexible; https://support.google.com/fi/answer/9462098,2026-09,/en/payment-passport-google-fi-wireless,/pasport-oplaty-google-fi-wireless
google-health-premium,Google Health Premium (formerly Fitbit Premium),app-stores-devices,https://store.google.com/product/fitbit_premium,Google Health Premium from $9.99/month (US),9.99,,,no,unknown,unknown,Google's list of countries where Google Health Premium is available does not include Russia.,Available only to users 18+ in listed countries; Fitbit device or Pixel Watch required.,https://store.google.com/product/fitbit_premium?hl=en-US; https://support.google.com/fitbit/answer/14237941?hl=en,2026-09,/en/payment-passport-google-health-premium,/pasport-oplaty-google-health-premium
google-home-premium,Google Home Premium,app-stores-devices,https://store.google.com/product/google_home_premium,Standard $10/month or $100/year; Advanced $20/month or $200/year (US),10,,,unknown,unknown,unknown,,"$0 trial and purchase only in countries where Google Home Premium is sold; features vary by plan, region and device; requires a Google Account.",https://store.google.com/us/product/google_home_premium?hl=en-US; https://support.google.com/product-documentation/answer/12657252?hl=en,2026-09,/en/payment-passport-google-home-premium,/pasport-oplaty-google-home-premium
google-play-console,Google Play Console (developer account),app-stores-devices,https://play.google.com/console/,One-time US$25 developer registration fee,,visa; mastercard; amex; discover; local,visa electron,partial,no,unknown,"Russia is listed in Play Console's supported developer locations, but Google paused Play billing for users in Russia and blocks paid-app downloads/updates in Russia and Belarus.","Paid through GPay; Discover US only, Visa Electron outside US; prepaid cards not accepted; accepted card types vary by location.",https://support.google.com/googleplay/android-developer/answer/9875040?hl=en; https://support.google.com/googleplay/android-developer/answer/9306917?hl=en; https://support.google.com/googleplay/android-developer/answer/11950272,2026-09,/en/payment-passport-google-play-console,/pasport-oplaty-google-play-console
google-store,Google Store,app-stores-devices,https://store.google.com/,"Hardware store (Pixel, Nest, Fitbit) and Google Store Financing; no single subscription price",,visa; mastercard; amex; discover; jcb; paypal; local,financing; google payments balance; store credit,no,unknown,unknown,Russia is not among the regions where Google Store operates.,"Shipping address must be in the same region as the Google Store site used; accepted cards vary by country (e.g., Discover US only, JCB Japan/US only, Amex not in Poland/India).",https://support.google.com/store/answer/6160267; https://support.google.com/store/answer/2462844,2026-09,/en/payment-passport-google-store,/pasport-oplaty-google-store
home-assistant-cloud,Home Assistant Cloud (Nabu Casa),app-stores-devices,https://www.nabucasa.com/,Home Assistant Cloud 6.50 USD/month or 65 USD/year,6.5,card; paypal; apple_pay; google_pay,,unknown,unknown,unknown,,"Separate pricing for US, EU (EUR), UK (GBP), Canada (CAD) and International (USD).",https://www.nabucasa.com/pricing/,2026-09,/en/payment-passport-home-assistant-cloud,/pasport-oplaty-home-assistant-cloud
homey-premium,Homey Premium,app-stores-devices,https://homey.app/,Homey Premium €2.99/month,,app_store; google_play,,unknown,unknown,unknown,,"Purchasable only in the Homey iOS/Android app, not the Web App.",https://support.homey.app/hc/en-us/articles/4411915109138-Upgrading-to-Homey-Premium,2026-09,/en/payment-passport-homey-premium,/pasport-oplaty-homey-premium
huawei-appgallery,Huawei AppGallery,app-stores-devices,https://appgallery.huawei.com/,Paid apps and in-app purchases via HUAWEI In-App Payment,,gift_card; carrier_billing; local,bank card; huawei points; third party wallet,yes,yes,unknown,Huawei operates an official Russian support site explaining AppGallery payment-method settings.,"Mobile payment, third-party payment and HUAWEI Points only shown where supported in the user's country/region; otherwise bank card only.",https://consumer.huawei.com/nz/support/content/en-us15840529/; https://consumer.huawei.com/en/support/content/en-us00694283/; https://consumer.huawei.com/ru/support/content/ru-ru00732554/,2026-09,/en/payment-passport-huawei-appgallery,/pasport-oplaty-huawei-appgallery
huawei-cloud-storage-plans,HUAWEI Cloud storage plans,app-stores-devices,https://cloud.huawei.com/,Silver 50 GB / Gold 200 GB / Diamond 2 TB monthly or yearly,,,,unknown,unknown,unknown,,Plans may vary depending on country/region.,https://consumer.huawei.com/en/support/content/en-us00724104/,2026-09,/en/payment-passport-huawei-cloud-storage-plans,/pasport-oplaty-huawei-cloud-storage-plans
ifttt-pro,IFTTT Pro,app-stores-devices,https://ifttt.com/,Pro $2.99/month billed annually; Pro+ $8.99/month billed annually,2.99,card; paypal; app_store; google_play; local,us direct debit,unknown,unknown,unknown,,Direct debit only for US customers.,https://ifttt.com/plans; https://help.ifttt.com/hc/en-us/articles/360052714673-Billing-FAQ,2026-09,/en/payment-passport-ifttt-pro,/pasport-oplaty-ifttt-pro
imou-protect,Imou Protect,app-stores-devices,https://www.imou.com/,Imou Protect cloud plans (license key from €3.49),,,,unknown,unknown,unknown,,,https://store.imou.com/en-uk/pages/faq-imou-protect; https://store.imou.com/en-uk/products/imou-protect-service-license-key,2026-09,/en/payment-passport-imou-protect,/pasport-oplaty-imou-protect
life360-membership,Life360 Membership,app-stores-devices,https://www.life360.com/,Silver $9.99; Gold $16.99; Platinum $24.99 per month (US),9.99,card; app_store; google_play,,unknown,unknown,unknown,Life360 publishes a restricted-countries list due to US sanctions/export controls; its subsidiary Tile lists Russia as restricted.,"Memberships via Google Play, App Store or Life360.com.",https://www.life360.com/plans-pricing; https://support.life360.com/hc/en-us/articles/23053443233175-Purchase-a-Membership; https://support.life360.com/hc/en-us/articles/30582893684759-Restricted-Countries,2026-09,/en/payment-passport-life360-membership,/pasport-oplaty-life360-membership
microsoft-complete,Microsoft Complete,app-stores-devices,https://www.microsoft.com/en-us/store/b/microsoft-complete,Extended protection plan for Surface/Xbox; price varies by device and market,,card; paypal; bank_transfer; carrier_billing,,no,unknown,unknown,"Microsoft suspended all new sales of products and services in Russia on March 4, 2022.",Available for select devices depending on market; Microsoft account payment methods vary by region.,https://www.microsoft.com/en-us/store/b/microsoft-complete; https://support.microsoft.com/en-US/accounts-billing/add-a-new-bank-or-credit-card-to-your-microsoft-account; https://blogs.microsoft.com/on-the-issues/2022/03/04/microsoft-suspends-russia-sales-ukraine-conflict/,2026-09,/en/payment-passport-microsoft-complete,/pasport-oplaty-microsoft-complete
microsoft-store,Microsoft Store (Windows),app-stores-devices,https://apps.microsoft.com/,"Apps, games and digital content purchases",,card; paypal; bank_transfer; gift_card; carrier_billing,,no,yes,unknown,"Microsoft suspended all new sales of products and services in Russia on March 4, 2022.",Not all payment methods are supported in all regions; to add a payment method for another country you must first change the account's country/region.,https://support.microsoft.com/en-US/accounts-billing/add-a-new-bank-or-credit-card-to-your-microsoft-account; https://www.microsoft.com/en-us/store/b/gift-cards; https://blogs.microsoft.com/on-the-issues/2022/03/04/microsoft-suspends-russia-sales-ukraine-conflict/,2026-09,/en/payment-passport-microsoft-store,/pasport-oplaty-microsoft-store
myq-video-monitoring,myQ Video Monitoring,app-stores-devices,https://www.myq.com/,Essential $7.99/month; Ultra $14.99/month (US),7.99,,,unknown,unknown,unknown,,,https://www.myq.com/solutions/video-storage-subscription,2026-09,/en/payment-passport-myq-video-monitoring,/pasport-oplaty-myq-video-monitoring
netgear-armor,NETGEAR Armor,app-stores-devices,https://www.netgear.com/home/services/armor/,NETGEAR Armor annual subscription,,visa; mastercard; amex; discover,,unknown,unknown,unknown,,Billing address on the order must match the credit card account; billing addresses outside the US may be charged by a NETGEAR subsidiary; EU/China billed by Netgear Luxembourg Sarl.,https://www.netgear.com/home/services/armor/; https://www.netgear.com/about/payment-policy/,2026-09,/en/payment-passport-netgear-armor,/pasport-oplaty-netgear-armor
oura-membership,Oura Membership,app-stores-devices,https://ouraring.com/,Oura Membership $5.99/month or $69.99/year (US),5.99,visa; mastercard; amex; discover; paypal; local,hsa fsa,unknown,no,unknown,Membership only in Oura's supported countries; Russia not documented as supported.,"Requires a credit card with a billing address from a supported country (UPI in India). Some countries limited to Maestro/Mastercard/Visa. Oura gift cards, financing and BNPL cannot pay membership fees.",https://support.ouraring.com/hc/en-us/articles/4409086524819-Oura-Membership; https://support.ouraring.com/hc/en-us/articles/25536632507155-Oura-Gift-Cards,2026-09,/en/payment-passport-oura-membership,/pasport-oplaty-oura-membership
peloton-app,Peloton App,app-stores-devices,https://www.onepeloton.com/app,Peloton App+ $12.99/month or $129/year (US web; iOS $15.99/month),12.99,visa; mastercard; amex; discover; apple_pay; klarna,,unknown,unknown,unknown,,Price differs by country and platform (iOS higher).,https://support.onepeloton.com/s/article/Peloton-Membership-Understanding-Your-App-Membership; https://www.onepeloton.com/payment-options,2026-09,/en/payment-passport-peloton-app,/pasport-oplaty-peloton-app
philips-hue-secure-plans,Philips Hue Secure plans,app-stores-devices,https://www.philips-hue.com/,Basic $39.99 per camera/year; Plus $99.99/year (US),,app_store; google_play,,unknown,unknown,unknown,,Plans are purchased in the Hue app via App Store/Play Store.,https://www.philips-hue.com/en-us/explore-hue/propositions/smart-home-security/subscription-plans; https://www.philips-hue.com/en-us/support/topic/secure-plans/100068,2026-09,/en/payment-passport-philips-hue-secure-plans,/pasport-oplaty-philips-hue-secure-plans
reolink-cloud,Reolink Cloud,app-stores-devices,https://reolink.com/,Reolink Cloud plans (Basic/Standard/Premier/Business); price varies by storage location,,visa; mastercard; amex; discover; paypal; sepa; sofort,,unknown,unknown,unknown,,Availability depends on camera model and country/region; plans shown per storage location set by account country or IP; SEPA/Sofort only in 6 European countries.,https://support.reolink.com/hc/en-us/articles/900000744466-What-Kind-of-Payment-Methods-do-You-Support/; https://support.reolink.com/hc/en-us/articles/360012083433/,2026-09,/en/payment-passport-reolink-cloud,/pasport-oplaty-reolink-cloud
ring-home,Ring Home (Ring subscription plans),app-stores-devices,https://ring.com/plans,Ring Solo $4.99/month; Multi $9.99/month; Pro $19.99/month (US),4.99,card; apple_pay; google_pay,,unknown,unknown,unknown,Russia is not on Ring's list of shipping countries.,"Plan pricing and availability vary by country; Australian support lists credit/debit card, Apple Pay and Google Pay for subscriptions.",https://ring.com/plans; https://ring.com/au/en/support/articles/391um/Payment-Method-FAQs; https://ring.com/shipping-and-returns,2026-09,/en/payment-passport-ring-home,/pasport-oplaty-ring-home
samsung-care-plus,Samsung Care+,app-stores-devices,https://www.samsung.com/us/support/samsung-care-plus/,Device protection plan; cost varies by device (monthly or 2-year upfront),,card,,unknown,unknown,unknown,,Enrollment on Samsung.com at device purchase or within 60 days; monthly billing auto-charged to the credit card provided at enrollment (US program).,https://www.samsung.com/us/support/samsung-care-plus/faqs/,2026-09,/en/payment-passport-samsung-care-plus,/pasport-oplaty-samsung-care-plus
samsung-galaxy-store,Samsung Galaxy Store,app-stores-devices,https://galaxystore.samsung.com/,"Paid apps, themes and in-app purchases",,card; paypal; carrier_billing; local,regional methods; samsung pay,unknown,unknown,unknown,A 2020 Galaxy Store Seller Portal notice lists Russia among Galaxy Store countries; current paid-content status in Russia not documented in sources reviewed. Samsung suspended device shipments to Russia in March 2022 (Reuters).,"Samsung IAP supports credit cards by default where Galaxy Store is a paid service; phone bill, PayPal, Samsung Pay and local methods only in some countries.",https://developer.samsung.com/iap/faq.html; https://seller.samsungapps.com/notice/getNoticeDetail.as?csNoticeID=0000004723; https://www.reuters.com/technology/samsung-elec-says-shipments-russia-suspended-donating-6-mln-aid-2022-03-04/,2026-09,/en/payment-passport-samsung-galaxy-store,/pasport-oplaty-samsung-galaxy-store
setapp,Setapp,app-stores-devices,https://setapp.com/,Mac $14.99/month; Mac+iOS $18.99; Power User $22.99,14.99,visa; mastercard; amex; discover; jcb; diners; maestro; paypal; apple_pay,,no,yes,unknown,Setapp terminated its services in Russia and Belarus.,Fees charged in USD worldwide; bank transfer only for Setapp for Teams; taxes by country.,https://setapp.com/pricing; https://support.setapp.com/hc/en-us/articles/360010200480-Manage-payments-and-billing; https://setapp.com/truth-about-ukraine; https://setapp.com/gift-cards,2026-09,/en/payment-passport-setapp,/pasport-oplaty-setapp
simplisafe-monitoring,SimpliSafe monitoring,app-stores-devices,https://simplisafe.com/,"Monitoring plans $0.33–$2.66/day (US), e.g. Core $1.10/day",,card; gift_card,,unknown,yes,unknown,,"UK terms: credit cards, debit cards and SimpliSafe Gift Cards accepted.",https://support.simplisafe.com/pages/monitoring-plans; https://simplisafe.co.uk/legal/terms-sale,2026-09,/en/payment-passport-simplisafe-monitoring,/pasport-oplaty-simplisafe-monitoring
tapo-care,Tapo Care,app-stores-devices,https://www.tapo.com/,"Tapo Care Cloud $3.49/month (up to 2 devices, US)",3.49,card; paypal; app_store; google_play,,unknown,unknown,unknown,,"Plans differ by region; subscriptions via App Store, Google Play or Tapo Care website.",https://www.tp-link.com/us/tapocare/; https://www.tp-link.com/us/support/faq/4028/; https://www.tapo.com/en/faq/101/,2026-09,/en/payment-passport-tapo-care,/pasport-oplaty-tapo-care
tile-premium,Tile Premium,app-stores-devices,https://www.tile.com/,Premium $2.99/month or $29.99/year; Premium Protect $99.99/year (US),2.99,,,no,unknown,unknown,Tile lists Russia among countries where Tile is not available due to sanctions and export-control laws.,Pricing in local currency plus tax/VAT; Tile not available in restricted countries.,https://support.thetileapp.com/hc/en-us/articles/4409368877847-Tile-Premium-and-Premium-Protect-Pricing; https://support.thetileapp.com/hc/en-us/articles/22773783868055-Restricted-Countries,2026-09,/en/payment-passport-tile-premium,/pasport-oplaty-tile-premium
whoop-membership,WHOOP Membership,app-stores-devices,https://www.whoop.com/,WHOOP One $199/year; Peak $239/year; Life $359/year (US),,card,,unknown,yes,unknown,,Terms require a valid credit card or accepted payment-provider account.,https://www.whoop.com/us/en/membership/; https://www.whoop.com/us/en/whoop-terms-of-use/; https://www.whoop.com/us/en/gifting/,2026-09,/en/payment-passport-whoop-membership,/pasport-oplaty-whoop-membership
wyze-cam-plus-wyze-services,Wyze Cam Plus / Wyze services,app-stores-devices,https://www.wyze.com/,Cam Plus $2.99/month per camera,2.99,visa; mastercard; amex; discover; paypal; amazon_pay; klarna,,unknown,no,unknown,,Wyze Services accept only valid US and Canadian credit/debit cards; gift cards not accepted. Amazon Pay not accepted for Canadian purchases (store).,https://support.wyze.com/hc/en-us/articles/17403200429339-How-do-I-manage-my-payment-methods; https://support.wyze.com/hc/en-us/articles/360032073752-What-payment-methods-do-you-accept,2026-09,/en/payment-passport-wyze-cam-plus-wyze-services,/pasport-oplaty-wyze-cam-plus-wyze-services
xiaomi-cloud-membership,Xiaomi Cloud membership,app-stores-devices,https://i.mi.com/,Gold 50 GB 72 CNY/year; Platinum 200 GB 252 CNY/year; Diamond 2 TB 816 CNY/year (China),,,,unknown,unknown,unknown,Xiaomi states Xiaomi Cloud is available in all markets; paid-plan availability/pricing in Russia not documented.,,https://i.mi.com/guide/zh-CN/membership/overview; https://trust.mi.com/docs/miui-privacy-white-paper-global/4/1; https://www.mi.com/global/support/article/KA-07442/,2026-09,/en/payment-passport-xiaomi-cloud-membership,/pasport-oplaty-xiaomi-cloud-membership
8x8,8x8,business-comm,https://www.8x8.com,X Series plans (quote-based),,card,,no,unknown,unknown,8x8 country availability documentation marks Russia as unavailable (reason: International Conflict).,,https://www.8x8.com/products/plans-and-pricing; https://docs.8x8.com/8x8WebHelp/8x8Account_Manager/Content/3ManageBilling/BillingEnterpriseUsers.htm; https://support-portal.8x8.com/helpcenter/documents/7961/attachments/10865,2026-09,/en/payment-passport-8x8,/pasport-oplaty-8x8
aircall,Aircall,business-comm,https://aircall.io,Essentials $30/user/month (annual),30,card; bank_transfer; sepa; local,bacs; becs,unknown,unknown,unknown,,Bank debit methods (SEPA/ACH/BACS/BECS) are region-specific.,https://aircall.io/pricing/; https://support.aircall.io/en-gb/articles/10375356173469,2026-09,/en/payment-passport-aircall,/pasport-oplaty-aircall
bigcommerce,BigCommerce,business-comm,https://www.bigcommerce.com,Standard/Core $39/month ($29 annual),39,card,,unknown,unknown,unknown,,,https://www.bigcommerce.com/essentials/pricing/; https://support.bigcommerce.com/s/article/Account-Dashboard?language=en_US,2026-09,/en/payment-passport-bigcommerce,/pasport-oplaty-bigcommerce
bird,Bird (MessageBird),business-comm,https://bird.com,Usage-based messaging/CPaaS (pay-as-you-go),,card; bank_transfer; sepa,,partial,unknown,unknown,Official Russia docs: SMS to Russia is best-effort with operator filtering; supported-countries page notes sanctions restrictions change.,,https://bird.com/en-us/pricing; https://docs.bird.com/connectivity-platform/payment-billing/payment-methods-we-support; https://docs.bird.com/connectivity-platform/country-restrictions-and-regulations/russia; https://bird.com/en-sg/docs/knowledge-base/policies/supported-countries,2026-09,/en/payment-passport-bird,/pasport-oplaty-bird
brevo,Brevo,business-comm,https://www.brevo.com,Starter from $9/month,9,card; paypal; sepa; local,ach (US billing country); bank transfer (French public institutions); credit/debit card (Adyen); sepa direct debit (European billing country),unknown,unknown,unknown,,SEPA/ACH availability depends on billing country; prepaid debit cards not accepted.,https://help.brevo.com/hc/en-us/articles/208589409-About-Brevo-s-pricing-plans; https://help.brevo.com/hc/en-us/articles/209296265-Available-payment-methods-in-Brevo; https://help.brevo.com/hc/en-us/articles/209465785; https://www.brevo.com/pricing/,2026-09,/en/payment-passport-brevo,/pasport-oplaty-brevo
carrd,Carrd,business-comm,https://carrd.co,Pro Lite $9/year (~$0.75/month),0.75,card; paypal,,unknown,unknown,unknown,,,https://carrd.co/docs/pro/plans; https://carrd.co/docs/account/saving-payment-methods; https://carrd.com/docs/account/saving-payment-methods,2026-09,/en/payment-passport-carrd,/pasport-oplaty-carrd
crisp,Crisp,business-comm,https://crisp.chat,Mini plan $45/workspace/month,45,card; paypal; sepa,,unknown,unknown,unknown,,,https://crisp.chat/en/pricing/; https://help.crisp.chat/en/article/which-payment-methods-are-supported-by-crisp-5xp0ou/,2026-09,/en/payment-passport-crisp,/pasport-oplaty-crisp
dialpad,Dialpad,business-comm,https://www.dialpad.com,Standard $15/user/month (annual),15,card,,unknown,unknown,unknown,Russia not listed on Dialpad coverage page; no explicit statement.,Credit card verification required per help doc.,https://www.dialpad.com/pricing/; https://help.dialpad.com/docs/dialpad-billing-faqs; https://help.dialpad.com/credit-card-verification; https://www.dialpad.com/coverage/,2026-09,/en/payment-passport-dialpad,/pasport-oplaty-dialpad
duda,Duda,business-comm,https://www.duda.co,Basic $25/month ($19 annual),25,card,,unknown,unknown,unknown,,,https://www.duda.co/pricing; https://support.duda.co/hc/en-us/articles/26518300801559-Your-Account-Billing,2026-09,/en/payment-passport-duda,/pasport-oplaty-duda
ecwid-by-lightspeed,Ecwid by Lightspeed,business-comm,https://www.ecwid.com,Venture plan $35/month ($29 annual),35,visa; mastercard; paypal; sepa,,no,unknown,unknown,RBC/Habr reported Ecwid closing access for Russia-based sellers (Sept 2024).,SEPA Direct Debit only in selected EU countries for annual EUR plans.,https://www.ecwid.com/pricing; https://support.ecwid.com/hc/en-us/articles/207101949-Purchasing-a-paid-plan; https://support.ecwid.com/hc/en-us/articles/360005926839-Updating-or-changing-payment-method-for-Ecwid-services; https://amp.rbc.ru/rbcnews/technology_and_media/10/09/2024/66e062d99a79479e9569bdae; https://habr.com/ru/news/834688/,2026-09,/en/payment-passport-ecwid-by-lightspeed,/pasport-oplaty-ecwid-by-lightspeed
freshworks,Freshworks (Freshdesk),business-comm,https://www.freshworks.com,Freshdesk Growth $19/agent/month billed annually,19,visa; mastercard; amex; discover; local,check,unknown,unknown,unknown,Freshworks publishes a Russia VAT FAQ; no official availability restriction page found.,Amex and Discover not accepted for INR billing.,https://www.freshworks.com/freshdesk/pricing/; https://www.freshworks.com/crm/pricing/; https://www.freshworks.com/company/faq/russia-vat8/,2026-09,/en/payment-passport-freshworks,/pasport-oplaty-freshworks
front,Front,business-comm,https://front.com,Starter $19/seat/month,19,card; bank_transfer; local,wire,unknown,unknown,unknown,,Direct ACH debit only for US customers; wire/ACH for annual contracts over $12K.,https://front.com/pricing,2026-09,/en/payment-passport-front,/pasport-oplaty-front
ghost,Ghost(Pro),business-comm,https://ghost.org,Starter $15/month (annual $9),15,visa; mastercard; amex; apple_pay; google_pay,,unknown,unknown,no,,"Official page: no crypto, no PayPal, no non-recurring bank transfers.",https://ghost.org/pricing/; https://ghost.org/help/payment-methods/,2026-09,/en/payment-passport-ghost,/pasport-oplaty-ghost
gorgias,Gorgias,business-comm,https://www.gorgias.com,Starter $10/month (50 tickets),10,card; local,shopify billing,unknown,unknown,unknown,,,https://www.gorgias.com/pricing; https://docs.gorgias.com/en-US/add-or-change-your-payment-method-1006752,2026-09,/en/payment-passport-gorgias,/pasport-oplaty-gorgias
goto-meeting,GoTo Meeting,business-comm,https://www.goto.com,"GoTo Meeting Professional (per organizer/month, billed annually)",,card; paypal; direct_debit,,unknown,unknown,unknown,,Supported payment methods and currencies vary by country (official support page).,https://www.goto.com/pricing/meeting; https://support.goto.com/connect/help/supported-payment-methods-and-currencies,2026-09,/en/payment-passport-goto-meeting,/pasport-oplaty-goto-meeting
gumroad,Gumroad,business-comm,https://gumroad.com,No monthly fee; percentage fee per sale,,visa; mastercard; amex; discover; paypal; apple_pay; google_pay; bank_transfer; local,UPI,partial,no,no,Creator payouts only to supported bank-payout countries or PayPal; Russia is not in the supported bank payout list.,Buyer payment methods depend on buyer location; payouts only to a local bank in a supported country or PayPal.,https://gumroad.com/pricing; https://gumroad.com/help/article/66-gumroads-fees.html; https://gumroad.com/help/article/191-a-guide-to-buying-on-gumroad; https://gumroad.com/help/article/351-ach-direct-debit-at-checkout; https://gumroad.com/help/article/13-getting-paid,2026-09,/en/payment-passport-gumroad,/pasport-oplaty-gumroad
help-scout,Help Scout,business-comm,https://www.helpscout.com,Standard $25/user/month,25,visa; mastercard; amex; discover; bank_transfer; local,wire,no,unknown,unknown,Official doc: access restricted for Russia and Belarus.,Wire/ACH available only for some annual payments.,https://www.helpscout.com/pricing/; https://docs.helpscout.com/article/1589-restricted-access-for-russia-and-belarus,2026-09,/en/payment-passport-help-scout,/pasport-oplaty-help-scout
hostinger-website-builder,Hostinger Website Builder,business-comm,https://www.hostinger.com,"Premium website builder $11.99/month renewal ($2.99 intro, 48-month)",11.99,visa; mastercard; amex; discover; paypal; apple_pay; google_pay; crypto,,no,unknown,yes,"Official: services unavailable in Russia, Belarus and other sanctioned countries; stopped accepting payments from Russia/Belarus (2022).",Terms bar residents of comprehensively sanctioned countries; login blocked from sanctioned-country IPs.,https://www.hostinger.com/pricing?content=website-builder; https://www.hostinger.com/support/1583236-what-payment-methods-are-available-at-hostinger/; https://www.hostinger.com/support/1583271-are-hostinger-services-available-for-purchase-in-every-country/; https://www.hostinger.com/legal/universal-terms-of-service-agreement,2026-09,/en/payment-passport-hostinger-website-builder,/pasport-oplaty-hostinger-website-builder
hubspot,HubSpot,business-comm,https://www.hubspot.com,Starter Customer Platform from $20/mo/seat (Starter hubs $7/mo/seat),20,visa; mastercard; amex; discover; jcb; diners; bank_transfer,,no,unknown,unknown,Russian tech press (vc.ru) reported HubSpot disabling accounts of Russia-based users from 12 Sept 2024; no current official availability page found.,ACH limited to United States; local bank-debit methods are country-specific (per HubSpot payments docs).,https://www.hubspot.com/pricing/crm; https://knowledge.hubspot.com/payment-processing/payments-frequently-asked-questions; https://vc.ru/services/1399278-razrabotchik-po-dlya-marketologov-hubspot-otklyuchit-akkaunty-polzovatelei-iz-rossii-s-12-sentyabrya-2024-goda,2026-09,/en/payment-passport-hubspot,/pasport-oplaty-hubspot
intercom,Intercom,business-comm,https://www.intercom.com,Essential $29/seat/month,29,card; bank_transfer; local,wire,unknown,unknown,unknown,,ACH/wire only for annual contracts paying upfront; contract fixes payment method.,https://www.intercom.com/pricing; https://www.intercom.com/help/en/articles/8367468-understand-how-billing-works-for-a-monthly-or-annual-subscription; https://www.intercom.com/help/en/articles/9271870-understand-how-billing-works-on-contract,2026-09,/en/payment-passport-intercom,/pasport-oplaty-intercom
jimdo,Jimdo,business-comm,https://www.jimdo.com,Start $9/month (annual),9,visa; mastercard; amex; paypal; bank_transfer,,unknown,unknown,unknown,,Payment options depend on country; bank transfer only for certain renewals.,https://www.jimdo.com/pricing/website/; https://help.jimdo.com/hc/en-us/articles/115005523583-Which-payment-options-can-I-use; https://help.jimdo.com/hc/en-us/articles/360017823231-How-do-I-pay-the-invoice-for-my-Jimdo-website,2026-09,/en/payment-passport-jimdo,/pasport-oplaty-jimdo
lemon-squeezy,Lemon Squeezy,business-comm,https://www.lemonsqueezy.com,No monthly fee; 5% + $0.50 per transaction,,visa; mastercard; amex; discover; jcb; diners; unionpay; paypal; apple_pay; google_pay,,no,unknown,no,Official supported-countries doc: Russian Federation listed under 'unsupported countries for purchases'.,Cannot accept payments from customers in listed unsupported countries.,https://www.lemonsqueezy.com/pricing; https://docs.lemonsqueezy.com/help/checkout/payment-methods; https://docs.lemonsqueezy.com/help/getting-started/supported-countries,2026-09,/en/payment-passport-lemon-squeezy,/pasport-oplaty-lemon-squeezy
livechat,LiveChat,business-comm,https://www.livechat.com,Starter $19/person/month billed annually,19,visa; mastercard; amex; discover; jcb; diners,,unknown,unknown,unknown,No official Russia restriction found (Russian-language site exists).,,https://www.livechat.com/pricing/; https://www.livechat.com/help/managing-the-subscription-ppa/,2026-09,/en/payment-passport-livechat,/pasport-oplaty-livechat
livestorm,Livestorm,business-comm,https://livestorm.co,"Pro plan (attendee-based, per month)",,card,,no,unknown,unknown,Livestorm blog: suspended all business in Russia and Belarus in response to the invasion of Ukraine.,,https://livestorm.co/pricing; https://support.livestorm.co/article/25-plans-pricing-mac; https://livestorm.co/blog/support-for-ukraine,2026-09,/en/payment-passport-livestorm,/pasport-oplaty-livestorm
mailchimp,Mailchimp,business-comm,https://mailchimp.com,Standard from $20/month,20,visa; mastercard; amex; discover; paypal; ideal; local,sepa direct debit (select countries),no,unknown,unknown,Mailchimp (Intuit) left Russia in March 2022 and closed Russia-based accounts (Access Now reporting).,Billing address and currency determine available payment options.,https://mailchimp.com/pricing/marketing/; https://mailchimp.com/help/update-payment-method/; https://www.accessnow.org/mailchimp-is-still-silencing-activists-in-russia/; https://mailchimp.com/help/about-payment-methods/; https://mailchimp.com/legal/terms/; https://www.wired.com/story/russia-ukraine-internet-shutdown-tech-companies/,2026-09,/en/payment-passport-mailchimp,/pasport-oplaty-mailchimp
mattermost,Mattermost,business-comm,https://mattermost.com,Professional $10/user/month (annual),10,card,,no,unknown,unknown,Mattermost blog: stopped sales and support to Russia/Belarus (policy change due to conflict in Ukraine).,,https://mattermost.com/pricing/; https://docs.mattermost.com/administration-guide/configure/cloud-billing-account-settings; https://mattermost.com/blog/mattermost-policy-changes-due-to-conflict-in-ukraine/,2026-09,/en/payment-passport-mattermost,/pasport-oplaty-mattermost
microsoft-teams-essentials,Microsoft Teams Essentials,business-comm,https://www.microsoft.com/en-us/microsoft-teams,Teams Essentials $4/user/month (annual),4,visa; mastercard; amex; discover; paypal; bank_transfer; direct_debit,,partial,unknown,unknown,Microsoft suspended new sales in Russia (2022); further cloud-service restrictions to Russian entities reported by TASS.,Available payment methods depend on billing country/region (Microsoft docs).,https://www.microsoft.com/en-us/microsoft-teams/compare-microsoft-teams-business-options; https://learn.microsoft.com/en-us/microsoft-365/commerce/billing-and-payments/manage-payment-methods?view=o365-worldwide; https://learn.microsoft.com/en-us/microsoft-365/commerce/billing-and-payments/pay-for-your-subscription?view=o365-worldwide; https://tass.com/economy/1762159,2026-09,/en/payment-passport-microsoft-teams-essentials,/pasport-oplaty-microsoft-teams-essentials
nextiva,Nextiva,business-comm,https://www.nextiva.com,Core $15/user/month (annual),15,card; bank_transfer,,unknown,unknown,unknown,,,https://www.nextiva.com/nextiva-pricing; https://help.nextiva.com/article/making-a-payment,2026-09,/en/payment-passport-nextiva,/pasport-oplaty-nextiva
openphone,OpenPhone,business-comm,https://www.openphone.com,Starter $15/user/month (annual) / $19 monthly,19,card,,unknown,unknown,unknown,Service is for US/Canada numbers; Russia not documented.,,https://www.openphone.com/pricing,2026-09,/en/payment-passport-openphone,/pasport-oplaty-openphone
otter-ai,Otter.ai,business-comm,https://otter.ai,Pro $16.99/user/month ($8.33 annual),16.99,card,,unknown,unknown,unknown,,,https://otter.ai/pricing; https://help.otter.ai/hc/en-us/articles/8560997752983-Update-add-or-delete-your-payment-method,2026-09,/en/payment-passport-otter-ai,/pasport-oplaty-otter-ai
pipedrive,Pipedrive,business-comm,https://www.pipedrive.com,Essential plan US$14/seat/month billed annually,14,visa; mastercard; amex; paypal,,no,unknown,unknown,Official FAQ: Pipedrive stopped providing services in Russia and Belarus.,PayPal not available to UK customers; cards 'available in most regions'.,https://www.pipedrive.com/en/pricing; https://support.pipedrive.com/en/article/pipedrive-services-in-russia-and-belarus-faq,2026-09,/en/payment-passport-pipedrive,/pasport-oplaty-pipedrive
ringcentral,RingCentral,business-comm,https://www.ringcentral.com,RingEX Core $20/user/month (annual),20,card; bank_transfer,,unknown,unknown,unknown,,,https://www.ringcentral.com/office/plansandpricing.html; https://partnersupport.ringcentral.com/article-v2/RingCentral-Billing-FAQ.html?brand=RingCentral&language=en_US&product=RingEX,2026-09,/en/payment-passport-ringcentral,/pasport-oplaty-ringcentral
salesforce,Salesforce,business-comm,https://www.salesforce.com,Starter Suite $25/user/month,25,card; bank_transfer,,no,unknown,unknown,Official Trust notice: under US/EU/UK sanctions Salesforce restricts provision of software/services to Russia and requires customers/partners to comply.,,https://www.salesforce.com/crm/pricing/; https://status.salesforce.com/generalmessages/10001498,2026-09,/en/payment-passport-salesforce,/pasport-oplaty-salesforce
sellfy,Sellfy,business-comm,https://sellfy.com,Starter $29/month ($22 annual),29,visa; mastercard; amex; paypal; apple_pay; google_pay,,unknown,unknown,unknown,,PayPal must have a linked card (wallet balance not accepted for recurring subscription).,https://sellfy.com/pricing/; https://docs.sellfy.com/article/129-how-to-manage-your-subscription-and-billing; https://docs.sellfy.com/article/375-how-to-add-payment-options,2026-09,/en/payment-passport-sellfy,/pasport-oplaty-sellfy
squarespace,Squarespace,business-comm,https://www.squarespace.com,Basic website plan (from $16/month annual; monthly higher),19.0,visa; mastercard; amex; discover; jcb; diners; paypal; apple_pay; google_pay; sepa; local,link wallet,unknown,unknown,unknown,,PayPal only for non-US residents and not for certain currencies; SEPA in eligible EU countries.,https://www.squarespace.com/pricing; https://support.squarespace.com/hc/en-us/articles/115016047168-Accepted-payment-methods-for-your-Squarespace-subscriptions; https://www.squarespace.com/about/faq,2026-09,/en/payment-passport-squarespace,/pasport-oplaty-squarespace
tidio,Tidio,business-comm,https://www.tidio.com,Starter plan (~$29/month; $24.17 annual),29,card,,unknown,unknown,unknown,,,https://www.tidio.com/pricing/; https://help.tidio.com/hc/en-us/articles/5423267856540-Upgrading-your-Account,2026-09,/en/payment-passport-tidio,/pasport-oplaty-tidio
vonage,Vonage,business-comm,https://www.vonage.com,Vonage Business Communications Mobile $19.99/line/month (list) ,19.99,card; paypal,,no,unknown,unknown,Vonage API support: Russia listed among countries where Vonage API does not operate; Russia SMS restrictions page.,,https://www.vonage.com/unified-communications/pricing/; https://api.support.vonage.com/hc/en-us/articles/213129327-Which-payment-methods-can-I-use-to-add-funds-to-my-Vonage-API-account; https://api.support.vonage.com/hc/en-us/articles/22618590085148-Are-there-countries-where-Vonage-API-does-not-operate; https://api.support.vonage.com/hc/en-us/articles/204017713-Russia-SMS-Features-and-Restrictions,2026-09,/en/payment-passport-vonage,/pasport-oplaty-vonage
webex,Webex,business-comm,https://www.webex.com,Webex Meet paid plan (per license/month; price shown regionally),,card,,no,unknown,unknown,Official: Webex App not available in Russia and Belarus (export control restricted list).,,https://pricing.webex.com/us/en/hybrid-work/meetings/; https://help.webex.com/en-us/article/n6fwepj/Where-is-Webex-available; https://help.webex.com/en-us/article/sdfysb,2026-09,/en/payment-passport-webex,/pasport-oplaty-webex
weebly,Weebly,business-comm,https://www.weebly.com,Personal $16 month-to-month ($13 annual),16,card,,no,unknown,unknown,Weebly (Square) is winding down in 67 countries incl. Russia and Belarus; sites unpublished 27 Sept 2026 (Khaleej Times).,,https://www.weebly.com/pricing; https://www.weebly.com/app/help/us/en/topics/manage-your-weebly-services-and-billing; https://www.khaleejtimes.com/business/tech/weebly-websites-shut-down-uae-66-more-countries-september,2026-09,/en/payment-passport-weebly,/pasport-oplaty-weebly
whereby,Whereby,business-comm,https://whereby.com,Pro $10.99/month,10.99,card,,unknown,unknown,unknown,,,https://whereby.com/information/meetings/pricing,2026-09,/en/payment-passport-whereby,/pasport-oplaty-whereby
wordpress-com,WordPress.com,business-comm,https://wordpress.com,Personal US$9/month (US$4/month annual),9,visa; mastercard; amex; discover; paypal; apple_pay; google_pay,,unknown,unknown,unknown,,"Payment methods vary by country (PayPal, Apple Pay/Google Pay where supported).",https://wordpress.com/pricing/; https://wordpress.com/support/payment/; https://wordpress.com/support/payment/payment-methods-paypal/; https://wordpress.com/support/payment/payment-methods-apple-pay-and-google-pay/,2026-09,/en/payment-passport-wordpress-com,/pasport-oplaty-wordpress-com
zendesk,Zendesk,business-comm,https://www.zendesk.com,Suite Team $55/agent/month billed annually,55,visa; mastercard; amex; paypal; direct_debit,,no,unknown,unknown,Zendesk newsroom: suspended sales and services in Russia and Belarus after the invasion of Ukraine.,Self-service accounts pay by card or PayPal; other methods via account representative.,https://support.zendesk.com/hc/en-us/articles/4408837764122-What-forms-of-payment-does-Zendesk-accept; https://support.zendesk.com/hc/en-us/articles/4408821572506-Managing-payments; https://www.zendesk.com/newsroom/articles/supporting-ukraine/,2026-09,/en/payment-passport-zendesk,/pasport-oplaty-zendesk
zoho-crm,Zoho CRM,business-comm,https://www.zoho.com/crm/,Standard plan (per user/month; USD price shown regionally),,visa; mastercard; amex; discover; local,check,no,unknown,unknown,Zoho Accounts FAQ lists Russia among sanctioned countries/regions: sign-up from the location and use of +7 mobile numbers is blocked.,"Sign-up blocked for users located in, or using mobile numbers with the country code of, sanctioned countries; Amex/Discover not accepted for INR.",https://www.zoho.com/crm/zohocrm-pricing.html; https://help.zoho.com/portal/en/kb/accounts/faqs-troubleshooting/faqs/account/articles/account-restrictions-for-sanctioned-countries-regions; https://www.freshworks.com/crm/pricing/,2026-09,/en/payment-passport-zoho-crm,/pasport-oplaty-zoho-crm
a2-hosting,A2 Hosting (hosting.com),cloud-hosting,https://www.a2hosting.com,Shared web hosting from $3.99/month,3.99,,,unknown,unknown,unknown,,,https://www.a2hosting.com/web-hosting/,2026-09,/en/payment-passport-a2-hosting,/pasport-oplaty-a2-hosting
alibaba-cloud,Alibaba Cloud (International),cloud-hosting,https://www.alibabacloud.com,Usage-based ECS/cloud services,,visa; mastercard; amex; discover; jcb; diners; unionpay; paypal; apple_pay; google_pay; bank_transfer; crypto; alipay,,unknown,no,yes,,"Available methods depend on the contracting entity determined by billing address; prepaid, virtual and gift cards rejected; stablecoin crypto (TripleA) only for Singapore-entity accounts.",https://www.alibabacloud.com/help/en/user-center/instruction-of-payment-management/,2026-09,/en/payment-passport-alibaba-cloud,/pasport-oplaty-alibaba-cloud
bluehost,Bluehost,cloud-hosting,https://www.bluehost.com,Shared hosting Basic $3.99/month promo (renews $9.99/month),3.99,card; paypal; bank_transfer; local,digital wallet,unknown,unknown,unknown,,"Wire transfer only for certain renewals; new signups cannot pay by check, money order, purchase order or wire.",https://www.bluehost.com/help/article/payment-types-accepted; https://www.bluehost.com/hosting/shared,2026-09,/en/payment-passport-bluehost,/pasport-oplaty-bluehost
cloudways,Cloudways,cloud-hosting,https://www.cloudways.com,Managed cloud hosting from $11/month,11.0,visa; mastercard; amex; discover; paypal,,unknown,unknown,unknown,,PayPal available as recurring method after trial/upgrade.,https://support.cloudways.com/en/articles/5119615-how-does-cloudways-payment-system-work; https://www.cloudways.com/en/pricing.php,2026-09,/en/payment-passport-cloudways,/pasport-oplaty-cloudways
contabo,Contabo,cloud-hosting,https://contabo.com,Cloud VPS plans,,card; paypal; bank_transfer; direct_debit; local,skrill,no,unknown,no,Contabo terms list Russia among countries/territories whose customers it may refuse to contract with and who must not use the services.,Terms list countries from which Contabo may refuse contracts; customer undertakes not to use services from those locations.,https://help.contabo.com/en/support/solutions/articles/103000269311-which-currencies-are-accepted-by-contabo-; https://contabo.com/en/legal/terms-and-conditions/,2026-09,/en/payment-passport-contabo,/pasport-oplaty-contabo
dreamhost,DreamHost,cloud-hosting,https://www.dreamhost.com,Shared Starter $2.89/month promo (renews $10.99/month),2.89,visa; mastercard; amex; discover; diners; paypal; local,ach echeck; check,unknown,unknown,no,,Docs note some international or prepaid cards may be declined by the issuing institution; cryptocurrency not available.,https://help.dreamhost.com/hc/en-us/articles/215202687-Payment-methods; https://www.dreamhost.com/hosting/shared/,2026-09,/en/payment-passport-dreamhost,/pasport-oplaty-dreamhost
dynadot,Dynadot,cloud-hosting,https://www.dynadot.com,Domain registration (per-TLD annual pricing),,unionpay; paypal; bank_transfer; alipay; local,payoneer; wise,unknown,unknown,no,,Available methods vary by selected account currency.,https://www.dynadot.com/help/question/currencies-accepted,2026-09,/en/payment-passport-dynadot,/pasport-oplaty-dynadot
fastly,Fastly,cloud-hosting,https://www.fastly.com,Usage-based CDN (pay-as-you-go),,card,,unknown,unknown,unknown,,A valid credit card and current billing address are required for paid month-to-month accounts.,https://www.fastly.com/documentation/guides/organizations-and-accounts/billing/paying-your-bill; https://www.fastly.com/pricing,2026-09,/en/payment-passport-fastly,/pasport-oplaty-fastly
fastmail,Fastmail,cloud-hosting,https://www.fastmail.com,Individual mail plans (monthly or yearly billing),6.0,visa; mastercard; amex; discover; diners; unionpay; maestro; paypal; apple_pay; google_pay,,no,unknown,no,Official help: Fastmail cannot accept new signups from people based in the Russian Federation.,"Cryptocurrency, cash, checks, bank transfer not accepted; pricing page country selector omits Russia.",https://www.fastmail.help/hc/en-us/articles/360058752494-Payments; https://www.fastmail.help/hc/en-us/articles/1500009438961-I-can-t-sign-up; https://www.fastmail.com/pricing/; https://www.fastmail.com/blog/russia-blocking-fastmail-to-customers-living-in-russia/,2026-09,/en/payment-passport-fastmail,/pasport-oplaty-fastmail
gandi,Gandi,cloud-hosting,https://www.gandi.net,Domain registration and hosting (per-product pricing),,visa; mastercard; amex; paypal; crypto; local,carte bleue; prepaid account,unknown,unknown,yes,,,https://helpdesk.gandi.net/hc/en-us/articles/14005045715100-Accepted-Payment-Methods,2026-09,/en/payment-passport-gandi,/pasport-oplaty-gandi
gcore,Gcore,cloud-hosting,https://gcore.com,Usage-based CDN/cloud,,visa; mastercard; amex; unionpay; paypal; bank_transfer; alipay,,unknown,unknown,unknown,,Available currencies and methods depend on the account's contracting provider entity.,https://docs.gcore.com/hosting/payments/pay-for-gcore-services-payment-methods,2026-09,/en/payment-passport-gcore,/pasport-oplaty-gcore
google-workspace,Google Workspace,cloud-hosting,https://workspace.google.com,Business Starter $7 per user/month (flexible plan),7.0,visa; mastercard; amex; paypal; bank_transfer; direct_debit,,unknown,unknown,unknown,Official page says Workspace is available in most countries with access restricted in certain regions; Russia not specifically addressed in the pages reviewed.,"Bank-account direct debit only in US, UK and some European countries; PayPal only in US, Chile and some European countries.",https://support.google.com/a/answer/1230192; https://workspace.google.com/pricing; https://knowledge.workspace.google.com/admin/billing/payment-options-in-my-country; https://knowledge.workspace.google.com/admin/support/troubleshooting/countries-or-regions-where-google-workspace-is-available,2026-09,/en/payment-passport-google-workspace,/pasport-oplaty-google-workspace
greengeeks,GreenGeeks,cloud-hosting,https://www.greengeeks.com,Shared web hosting,,visa; mastercard; amex; discover; paypal,,no,unknown,unknown,Official support article says residents of Russia cannot sign up for hosting.,Official policy prohibits business with residents of embargoed/sanctioned countries.,https://www.greengeeks.com/support/article/acceptable-forms-of-payment/; https://www.greengeeks.com/support/article/what-are-the-u-s-treasury-embargo-restrictions/,2026-09,/en/payment-passport-greengeeks,/pasport-oplaty-greengeeks
hostgator,HostGator,cloud-hosting,https://www.hostgator.com,Shared hosting from $3.75/month promo (renews $10.99/month),3.75,card; paypal,,unknown,unknown,unknown,,Wire transfers may be accepted for renewals but not for new signups.,https://www.hostgator.com/help/article/what-forms-of-payment-do-you-accept; https://www.hostgator.com/web-hosting,2026-09,/en/payment-passport-hostgator,/pasport-oplaty-hostgator
hostinger,Hostinger,cloud-hosting,https://www.hostinger.com,Premium web hosting $2.99/month promo (renews $10.99/month),2.99,visa; mastercard; amex; discover; jcb; diners; maestro; paypal; apple_pay; google_pay; crypto; alipay,,no,unknown,yes,Official support page: payments made from the territories of the Russian Federation and Belarus are not accepted.,Payment methods and currency depend on the local Hostinger brand website; currency cannot be changed after account creation.,https://www.hostinger.com/support/1583236-what-payment-methods-are-available-at-hostinger/; https://www.hostinger.com/pricing,2026-09,/en/payment-passport-hostinger,/pasport-oplaty-hostinger
hostwinds,Hostwinds,cloud-hosting,https://www.hostwinds.com,Shared hosting Basic $6.99/month,6.99,visa; mastercard; amex; discover; paypal; crypto; alipay,,unknown,unknown,yes,,Crypto (via Stripe Crypto) must be paid manually per invoice and cannot be recurring; Alipay where available.,https://www.hostwinds.com/product-docs/billing/payment-types; https://www.hostwinds.com/hosting/shared,2026-09,/en/payment-passport-hostwinds,/pasport-oplaty-hostwinds
hover,Hover,cloud-hosting,https://www.hover.com,Domain registration (per-TLD annual pricing),,visa; mastercard; amex; discover; paypal; apple_pay; local,account balance,unknown,unknown,unknown,,All transactions processed in USD.,https://support.hover.com/support/solutions/articles/201000064680-managing-payments,2026-09,/en/payment-passport-hover,/pasport-oplaty-hover
huawei-cloud,Huawei Cloud (International),cloud-hosting,https://www.huaweicloud.com/intl/,Usage-based cloud services,,card; bank_transfer,,unknown,unknown,unknown,,,https://support.huaweicloud.com/intl/en-us/faq-billing/en-us_topic_100001.html,2026-09,/en/payment-passport-huawei-cloud,/pasport-oplaty-huawei-cloud
ibm-cloud,IBM Cloud,cloud-hosting,https://cloud.ibm.com,Usage-based pay-as-you-go cloud services,,card,,no,unknown,no,IBM states it suspended all business in Russia.,"A valid credit card is required for Pay-As-You-Go accounts; PayPal no longer accepted since March 31, 2023.",https://cloud.ibm.com/docs/account?topic=account-linkedusage; https://www.ibm.com/support/pages/psirt-news-ibm-suspends-business-russia,2026-09,/en/payment-passport-ibm-cloud,/pasport-oplaty-ibm-cloud
inmotion-hosting,InMotion Hosting,cloud-hosting,https://www.inmotionhosting.com,Shared hosting from $4.99/month promo (renews $13.99/month),4.99,visa; mastercard; amex; discover; paypal,,no,unknown,unknown,Official sanctions page lists Russia among countries InMotion cannot do business with.,Accounts cannot be approved or continued if the contact address or IP address is in a restricted country.,https://www.inmotionhosting.com/support/billing/renew-current-plan-amp/; https://www.inmotionhosting.com/support/billing/countries/; https://www.inmotionhosting.com/shared-hosting,2026-09,/en/payment-passport-inmotion-hosting,/pasport-oplaty-inmotion-hosting
interserver,InterServer,cloud-hosting,https://www.interserver.net,Standard web hosting $7/month (monthly renewal),7.0,visa; mastercard; amex; discover; paypal; local,prepay balance,unknown,unknown,unknown,,,https://www.interserver.net/webhosting/; https://my.interserver.net/order_webhosting.php?website=1026,2026-09,/en/payment-passport-interserver,/pasport-oplaty-interserver
ionos,IONOS,cloud-hosting,https://www.ionos.com,Web hosting from $4/month first year (then $8/month),4.0,visa; mastercard; amex; discover; paypal; apple_pay; google_pay; amazon_pay; sepa; klarna,,no,unknown,unknown,IONOS newsroom: no new customer contracts from Russia and existing Russian customer relationships terminated.,Available payment methods depend on the country of the IONOS contract.,https://www.ionos.com/help/my-account/payments/selecting-payment-method/; https://www.ionos.com/newsroom/news/we-stand-with-ukraine/; https://www.ionos.com/hosting/web-hosting,2026-09,/en/payment-passport-ionos,/pasport-oplaty-ionos
kamatera,Kamatera,cloud-hosting,https://www.kamatera.com,Cloud servers from $4/month,4.0,card; paypal,,unknown,unknown,unknown,,FAQ: major credit/debit cards including virtual and prepaid cards accepted.,https://www.kamatera.com/faq/answer/which-payment-methods-do-you-accept/; https://www.kamatera.com/pricing/,2026-09,/en/payment-passport-kamatera,/pasport-oplaty-kamatera
keycdn,KeyCDN,cloud-hosting,https://www.keycdn.com,"Usage-based CDN, $4 monthly minimum",4.0,card; paypal; bank_transfer,,unknown,unknown,unknown,,,https://www.keycdn.com/pricing; https://www.keycdn.com/faq,2026-09,/en/payment-passport-keycdn,/pasport-oplaty-keycdn
kinsta,Kinsta,cloud-hosting,https://kinsta.com,Managed WordPress Single plan $35/month,35.0,visa; mastercard; amex; discover; maestro; bank_transfer,,no,unknown,no,Kinsta terms list the Russian Federation among prohibited countries of residence/location.,PayPal and checks not accepted; wire/ACH only for annual subscriptions; terms prohibit users located in listed countries.,https://kinsta.com/docs/billing/billing-questions/; https://kinsta.com/legal/terms-service/; https://kinsta.com/plans/,2026-09,/en/payment-passport-kinsta,/pasport-oplaty-kinsta
leaseweb,Leaseweb,cloud-hosting,https://www.leaseweb.com,Dedicated servers / VPS (per-configuration pricing),,card; paypal; bank_transfer; direct_debit; local,e wallet,unknown,unknown,unknown,,,https://kb.leaseweb.com/kb/billing/billing-payments/,2026-09,/en/payment-passport-leaseweb,/pasport-oplaty-leaseweb
liquid-web,Liquid Web,cloud-hosting,https://www.liquidweb.com,VPS hosting from $5/month,5.0,visa; mastercard; amex; discover; paypal,,unknown,unknown,unknown,,Terms: customer must not be on the OFAC SDN list and may not give administrative access to persons in embargoed/highly restricted countries under US export rules.,https://www.liquidweb.com/support/faq/; https://www.liquidweb.com/vps-hosting/,2026-09,/en/payment-passport-liquid-web,/pasport-oplaty-liquid-web
name-com,Name.com,cloud-hosting,https://www.name.com,Domain registration (per-TLD annual pricing),,visa; mastercard; amex; discover; diners; unionpay; paypal; google_pay; alipay,,unknown,unknown,no,,"Cannot process orders originating from locations covered by sanctions programs; wire, checks and cryptocurrency not accepted.",https://www.name.com/support/articles/205934897-accepted-methods-of-payment-and-currencies; https://www.name.com/support/articles/205934857-location-restrictions,2026-09,/en/payment-passport-name-com,/pasport-oplaty-name-com
namesilo,NameSilo,cloud-hosting,https://www.namesilo.com,Domain registration (per-TLD annual pricing),,card; paypal; crypto; local,account funds,unknown,unknown,yes,,Official site lists available payment systems per selected country.,https://www.namesilo.com/payment-options,2026-09,/en/payment-passport-namesilo,/pasport-oplaty-namesilo
network-solutions,Network Solutions,cloud-hosting,https://www.networksolutions.com,Domain registration (per-TLD annual pricing),,card,,unknown,unknown,unknown,,,https://www.networksolutions.com/purchase-it/pop-up-creditcard.jsp,2026-09,/en/payment-passport-network-solutions,/pasport-oplaty-network-solutions
oracle-cloud-infrastructure,Oracle Cloud Infrastructure,cloud-hosting,https://www.oracle.com/cloud/,Usage-based pay-as-you-go cloud services,,card,,no,unknown,no,Oracle states it suspended all operations in Russia and will not take new orders there.,"FAQ: accepts credit cards and debit cards that function like credit cards; PIN debit, virtual, single-use and prepaid cards are rejected.",https://www.oracle.com/cloud/free/faq/; https://www.oracle.com/corporate/conflict-in-ukraine/russia/,2026-09,/en/payment-passport-oracle-cloud-infrastructure,/pasport-oplaty-oracle-cloud-infrastructure
porkbun,Porkbun,cloud-hosting,https://porkbun.com,Domain registration (per-TLD annual pricing),,visa; mastercard; amex; discover; jcb; diners; paypal; apple_pay; google_pay; amazon_pay; alipay,,unknown,unknown,unknown,,,https://porkbun.com/support/payment_options,2026-09,/en/payment-passport-porkbun,/pasport-oplaty-porkbun
proton-mail,Proton Mail,cloud-hosting,https://proton.me,Mail Plus subscription,4.99,card; paypal; apple_pay; google_pay; bank_transfer; crypto; local,cash; cash or account credit,partial,unknown,yes,Proton says it remains committed to serving users in Russia but that sanctions cause many standard payment methods to fail; a dedicated Russia payment help page exists.,Billing country is selected at checkout and determines available payment methods.,https://proton.me/support/payment-options; https://proton.me/support/pay-russia; https://proton.me/mail/pricing; https://proton.me/blog/russia-block-2020,2026-09,/en/payment-passport-proton-mail,/pasport-oplaty-proton-mail
scaleway,Scaleway,cloud-hosting,https://www.scaleway.com,Usage-based cloud instances (pay-as-you-go),,visa; mastercard; amex; unionpay; bank_transfer; local,cb,no,unknown,no,Official docs list Russia and Belarus among countries from which accounts cannot be created.,Official docs list countries where accounts cannot be created; virtual and prepaid cards are not accepted; SEPA available for eligible accounts.,https://www.scaleway.com/en/docs/billing/faq/; https://www.scaleway.com/en/docs/billing/troubleshooting/cannot-find-my-country/,2026-09,/en/payment-passport-scaleway,/pasport-oplaty-scaleway
siteground,SiteGround,cloud-hosting,https://www.siteground.com,StartUp shared hosting $2.99/month first year (renews $17.99/month),2.99,visa; mastercard; amex; discover,,no,unknown,unknown,SiteGround's official blog says it stopped accepting new orders from Russia.,Accepted payment methods may vary by region.,https://www.siteground.com/kb/payment_methods; https://www.siteground.co.uk/blog/siteground-stands-with-ukraine/; https://www.siteground.com/web-hosting.htm,2026-09,/en/payment-passport-siteground,/pasport-oplaty-siteground
squarespace-domains,Squarespace Domains,cloud-hosting,https://domains.squarespace.com,Domain registration (per-TLD annual pricing),,visa; mastercard; amex; discover; jcb; diners; paypal; apple_pay; google_pay; sepa,,unknown,unknown,unknown,,PayPal only for customers outside the US; SEPA only in supported countries.,https://support.squarespace.com/hc/en-us/articles/115016047168-Accepted-payment-methods-for-your-Squarespace-subscriptions,2026-09,/en/payment-passport-squarespace-domains,/pasport-oplaty-squarespace-domains
tencent-cloud,Tencent Cloud (International),cloud-hosting,https://www.tencentcloud.com,Usage-based CVM/cloud services,,visa; mastercard; amex; discover; jcb; unionpay,,unknown,no,unknown,,"Prepaid, virtual and gift cards are not supported; 3D Secure required in some regions.",https://www.tencentcloud.com/document/product/555/7425,2026-09,/en/payment-passport-tencent-cloud,/pasport-oplaty-tencent-cloud
tuta-mail,Tuta Mail,cloud-hosting,https://tuta.com,Revolutionary plan €3/month,,visa; mastercard; amex; paypal; app_store; google_play; bank_transfer; gift_card; crypto; local,monero,partial,yes,unknown,"Tuta's blog reports its service was blocked by Russian authorities in 2020 (access block, not a provider exit).",Bank transfer only for EU business customers; Bitcoin not accepted directly; official gift cards exist.,https://tuta.com/support/payment; https://tuta.com/blog/tutanota-blocked-russia; https://tuta.com/pricing; https://tuta.com/blog/tuta-supports-google-play-payments-on-android; https://tuta.com/gift-cards-terms,2026-09,/en/payment-passport-tuta-mail,/pasport-oplaty-tuta-mail
upcloud,UpCloud,cloud-hosting,https://upcloud.com,Cloud servers from €3/month,,visa; mastercard; amex; discover; maestro; paypal; apple_pay; google_pay,,no,unknown,no,Official account requirements list Russia among sanctioned locations UpCloud cannot serve.,"Account requirements: cannot accept payments from financial institutions, banks or card issuers in sanctioned regions; PayPal/mobile pay availability varies by region.",https://upcloud.com/docs/getting-started/billing/payment-methods/; https://upcloud.com/docs/getting-started/accounts/account-requirements/; https://upcloud.com/pricing/,2026-09,/en/payment-passport-upcloud,/pasport-oplaty-upcloud
wasabi,Wasabi,cloud-hosting,https://wasabi.com,Hot Cloud Storage from $7.99 per TB/month,7.99,card; bank_transfer,,unknown,unknown,no,,"Pay-Go accepts only non-prepaid credit cards; debit, prepaid, PayPal, Apple Pay and digital currencies rejected; terms require buyer not located in a sanctioned country.",https://docs.wasabi.com/docs/does-wasabi-accept-payment-via-methods-other-than-a-credit-card; https://wasabi.com/pricing,2026-09,/en/payment-passport-wasabi,/pasport-oplaty-wasabi
wp-engine,WP Engine,cloud-hosting,https://wpengine.com,Managed WordPress hosting from $28/month,28.0,card,,no,unknown,unknown,WP Engine publicly stated in 2022 it ceased doing business with Russian-owned companies (reported by WP Tavern).,Terms: payments must be made via credit or debit card unless otherwise stated in the Order.,https://wpengine.com/legal/terms-of-service/; https://wpengine.com/plans/; https://wptavern.com/wp-engine-and-others-drop-support-for-russian-business-customers,2026-09,/en/payment-passport-wp-engine,/pasport-oplaty-wp-engine
zoho-mail,Zoho Mail,cloud-hosting,https://www.zoho.com/mail/,Mail Lite / Mail Premium per-user plans,,visa; mastercard; amex; discover; jcb; paypal; bank_transfer,,no,unknown,unknown,Zoho's sanctions FAQ lists Russia as a restricted country; signup is disabled from restricted locations.,Listed cards are not supported for payment in all countries.,https://www.zoho.com/mail/help/adminconsole/manage-subscription.html; https://help.zoho.com/portal/en/kb/accounts/faqs-troubleshooting/faqs/account/articles/account-restrictions-for-sanctioned-countries-regions,2026-09,/en/payment-passport-zoho-mail,/pasport-oplaty-zoho-mail
99designs-by-vista,99designs by Vista,creators-freelance,https://99designs.com,"Design contests: Bronze US$249, Silver US$399, Gold US$799, Platinum US$1,050",,visa; mastercard; amex; paypal; local,credits,no,unknown,unknown,"99designs Sanctions Policy: unable to transact with individuals located in Russia, Belarus, Crimea, DNR/LNR, Iran, Cuba, Syria, North Korea, Sudan.",Currency and local site determined by location; sanctions policy restricts users located in listed countries.,https://support.99designs.com/hc/en-us/articles/204761475-What-payment-methods-do-you-accept; https://support.99designs.com/hc/en-us/articles/204761015-What-are-the-payment-options-in-a-1-to-1-project; https://support.99designs.com/hc/en-us/articles/5234481461396-99designs-Sanctions-Policy; https://support.99designs.com/hc/en-us/articles/204109009-What-currency-do-I-pay-for-the-contest-in; https://99designs.com/pricing,2026-09,/en/payment-passport-99designs-by-vista,/pasport-oplaty-99designs-by-vista
artstation,ArtStation,creators-freelance,https://www.artstation.com,ArtStation Pro subscription; marketplace purchases,,visa; mastercard; paypal,,unknown,unknown,unknown,,Sales tax added based on billing address; multiple currencies supported.,https://help.artstation.com/en/articles/16155217-general-faq-for-buyers; https://magazine.artstation.com/2020/08/artstation-now-supports-multiple-currencies/,2026-09,/en/payment-passport-artstation,/pasport-oplaty-artstation
beacons,Beacons,creators-freelance,https://beacons.ai,Free $0 plan; Creator Plus $30/month,30.0,card; paypal; local,bnpl,unknown,unknown,unknown,,Store payments via creator-connected Stripe/PayPal; international payment plans (Klarna/Affirm) only for Creator Plus.,https://beacons.ai/i/pricing; https://help.beacons.ai/en/articles/4700929; https://help.beacons.ai/en/articles/5229057,2026-09,/en/payment-passport-beacons,/pasport-oplaty-beacons
beehiiv,beehiiv,creators-freelance,https://www.beehiiv.com,"Launch plan free (up to 2,500 subscribers); paid Scale/Max tiers by subscriber count",,card; apple_pay,,unknown,unknown,unknown,,Stripe used for payment processing and identity verification.,https://www.beehiiv.com/support/article/13092029689495-how-to-update-the-payment-or-billing-info-in-your-beehiiv-account; https://www.beehiiv.com/support/article/41479806239383-how-to-update-your-paid-subscription-settings; https://www.beehiiv.com/pricing?subscriberCount=1,2026-09,/en/payment-passport-beehiiv,/pasport-oplaty-beehiiv
buy-me-a-coffee,Buy Me a Coffee,creators-freelance,https://buymeacoffee.com,No monthly fee; 5% transaction fee on support/memberships,,visa; mastercard; amex; apple_pay; google_pay; local,cash app,unknown,unknown,unknown,,"Apple Pay, Google Pay and Cash App in supported regions.",https://help.buymeacoffee.com/en/articles/10182730-what-is-buy-me-a-coffee-and-how-does-it-work; https://buymeacoffee.com/faq,2026-09,/en/payment-passport-buy-me-a-coffee,/pasport-oplaty-buy-me-a-coffee
cameo,Cameo,creators-freelance,https://www.cameo.com,Per-video requests priced by each talent (no subscription),,card; app_store; google_play; gift_card,,unknown,yes,unknown,,App requests processed via Apple/Google in-app payments; web via card.,https://help.cameo.com/support/solutions/articles/43000661509-which-payment-methods-are-accepted-; https://help.cameo.com/en/support/solutions/articles/43000661535-how-much-does-a-cameo-cost-; https://legal.cameo.com/termsofservice,2026-09,/en/payment-passport-cameo,/pasport-oplaty-cameo
cargo,Cargo,creators-freelance,https://cargo.site,Site subscription (per-site plan),,,,unknown,unknown,unknown,,,https://docs.cargo.site/account-settings,2026-09,/en/payment-passport-cargo,/pasport-oplaty-cargo
circle,Circle,creators-freelance,https://circle.so,Plans from $89/month (Professional); $199/month Business,89.0,card; apple_pay; google_pay,,unknown,unknown,unknown,,Paywalls powered by Stripe; payments accepted in 25+ local currencies.,https://circle.so/pricing; https://circle.so/payments; https://help-en.circle.so/c/my-billing/manage-your-membership-payment-method,2026-09,/en/payment-passport-circle,/pasport-oplaty-circle
contra,Contra,creators-freelance,https://contra.com,Clients pay $29 per contract / $29 per month per contractor; Contra Pro for independents,29.0,visa; mastercard; amex; discover; diners; apple_pay; google_pay; bank_transfer; sepa; local,cash app,unknown,unknown,no,,"Card payments via Stripe available to clients worldwide; SEPA for SEPA-zone countries. Crypto (USDC) is offered as a payout option for freelancers, not as a client payment method.",https://client-help.contra.com/en/articles/9322937-client-payment-methods; https://help.contra.com/en/articles/13754797-how-can-independents-get-paid-on-contra; https://contra.com/features/global-payments; https://help.contra.com/en/articles/10008642-payouts,2026-09,/en/payment-passport-contra,/pasport-oplaty-contra
deviantart,DeviantArt,creators-freelance,https://www.deviantart.com,"Core Membership tiers (Core, Core+, Core Pro, Core Pro+, Max); list prices shown on buy page e.g. $8.33-$16.67/month before promo",,visa; mastercard; amex; discover; paypal; apple_pay; google_pay; local,deviantart points,partial,yes,no,"Roskomnadzor blocked DeviantArt in Aug 2021 for prohibited content, then lifted the ban after removal; no company-side exit documented.",All transactions processed in USD; Apple Pay/Google Pay only on supported devices and in supported countries.,https://www.deviantartsupport.com/kb/en/article/what-payment-methods-does-deviantart-support; https://www.deviantartsupport.com/kb/en/article/what-is-core-membership; https://www.deviantart.com/core-membership/buy; https://www.reuters.com/lifestyle/russia-blocks-online-art-community-deviantart-not-deleting-content; https://tass.com/society/1324789,2026-09,/en/payment-passport-deviantart,/pasport-oplaty-deviantart
dribbble,Dribbble,creators-freelance,https://dribbble.com,Dribbble Pro subscription; hiring plans $150/month and $300/month,,,,unknown,unknown,unknown,,,https://dribbble.com/hiring; https://support.dribbble.com/hc/en-us/sections/360011281953-Billing,2026-09,/en/payment-passport-dribbble,/pasport-oplaty-dribbble
fiverr,Fiverr,creators-freelance,https://www.fiverr.com,"Per-order Gig purchases (service fee added); Seller Plus Standard $25/month, Premium $49/month",25.0,visa; mastercard; amex; discover; paypal; apple_pay; google_pay; bank_transfer; local,fiverr balance; paypal pay later,no,unknown,no,Fiverr announced suspension of business in Russia in March 2022 (Fiverr Community post 'Fiverr Suspends Business in Russia').,"Payment methods shown depend on device, country of residence and regulatory permissions; PayPal/Apple Pay/Google Pay not available in all countries.",https://help.fiverr.com/hc/en-us/articles/37332701180945-Payment-methods; https://help.fiverr.com/hc/en-us/articles/37554110679441-Managing-payments-and-billing; https://help.fiverr.com/hc/en-us/articles/360017140717-Seller-Plus-Standard-and-Premium-Advanced-tools-for-business-growth; https://community.fiverr.com/public/forum/boards/from-the-fiverr-team-cd2/posts/277420-fiverr-suspends-business-in-russia; https://en.ain.ua/2022/03/10/fiverr-suspends-business-in-russia/,2026-09,/en/payment-passport-fiverr,/pasport-oplaty-fiverr
format,Format,creators-freelance,https://www.format.com,"Portfolio website plans (monthly or annual, USD)",,visa; mastercard; amex; paypal,,unknown,unknown,unknown,,All payments in USD.,https://help.format.com/hc/en-us/articles/28139460566035-Choosing-a-Plan-and-Subscribing; https://help.format.com/hc/en-us/articles/28139479754387-Using-PayPal-for-your-Subscription,2026-09,/en/payment-passport-format,/pasport-oplaty-format
fourthwall,Fourthwall,creators-freelance,https://fourthwall.com,No monthly fee (per-sale pricing); optional Fourthwall Pro $19/month,,visa; mastercard; amex; discover; paypal; apple_pay; google_pay; gift_card; alipay; local,bnpl; link,no,unknown,unknown,Russia and Belarus listed as permanently unavailable checkout destinations (sanctioned countries).,Localized methods shown based on customer location/currency; sanctioned countries blocked at checkout; PayPal surcharge for non-US payments.,https://help.fourthwall.com/frequently-asked-questions/payments-and-pricing/accepted-payment-methods; https://help.fourthwall.com/frequently-asked-questions/shipping-and-orders/pod-shipping-destination-countries; https://help.fourthwall.com/frequently-asked-questions/account-and-plans/fourthwall-pro-overview; https://cdn.fourthwall.com/downloads/fourthwall%5Fpricing.pdf,2026-09,/en/payment-passport-fourthwall,/pasport-oplaty-fourthwall
freelancer-com,Freelancer.com,creators-freelance,https://www.freelancer.com,Membership plans (Basic/Plus/Professional/Premier) plus project fees,,visa; mastercard; paypal; bank_transfer,,unknown,unknown,unknown,,Card verification required; some withdrawal methods are not available in some countries.,https://www.freelancer.com/faq/topic.php?id=14; https://www.freelancer.com.au/info/how-it-works; https://www.freelancer.pk/support/payments/payment-verification-concerns/,2026-09,/en/payment-passport-freelancer-com,/pasport-oplaty-freelancer-com
gofundme,GoFundMe,creators-freelance,https://www.gofundme.com,No fee to create a fundraiser; one transaction fee per donation,,visa; mastercard; amex; discover; paypal; apple_pay; google_pay; venmo,,partial,unknown,unknown,Fundraisers can only be created and funds withdrawn in GoFundMe supported countries; Russia is not on the supported-countries list.,Payment options depend on the country the fundraiser was created in and the donor's device; withdrawals require a supported country.,https://support.gofundme.com/hc/en-us/articles/4402563115412-Payment-options-for-donors; https://www.gofundme.com/c/pricing; https://support.gofundme.com/hc/en-us/articles/115010242608-Raising-funds-for-someone-in-an-unsupported-country; https://support.gofundme.com/hc/en-us/articles/360001972748-Countries-supported-on-GoFundMe,2026-09,/en/payment-passport-gofundme,/pasport-oplaty-gofundme
guru-com,Guru.com,creators-freelance,https://www.guru.com,"Freelancer memberships (Basic free, paid tiers) and handling fees",,card; paypal; bank_transfer,,unknown,unknown,unknown,,"Bank account (eCheck) is US-only; verification possible via bank account, credit card or PayPal.",https://www.guru.com/help/employer/about-payment-methods/; https://www.guru.com/help/freelancer/bank-account-freelancer/,2026-09,/en/payment-passport-guru-com,/pasport-oplaty-guru-com
indiegogo,Indiegogo,creators-freelance,https://www.indiegogo.com,Backers pledge per project; creators pay 5% platform fee + processing,,visa; mastercard; apple_pay; google_pay,,unknown,unknown,unknown,"Country availability for campaigns changed after Oct 16, 2025 migration to Gamefound's payment provider; see country list.",Campaign countries limited by payment provider after Oct 2025 platform upgrade.,https://help.indiegogo.com/article/579-what-payment-methods-are-accepted-on-indiegogo; https://help.indiegogo.com/article/596-fees; https://support.indiegogo.com/hc/en-us/articles/39600950083988-Indiegogo-s-Acquisition-by-Gamefound-Platform-Upgrade-FAQs,2026-09,/en/payment-passport-indiegogo,/pasport-oplaty-indiegogo
kajabi,Kajabi,creators-freelance,https://kajabi.com,Basic/Growth/Pro plans (Growth $179/month per official promo page),,visa; mastercard; amex; discover; jcb; diners; maestro; paypal; apple_pay; google_pay,,unknown,unknown,unknown,,Kajabi Payments accepted methods are listed per country (e.g. United States); Stripe and PayPal also available as gateways.,https://help.kajabi.com/articles/sales/kajabi-payments/getting-started-with-kajabi-payments-united-states; https://help.kajabi.com/articles/api-integrations/payment-integrations/payment-options-available-with-kajabi; https://www.kajabi.com/pricing; https://www.kajabi.com/own-your-future,2026-09,/en/payment-passport-kajabi,/pasport-oplaty-kajabi
kickstarter,Kickstarter,creators-freelance,https://www.kickstarter.com,Backers pledge per project; creators pay 5% fee + 3-5% processing on funded projects,,visa; mastercard; amex,,partial,unknown,unknown,"Backing is open worldwide with a major debit/credit card; project creation is limited to accounts verified in a listed set of countries, which does not include Russia.",Creators must verify identity and bank account in a supported country; backers only need a major card.,https://updates.kickstarter.com/who-is-eligible-to-use-kickstarter/; https://www.kickstarter.com/help/fees?country=US,2026-09,/en/payment-passport-kickstarter,/pasport-oplaty-kickstarter
kit,Kit (ConvertKit),creators-freelance,https://kit.com,"Creator plan $39/month, Creator Pro $79/month (up to 1,000 subscribers)",39.0,card; apple_pay; google_pay,,unknown,unknown,unknown,,Stripe is the only supported payment platform for digital product sales.,https://help.kit.com/en/articles/13228391-supported-payment-methods-for-digital-products; https://help.kit.com/en/articles/4494683-creator-plan-vs-creator-pro-plan; https://kit.com/pricing,2026-09,/en/payment-passport-kit,/pasport-oplaty-kit
ko-fi,Ko-fi,creators-freelance,https://ko-fi.com,No monthly cost; 0-5% service fee (supporters pay creators via PayPal/Stripe),,visa; mastercard; discover; paypal; apple_pay; google_pay; venmo; local,stripe local methods,unknown,unknown,unknown,Payments depend on creators connecting PayPal/Stripe; no Ko-fi statement on Russia found.,Payment methods shown to supporters depend on creator's connected PayPal/Stripe account; Venmo US-only.,https://help.ko-fi.com/hc/en-us/articles/24482435253661-What-payment-methods-are-available-on-Ko-fi; https://help.ko-fi.com/hc/en-us/articles/360002506494-Does-Ko-fi-take-a-fee,2026-09,/en/payment-passport-ko-fi,/pasport-oplaty-ko-fi
liberapay,Liberapay,creators-freelance,https://liberapay.com,Recurrent donations to creators (no platform fee; processor fees only),,card; paypal; bank_transfer,,partial,unknown,unknown,Donations can only be received in territories where Stripe or PayPal is available; Russian Ruble is listed as a supported currency without a supporting processor.,Availability depends on Stripe (41 countries) / PayPal (100+ countries) coverage per official 'global' page.,https://liberapay.com/about/payment-processors; https://liberapay.com/about/global; https://liberapay.com/about/faq,2026-09,/en/payment-passport-liberapay,/pasport-oplaty-liberapay
malt,Malt,creators-freelance,https://www.malt.com,Clients pay freelancer invoices plus Malt fee (no subscription),,visa; mastercard; maestro; bank_transfer; ideal; local,Bancontact; Przelewy24,no,unknown,unknown,Malt's payment provider (Mangopay) does not allow payments to freelancers registered in listed countries including Russia and Belarus.,American Express and PayPal not accepted; international freelancer payments restricted by country list of payment provider.,https://help.malt.com/hc/en-150/articles/29567272400658-How-payment-works; https://help.malt.com/hc/en-150/articles/29569316129938-Managing-payments-for-international-freelancers,2026-09,/en/payment-passport-malt,/pasport-oplaty-malt
memberful,Memberful,creators-freelance,https://memberful.com,$49/month + 4.9% transaction fee,49.0,card; apple_pay; google_pay,,unknown,yes,unknown,Payments processed via creator-connected Stripe account; no Memberful statement on Russia found.,Requires a Stripe account for payment processing.,https://memberful.com/pricing; https://memberful.com/docs/overview/getting-started/payment-processing,2026-09,/en/payment-passport-memberful,/pasport-oplaty-memberful
mighty-networks,Mighty Networks,creators-freelance,https://www.mightynetworks.com,Plans from $79/month (Community) and $179/month (Courses),79.0,card; apple_pay; google_pay,,unknown,unknown,unknown,,Member payments processed via host-connected Stripe.,https://www.mightynetworks.com/pricing; https://docs.mightynetworks.com/for-hosts/payments-and-access/how-do-i-connect-and-disconnect-stripe-to-my-mighty-network; https://docs.mightynetworks.com/for-hosts/payments-and-access/can-i-take-payments-off-platform,2026-09,/en/payment-passport-mighty-networks,/pasport-oplaty-mighty-networks
payhip,Payhip,creators-freelance,https://payhip.com,Free Forever plan (5% fee); Plus $29/month (2% fee); Pro $99/month (0% fee),29.0,card; paypal; local,Flutterwave; Iyzico; MercadoPago; Midtrans; Mollie; PayTabs; PayU; Paystack; Razorpay; Square; Xendit,unknown,unknown,unknown,"Payments run through the seller's connected processor (Stripe, PayPal, etc.); no Payhip statement on Russia found.",Buyer methods depend on the payment gateway connected by the seller.,https://payhip.com/faq; https://help.payhip.com/article/102-billing-and-upgrading; https://help.payhip.com/article/173-how-do-i-get-paid,2026-09,/en/payment-passport-payhip,/pasport-oplaty-payhip
peopleperhour,PeoplePerHour,creators-freelance,https://www.peopleperhour.com,Per-project payments; freelancer subscriptions (PPH Basic/TopAccess),,visa; mastercard; paypal,,unknown,unknown,unknown,"Terms: per UK AML regulation PPH cannot support users from North Korea, Iran, Syria, Cuba, Sudan and other listed jurisdictions; Russia not explicitly named in the retrieved excerpt.",Terms restrict users from listed sanctioned jurisdictions.,https://www.peopleperhour.com/discover/news/product-update-new-checkout-feature/; https://www.peopleperhour.com/static/terms,2026-09,/en/payment-passport-peopleperhour,/pasport-oplaty-peopleperhour
pixpa,Pixpa,creators-freelance,https://www.pixpa.com,Portfolio website plans (recurring subscription),,visa; mastercard; amex,,unknown,unknown,unknown,,PayPal not supported for subscriptions; subscriptions auto-renew on card.,https://help.pixpa.com/kb/what-payment-types-do-you-accept/,2026-09,/en/payment-passport-pixpa,/pasport-oplaty-pixpa
podia,Podia,creators-freelance,https://www.podia.com,"Mover plan $42/month billed annually ($504/yr), 5% fees",42.0,card; apple_pay; google_pay,,unknown,unknown,unknown,,Creators collect payments via connected Stripe or PayPal.,https://help.podia.com/en/articles/11370888-podia-plans-pricing-faqs; https://www.podia.com/pricing; https://help.podia.com/en/articles/11370248-accepting-payments-in-podia,2026-09,/en/payment-passport-podia,/pasport-oplaty-podia
skool,Skool,creators-freelance,https://www.skool.com,Hobby $9/month; Pro $99/month (community owner plans),9.0,card,,unknown,unknown,unknown,,Payouts in local currency; USD deposits not supported outside the US.,https://www.skool.com/pricing; https://help.skool.com/article/86-payments-faq; https://help.skool.com/article/48-how-to-update-payment-info,2026-09,/en/payment-passport-skool,/pasport-oplaty-skool
stan-store,Stan Store,creators-freelance,https://stan.store,Creator $29/month ($300/year); Creator Pro $99/month,29.0,card; paypal,,unknown,unknown,unknown,Stripe integration only available in Stripe-supported countries (official help).,"Stripe connection limited by country list; card fields only via Stripe, not PayPal.",https://help.stan.store/article/31-creator-vs-creator-pro; https://help.stan.store/article/53-how-to-connect-stan-with-paypal; https://help.stan.store/article/346-can-my-customers-still-enter-their-card-information-to-pay-with-paypal; https://help.stan.store/article/334-why-wont-stan-let-me-connect-with-stripe,2026-09,/en/payment-passport-stan-store,/pasport-oplaty-stan-store
teachable,Teachable,creators-freelance,https://teachable.com,Starter plan $39/month billed monthly (7.5% transaction fee),39.0,card; bank_transfer; local,bnpl; digital wallets,unknown,unknown,unknown,,Teachable Payments (Stripe) shows checkout methods automatically based on the school's location and the buyer's location/currency.,https://support.teachable.com/en/articles/15627345-available-payment-methods-adaptive-pricing; https://www.teachable.com/pricing,2026-09,/en/payment-passport-teachable,/pasport-oplaty-teachable
thinkific,Thinkific,creators-freelance,https://www.thinkific.com,Basic plan $54/month billed monthly ($40/month billed annually),54.0,card; local,bank redirect; bnpl; digital wallets,unknown,unknown,unknown,"Thinkific Payments is only available to creators in a listed set of countries (e.g. US, Canada, UK, Australia, NZ, Singapore, Hong Kong); Russia not listed.",Thinkific Payments supported-country list determines availability and per-country fees.,https://www.thinkific.com/pricing/; https://support.thinkific.com/hc/en-us/articles/15428413988887-TCommerce-Additional-Payment-Methods; https://support.thinkific.com/hc/en-us/articles/1500012376321-Thinkific-Payments-Supported-Countries-and-Transaction-Fees,2026-09,/en/payment-passport-thinkific,/pasport-oplaty-thinkific
toptal,Toptal,creators-freelance,https://www.toptal.com,Clients pay custom engagement rates (no public subscription price),,card; paypal; bank_transfer,,unknown,unknown,unknown,,"Clients invoiced twice monthly, Net 10 terms.",https://www.toptal.com/faq,2026-09,/en/payment-passport-toptal,/pasport-oplaty-toptal
truelancer,Truelancer,creators-freelance,https://www.truelancer.com,Freelancer premium membership; clients pay project fees (card 2.9-3.9% + $0.32),,visa; mastercard; paypal; bank_transfer,,unknown,unknown,unknown,,Fee schedule distinguishes USA-issued and international credit cards.,https://www.truelancer.com/legal/fee-charges,2026-09,/en/payment-passport-truelancer,/pasport-oplaty-truelancer
tunecore,TuneCore,creators-freelance,https://www.tunecore.com,"Unlimited plans: Rising Artist $24.99/year, Breakout $44.99/year, Professional $54.99/year",,visa; mastercard; amex; discover; paypal; apple_pay; google_pay; local,Dana; GoPay; platform balance,partial,unknown,unknown,"TuneCore's payout partner Payoneer stopped serving Russian clients/bank accounts from Dec 16, 2022 (official TuneCore help article); no statement on purchasing.",Local payment methods listed per country in official help article.,https://support.tunecore.com/hc/en-gb/articles/13237238547604-What-forms-of-payment-does-TuneCore-accept; https://www.tunecore.com/pricing; https://support.tunecore.com/hc/en-us/articles/11248316710548-Payoneer-will-no-longer-serve-Russian-clients-or-Russian-bank-accounts-beginning-on-Dec-16-2022,2026-09,/en/payment-passport-tunecore,/pasport-oplaty-tunecore
upwork,Upwork,creators-freelance,https://www.upwork.com,Freelancer Plus plan $19.99/month; clients pay 5% marketplace fee,19.99,visa; mastercard; amex; discover; diners; paypal; bank_transfer; venmo,,no,no,no,"Upwork suspended business operations in Russia and Belarus in March 2022 (full effect May 1, 2022); accounts located there are suspended.",Available billing methods depend on your location and billing history; bank account (ACH) and Venmo are US-only. Accounts in sanctioned regions are location-suspended.,https://support.upwork.com/hc/en-us/articles/211067988-How-to-set-up-a-billing-method-on-Upwork; https://support.upwork.com/hc/en-us/articles/211068038-How-to-add-a-credit-or-prepaid-card-to-pay-freelancers; https://support.upwork.com/hc/en-us/articles/5691956088339-Suspended-operations-in-Russia-and-Belarus; https://investors.upwork.com/news-releases/news-release-details/upwork-announces-suspension-business-russia-and-belarus-and; https://www.upwork.com/resources/freelancer-plus-guide,2026-09,/en/payment-passport-upwork,/pasport-oplaty-upwork
uscreen,Uscreen,creators-freelance,https://www.uscreen.tv,Starter $49/month; Growth $149-199/month + $1.99 subscriber fee,49.0,card; paypal; apple_pay; google_pay; local,bnpl,unknown,unknown,unknown,Publisher terms: Uscreen does not guarantee availability in any specific geographic location and may restrict regions.,Payments via Stripe Billing or PayPal; regional availability not guaranteed.,https://www.uscreen.tv/pricing/; https://help.uscreen.tv/en/collections/5904251-payment-gateways; https://help.uscreen.tv/en/articles/8258069-stripe-billing; https://www.uscreen.tv/publisher-terms/,2026-09,/en/payment-passport-uscreen,/pasport-oplaty-uscreen
workana,Workana,creators-freelance,https://www.workana.com,Freelancer Explorer plan USD 24.90/month; clients pay project fees,24.9,visa; mastercard; amex; paypal; local,latam local methods,unknown,unknown,unknown,,Billing methods vary by country (USD card or local-currency methods per country list).,https://help.workana.com/hc/en-us/articles/360041871333-Billing-methods-by-country; https://help.workana.com/hc/en-us/articles/360041612574-What-are-the-Benefit-Plans,2026-09,/en/payment-passport-workana,/pasport-oplaty-workana
azar,Azar,dating-social,https://azarlive.com,Gems (in-app currency) and VIP,,visa; mastercard; app_store; google_play,,no,no,unknown,Hyperconnect/Azar is a Match Group brand; Match Group withdrew from Russia by 30 June 2023.,Web purchases require correct billing address; regional card restrictions may apply and cards must be enabled for international/online transactions.,https://help.azarlive.com/hc/en-us/articles/54514225318297-Payment-Issues-Fix-Gem-Purchase-Problems-on-Azar-Web; https://www.reuters.com/markets/tinder-owner-match-group-swipes-left-russia-pledging-exit-by-june-30-2023-05-02/,2026-09,/en/payment-passport-azar,/pasport-oplaty-azar
badoo,Badoo,dating-social,https://badoo.com,Badoo Premium / Credits (regional pricing),,visa; mastercard; paypal; app_store; google_play,,no,no,unknown,Parent Bumble Inc. exited Russia and Belarus in March 2022; apps removed from local app stores.,"Payment currency set by device location and store account settings; card/PayPal only via Badoo Web, Android must use Google Play.",https://support.badoo.com/hc/en-us/articles/34368554662301-Updating-your-payment-method; https://www.washingtonpost.com/world/2022/03/09/dating-app-bumble-russia-ukraine-war/,2026-09,/en/payment-passport-badoo,/pasport-oplaty-badoo
bigo-live,BIGO Live,dating-social,https://bigo.tv,Diamonds (virtual currency) recharge,,app_store; google_play,,yes,unknown,unknown,BIGO's official support page lists a dedicated Russia customer-service channel; no exit or block found.,,https://www.bigo.tv/blog/bigo-live-support,2026-09,/en/payment-passport-bigo-live,/pasport-oplaty-bigo-live
boo,Boo,dating-social,https://boo.world,Boo Infinity subscription (in-app),,app_store; google_play,,unknown,no,unknown,,,https://apps.apple.com/us/app/boo-dating-friends-chat/id1498407272,2026-09,/en/payment-passport-boo,/pasport-oplaty-boo
bumble,Bumble,dating-social,https://bumble.com,Bumble Premium / Boost subscriptions (regional pricing),,visa; mastercard; paypal; app_store; google_play,,no,no,unknown,"Bumble Inc. discontinued operations in Russia and Belarus in March 2022 and removed Bumble, Badoo and Fruitz from the App Store/Google Play there.","Payment currency is set by device location and App Store/Play Store account settings; Android in-app purchases must go through Google Play, card/PayPal only via Bumble Web.",https://support.bumble.com/hc/en-us/articles/29928473210141-Updating-your-payment-method; https://bumble.com/en-in/help/can-i-pay-via-credit-card-or-paypal-if-i-have-an-android-device; https://www.reuters.com/technology/bumble-beats-profit-estimates-bets-international-growth-2022-03-08/,2026-09,/en/payment-passport-bumble,/pasport-oplaty-bumble
coffee-meets-bagel,Coffee Meets Bagel,dating-social,https://coffeemeetsbagel.com,CMB Premium subscription,,app_store; google_play,,unknown,no,unknown,,,https://coffeemeetsbagel.zendesk.com/hc/en-us/articles/1500002587001-How-do-I-turn-off-auto-renewal-or-cancel-my-subscription; https://www.coffeemeetsbagel.com/tos,2026-09,/en/payment-passport-coffee-meets-bagel,/pasport-oplaty-coffee-meets-bagel
eharmony,eharmony,dating-social,https://eharmony.com,"Premium membership (6/12/24-month plans, price varies)",,visa; mastercard; amex; discover; paypal,,unknown,no,unknown,,,https://www.eharmony.com/tour/faq/what-forms-of-payment-do-you-accept/; https://www.eharmony.com/tour/eharmony-cost/,2026-09,/en/payment-passport-eharmony,/pasport-oplaty-eharmony
element,Element (Matrix),dating-social,https://element.io,Element cloud/on-premise plans priced per seat/month,,card; invoice,,unknown,no,unknown,,Billing address and payment card entered at customer.element.io; invoice/bank transfer only by arrangement.,https://element.io/en/pricing; https://docs.element.io/latest/element-cloud-documentation/element-matrix-services/apply-coupondiscount/,2026-09,/en/payment-passport-element,/pasport-oplaty-element
elitesingles,EliteSingles,dating-social,https://elitesingles.com,Premium membership (charged upfront for 3/6/12 months),,,,unknown,no,unknown,,,https://www.elitesingles.com/discover-elitesingles/costs,2026-09,/en/payment-passport-elitesingles,/pasport-oplaty-elitesingles
feeld,Feeld,dating-social,https://feeld.co,Majestic membership,,app_store; google_play,,no,no,unknown,"Feeld lists Russia among countries where it is not available; no new registrations, existing accounts set inactive.",Payment method managed via Google Play / Apple Account; app not offered in listed countries.,https://support.feeld.co/hc/en-gb/articles/14876019037212-Countries-where-Feeld-is-NOT-available; https://support.feeld.co/hc/en-gb/articles/9406755473180-Changing-the-payment-method-linked-to-Your-account,2026-09,/en/payment-passport-feeld,/pasport-oplaty-feeld
fruitz,Fruitz,dating-social,https://fruitz.io,Fruitz Premium / Golden subscription (store pricing),,app_store; google_play,,no,no,unknown,"Owned by Bumble Inc., which removed all its apps from Russian/Belarusian app stores in March 2022.",,https://faq.fruitz.io/en/category/subscription-payment-wbtuiv/; https://thehill.com/policy/international/597575-dating-app-bumble-discontinuing-operations-in-russia-and-belarus/,2026-09,/en/payment-passport-fruitz,/pasport-oplaty-fruitz
grindr,Grindr,dating-social,https://grindr.com,Grindr XTRA / Unlimited subscriptions,,app_store; google_play,,unknown,no,unknown,,Billed via App Store/Google Play; Google Play Billing only in selected territories; offers and options vary by location.,https://help.grindr.com/hc/en-us/articles/1500008656241-Grindr-XTRA; https://help.grindr.com/hc/en-us/articles/49596843957523-Understanding-Grindr-Charges-and-Pre-Authorizations,2026-09,/en/payment-passport-grindr,/pasport-oplaty-grindr
happn,Happn,dating-social,https://happn.com,happn Premium subscription,,card; app_store; google_play,,unknown,no,unknown,,Accepted payment methods may vary by country; web version accepts credit cards via Stripe.,https://support.happn.fr/hc/en-us/articles/15706172276509-What-are-the-possible-payment-methods,2026-09,/en/payment-passport-happn,/pasport-oplaty-happn
her,HER,dating-social,https://weareher.com,HER Premium subscription,,app_store; google_play,,unknown,no,unknown,,,https://support.weareher.com/hc/en-us/articles/37022024924955-Purchasing-HER-Premium; https://wearehersupport.zendesk.com/hc/en-us/articles/6969609866900-Restoring-My-Purchase,2026-09,/en/payment-passport-her,/pasport-oplaty-her
hily,Hily,dating-social,https://hily.com,Hily Premium subscription,,card; app_store; google_play,,unknown,no,unknown,,,https://hily.com/billing/; https://hily-support-team.zendesk.com/hc/en-us/articles/360018094560-What-is-Hily-Premium-and-how-can-I-subscribe,2026-09,/en/payment-passport-hily,/pasport-oplaty-hily
hinge,Hinge,dating-social,https://hinge.co,"Hinge+ / HingeX subscriptions (weekly, monthly, 3/6-month)",,card; app_store; google_play,,no,no,unknown,Match Group brands withdrew from Russia by 30 June 2023.,Direct 'Hinge payment' (Stripe) is limited to the US; changing App Store region outside the US prevents using it.,https://help.hinge.co/hc/en-us/articles/36311070196243-Subscribing-to-Hinge-or-HingeX; https://help.hinge.co/hc/en-us/articles/360011312093-Why-am-I-unable-to-subscribe-to-Hinge-or-HingeX; https://www.reuters.com/markets/tinder-owner-match-group-swipes-left-russia-pledging-exit-by-june-30-2023-05-02/,2026-09,/en/payment-passport-hinge,/pasport-oplaty-hinge
hornet,Hornet,dating-social,https://hornet.com,"Hornet Membership (Plus / Premium / Max), monthly or yearly",,app_store; google_play,,partial,no,unknown,Removed from the Russian App Store on 27 Dec 2025 on a Roskomnadzor order (no new downloads/updates); Hornet released a separate 'Hornet Stories' iOS app for Russia in Jan 2026. Hornet says access was also restricted by Russian ISPs since 2023.,,https://hornetnetworks.zendesk.com/hc/en-us/articles/31340009009554-How-can-I-become-a-Member; https://hornet.com/fil/about/hornet-launches-hornet-stories-following-apples-removal-hornet-app-russia; https://meduza.io/news/2025/12/28/apple-po-trebovaniyu-roskomnadzora-udalila-iz-rossiyskogo-appstore-hornet-prilozhenie-dlya-gey-znakomstv,2026-09,/en/payment-passport-hornet,/pasport-oplaty-hornet
inner-circle,Inner Circle,dating-social,https://theinnercircle.co,Inner Circle membership,,app_store; google_play,,unknown,no,unknown,,,https://help.theinnercircle.co/help/why-do-i-have-to-pay-for-membership; https://apps.apple.com/gb/app/inner-circle-dating-app/id838136374,2026-09,/en/payment-passport-inner-circle,/pasport-oplaty-inner-circle
likee,Likee,dating-social,https://likee.video,Diamonds (virtual currency) recharge,,,,partial,unknown,unknown,Likee complies with Russia's 'landing' law and states it continues operating in Russia (Kommersant 2025 interview); Forbes.ru reported its iOS app disappeared from the Russian App Store while remaining on Google Play.,,https://www.kommersant.ru/doc/8379174; https://www.forbes.ru/tekhnologii/511004-prilozenie-socseti-likee-propalo-iz-app-store-v-rossii,2026-09,/en/payment-passport-likee,/pasport-oplaty-likee
line,LINE,dating-social,https://line.me,LINE Coins / stickers / LINE Premium (store pricing),,app_store; google_play,,unknown,unknown,unknown,,,https://help.line.me/line/smartphone/sp?contentId=20000182&lang=en,2026-09,/en/payment-passport-line,/pasport-oplaty-line
linkedin-premium,LinkedIn Premium,dating-social,https://linkedin.com,Premium Career / Premium Business subscriptions (regional pricing),,visa; mastercard; amex; discover; jcb; diners; paypal; apple_pay; google_pay; app_store; sepa; ideal; sofort,,no,no,no,Blocked in Russia by Roskomnadzor since November 2016 over data-localization law; apps removed from Russian app stores in 2017.,SEPA only in certain EUR countries; iDEAL only for Netherlands residents; Sofort only for Germany; PayPal availability depends on region; Diners Club USD only.,https://www.linkedin.com/help/linkedin/answer/a1342134; https://www.bbc.co.uk/news/technology-38014501; https://techcrunch.com/2017/03/07/russia-says-nyet-continues-linkedin-block-after-it-refuses-to-store-data-in-russia/,2026-09,/en/payment-passport-linkedin-premium,/pasport-oplaty-linkedin-premium
lovoo,Lovoo,dating-social,https://lovoo.com,LOVOO Premium subscription,,card; paypal; app_store; google_play; carrier_billing; local,Paymentwall; Sofort (Klarna),unknown,no,unknown,,No conventional bank transfer or direct debit; Sofort/mobile bill/Paymentwall are one-off (non-subscription) methods; card via Adyen.,https://support.lovoo.com/hc/en-us/articles/209534289-How-do-I-get-a-Premium-account,2026-09,/en/payment-passport-lovoo,/pasport-oplaty-lovoo
match-com,Match.com,dating-social,https://match.com,Match Premium subscription (regional pricing),,visa; mastercard; amex; discover; jcb; paypal; app_store; google_play,,no,no,unknown,Match Group withdrew all brands from Russia by 30 June 2023.,PayPal not available outside North America; prepaid cards accepted if registered/activated.,https://help.match.com/hc/en-us/articles/6077146376987-How-to-Subscribe-Payment-Options; https://www.reuters.com/markets/tinder-owner-match-group-swipes-left-russia-pledging-exit-by-june-30-2023-05-02/,2026-09,/en/payment-passport-match-com,/pasport-oplaty-match-com
meetic,Meetic,dating-social,https://meetic.fr,Meetic Premium subscription (EUR pricing),,visa; mastercard; amex; paypal,,no,no,no,Match Group brand; Match Group withdrew from Russia by 30 June 2023.,"No cheques, cash or bank transfers accepted; additional verification may be requested for card payments.",https://www.meetic.fr/faq/abonnement-et-fonctionnalites-payantes/comment-je-peux-payer-mon-abonnement-comment-il-apparaitra-sur-mon-releve-bancaire/; https://www.reuters.com/markets/tinder-owner-match-group-swipes-left-russia-pledging-exit-by-june-30-2023-05-02/,2026-09,/en/payment-passport-meetic,/pasport-oplaty-meetic
meetme-tagged,MeetMe / Tagged (The Meet Group),dating-social,https://meetme.com,MeetMe Premium subscription and Credits,,paypal; app_store; google_play,,unknown,no,unknown,,,https://support.meetme.com/hc/en-us/articles/21772095296786-How-can-I-request-a-refund; https://support.meetme.com/hc/en-us/sections/21772013794066-Payments,2026-09,/en/payment-passport-meetme-tagged,/pasport-oplaty-meetme-tagged
meetup-plus,Meetup+,dating-social,https://meetup.com,Meetup+ member subscription; organizer subscriptions,,card; paypal,,unknown,no,no,,Platform payments processed via Stripe (PayPal retained only for event fees since Oct 2024).,https://www.meetup.com/account/member-plus/; https://help.meetup.com/hc/en-us/articles/360004065471-Payment-Policies; https://help.meetup.com/hc/en-us/articles/30384079066253--September-2024-Member-Dues-Stripe-to-replace-PayPal-as-payment-processor,2026-09,/en/payment-passport-meetup-plus,/pasport-oplaty-meetup-plus
meta-verified,Meta Verified (Facebook/Instagram),dating-social,https://about.meta.com/technologies/meta-verified/,Meta Verified creator subscription (monthly; price varies by platform/region),,visa; mastercard; amex; app_store; google_play,,no,no,no,Facebook and Instagram are blocked in Russia and Meta was designated 'extremist' by a Russian court in March 2022.,,https://www.facebook.com/help/583342039892645; https://www.facebook.com/help/303238179023189; https://www.reuters.com/technology/meta-asks-russian-court-dismiss-proceedings-extremism-case-reports-2022-03-21/,2026-09,/en/payment-passport-meta-verified,/pasport-oplaty-meta-verified
muzz,Muzz,dating-social,https://muzz.com,Muzz Gold subscription,,card; app_store; google_play,,unknown,no,unknown,,,https://muzz.com/us/en/help/gold/how-do-i-upgrade-to-muzz-gold/; https://muzz.com/us/en/help/troubleshooting/im-having-card-issues/,2026-09,/en/payment-passport-muzz,/pasport-oplaty-muzz
okcupid,OkCupid,dating-social,https://okcupid.com,OkCupid Basic / Premium / Premium Plus subscriptions,,card; paypal; apple_pay; google_pay; app_store; google_play,,no,no,unknown,Match Group brands withdrew from Russia by 30 June 2023.,,https://okcupid-app.zendesk.com/hc/en-us/articles/22945125907227-OkCupid-Paid-Features-Subscriptions-Basic-Premium-Incognito-and-Premium-Plus; https://okcupid-app.zendesk.com/hc/en-us/articles/23178856415899-How-to-add-change-or-remove-payment-information; https://www.bbc.co.uk/news/business-65457098,2026-09,/en/payment-passport-okcupid,/pasport-oplaty-okcupid
plenty-of-fish,Plenty of Fish,dating-social,https://pof.com,POF Premium / Live credits,,visa; mastercard; amex; paypal; app_store; google_play,,no,no,unknown,Match Group brand; withdrawal from Russia completed 30 June 2023.,,https://help.pof.com/hc/en-us/articles/4402898953492-Accepted-payment-methods; https://www.euronews.com/next/2023/05/02/tinder-to-pull-out-of-russia-citing-human-rights-concerns,2026-09,/en/payment-passport-plenty-of-fish,/pasport-oplaty-plenty-of-fish
quora-plus,Quora+,dating-social,https://quora.com,Quora+ $6.99/month or $47.88/year,6.99,card; app_store; google_play,,partial,no,unknown,Individual Quora pages have been added to Russia's blocked-content registry (2022); no evidence of full-site block or Quora exit.,,https://www.quora.com/quoraplus; https://help.quora.com/hc/en-us/articles/360059650432-How-do-I-cancel-my-Quora-or-Space-subscription; https://roskomsvoboda.org/en/post/voen-cens-krupnyh-servisov-bucha/,2026-09,/en/payment-passport-quora-plus,/pasport-oplaty-quora-plus
raya,Raya,dating-social,https://rayatheapp.com,Raya membership (1/6/12-month auto-renewing),,app_store,,unknown,no,unknown,,,https://www.rayatheapp.com/termsofservice,2026-09,/en/payment-passport-raya,/pasport-oplaty-raya
reddit-premium,Reddit Premium,dating-social,https://reddit.com,Reddit Premium $5.99/month (web) or $6.99/month in-app,5.99,card; paypal; app_store; google_play,,unknown,no,unknown,No current official block found (a 2015 block was lifted within a day).,,https://support.reddithelp.com/hc/en-us/articles/360043034412-What-is-a-Reddit-Premium-subscription; https://support.reddithelp.com/hc/en-us/articles/360050099112-How-do-I-cancel-my-Reddit-Premium-subscription,2026-09,/en/payment-passport-reddit-premium,/pasport-oplaty-reddit-premium
scruff,SCRUFF,dating-social,https://scruff.com,SCRUFF Pro subscription,,card; app_store; google_play,,unknown,no,unknown,,iOS subscriptions managed by Apple ID account; promotions/subscriptions may be processed via Stripe.,https://support.scruff.com/portal/en/kb/articles/scruff-pro-store-6-12-2023-1; https://support.scruff.com/portal/en/kb/articles/pro-subscriptions-faq-ios-devices-6-12-2023-1,2026-09,/en/payment-passport-scruff,/pasport-oplaty-scruff
signal,Signal,dating-social,https://signal.org,No paid tier (donations only),,,,no,no,unknown,Roskomnadzor blocked Signal in Russia in August 2024.,,https://www.reuters.com/technology/signal-messenger-blocked-russia-says-roskomnadzor-ifax-2024-08-09/,2026-09,/en/payment-passport-signal,/pasport-oplaty-signal
snapchat-plus,Snapchat+,dating-social,https://snapchat.com,"Snapchat+ monthly/yearly subscription (plus Platinum, Lens+, Family plans; regional pricing)",,card; app_store; google_play,,no,no,unknown,"Russia blocked access to Snapchat in December 2025 (Roskomnadzor, per RIA/Reuters); Snap had halted ad sales in Russia since 2022.","Pricing varies by country and device; some plans (Platinum, Lens+) not available in all regions or via web.",https://help.snapchat.com/hc/en-us/articles/8098045516436-How-do-I-subscribe-to-Snapchat; https://help.snapchat.com/hc/en-us/articles/45845487406740-What-Snapchat-plans-are-available; https://help.snapchat.com/hc/en-us/articles/7121577610900-What-is-Snapchat; https://www.reuters.com/technology/russia-blocks-snapchat-ria-reports-2025-12-04/,2026-09,/en/payment-passport-snapchat-plus,/pasport-oplaty-snapchat-plus
taimi,Taimi,dating-social,https://taimi.com,Taimi XL subscription,,card; app_store; google_play,,unknown,no,unknown,,,https://taimi.com/billing/,2026-09,/en/payment-passport-taimi,/pasport-oplaty-taimi
tango-live,Tango Live,dating-social,https://tango.me,Tango Coins (virtual currency),,,,unknown,unknown,unknown,,,https://help.tango.me/en/,2026-09,/en/payment-passport-tango-live,/pasport-oplaty-tango-live
tantan,Tantan,dating-social,https://tantanapp.com,Tantan VIP / See Who Likes You,,app_store; google_play,,unknown,no,unknown,,,https://thetantanapp.com/buy,2026-09,/en/payment-passport-tantan,/pasport-oplaty-tantan
the-league,The League,dating-social,https://theleague.com,League Premium / Owner membership (in-app price list shows Premium 1 month $99.99),99.99,card; app_store; google_play,,no,no,unknown,Match Group brand; withdrawal from Russia by 30 June 2023.,In-app credit card (Stripe) purchases available only in select markets.,https://theleague-help.zendesk.com/hc/en-us/articles/42696060703387-Billing-Troubleshooting; https://apps.apple.com/us/app/the-league-intelligent-dating/id893653132; https://www.reuters.com/markets/tinder-owner-match-group-swipes-left-russia-pledging-exit-by-june-30-2023-05-02/,2026-09,/en/payment-passport-the-league,/pasport-oplaty-the-league
threema,Threema,dating-social,https://threema.com,One-time app license (CHF 5.99 / EUR 6.49 / USD 7.49) or store purchase,,visa; mastercard; app_store; google_play; bank_transfer; crypto; local,cash,partial,unknown,yes,Threema's Google Play listing states the app cannot be reinstalled or updated via Google Play from Russia or Belarus; installed apps keep working and updates are offered via Threema's own site.,Threema shop accepts Bitcoin and anonymous cash payment (paper money only).,https://threema.com/en/faq/pymt; https://shop.threema.ch/en/buy-anonymously; https://play.google.com/store/apps/details?id=ch.threema.app&hl=ru,2026-09,/en/payment-passport-threema,/pasport-oplaty-threema
tiktok-coins,TikTok Coins,dating-social,https://tiktok.com,TikTok Coins for LIVE gifts (web bundles from $0.31),,card; paypal; app_store; google_play; klarna,,partial,unknown,unknown,TikTok suspended livestreaming and new uploads in Russia in March 2022; messaging unaffected.,Coin eligibility and recharge methods vary by region (help center has region-specific eligibility articles).,https://www.tiktok.com/coin?lang=en; https://support.tiktok.com/en/live-gifts-wallet/gifts/gifts; https://www.reuters.com/technology/tiktok-suspends-livestreaming-new-uploads-russia-2022-03-06/,2026-09,/en/payment-passport-tiktok-coins,/pasport-oplaty-tiktok-coins
tumblr-premium,Tumblr Premium,dating-social,https://tumblr.com,Tumblr Premium $6.99/month or $69.99/year,6.99,card; paypal; app_store; google_play,,unknown,no,no,,Web payments processed by Stripe.,https://help.tumblr.com/knowledge-base/premium/,2026-09,/en/payment-passport-tumblr-premium,/pasport-oplaty-tumblr-premium
viber-out,Viber Out,dating-social,https://viber.com,Viber Out calling credit and plans,,card; app_store; google_play,,no,no,unknown,Roskomnadzor blocked Viber in Russia on 13 Dec 2024.,Credit-card purchase of Viber Out via Google Play is limited to a listed set of countries; desktop purchase with card available.,https://help.viber.com/hc/en-us/articles/9193558935709-How-to-buy-Viber-Out-credit-or-a-plan; https://www.reuters.com/technology/russian-watchdog-blocks-viber-messaging-app-2024-12-13/,2026-09,/en/payment-passport-viber-out,/pasport-oplaty-viber-out
wechat,WeChat,dating-social,https://wechat.com,Weixin Pay wallet features / stickers (no fixed subscription),,visa; mastercard,,unknown,unknown,unknown,,International cards can be linked to Weixin Pay per official help page.,https://cs.help.wechat.com/hc/en-us/articles/11975770896271-How-to-Set-Up-International-Cards-for-Weixin-Pay,2026-09,/en/payment-passport-wechat,/pasport-oplaty-wechat
whatsapp,WhatsApp (Meta Verified for Business),dating-social,https://whatsapp.com,Meta Verified for Business subscription on WhatsApp Business app,,app_store; google_play,,partial,no,unknown,Russia partially restricted WhatsApp calls in Aug 2025; Meta (parent) is designated extremist in Russia though WhatsApp was excluded from the 2022 ban.,,https://faq.whatsapp.com/5466418600110636/?cms_platform=android; https://www.reuters.com/sustainability/society-equity/russia-restricts-telegram-whatsapp-calls-citing-law-breaches-2025-08-13/; https://www.npr.org/2022/03/21/1087827003/facebook-instagram-russia-extremist-organization,2026-09,/en/payment-passport-whatsapp,/pasport-oplaty-whatsapp
wire,Wire,dating-social,https://wire.com,Wire for SMB €7.45 per user/month; Enterprise custom,,visa; mastercard; amex; invoice,,unknown,no,no,,Invoice payment only for custom plans on request.,https://wire.com/en/pricing,2026-09,/en/payment-passport-wire,/pasport-oplaty-wire
x-premium,X Premium,dating-social,https://x.com,X Premium tiers (Basic/Premium/Premium+); localized web pricing starting at $3/month for Basic,,card; app_store; google_play,,no,no,unknown,Twitter/X has been blocked in Russia by Roskomnadzor since March 2022; Russian officials in 2025 said it remains blocked.,Offered 'in available countries' with localized pricing; pricing differs between web and in-app.,https://archive.ph/5A4Hm; https://interfax.com/newsroom/top-stories/75547/; https://tass.com/society/1909437,2026-09,/en/payment-passport-x-premium,/pasport-oplaty-x-premium
yubo,Yubo,dating-social,https://yubo.live,Power Pack / Elite Pack subscriptions,,app_store; google_play,,unknown,no,unknown,,Purchases tied to the Apple ID / Google Play account used.,https://support.yubo.live/hc/en-us/articles/8799642703890-Yubo-Subscriptions; https://support.yubo.live/hc/en-us/articles/360016857819-Common-troubleshooting-for-purchases,2026-09,/en/payment-passport-yubo,/pasport-oplaty-yubo
zoosk,Zoosk,dating-social,https://zoosk.com,Zoosk subscription / Coins,,visa; mastercard; amex; discover; paypal,,unknown,no,unknown,,,https://support.zoosk.com/hc/en-us/articles/51223905324820-What-payment-methods-are-accepted,2026-09,/en/payment-passport-zoosk,/pasport-oplaty-zoosk
artlist,Artlist,design,https://artlist.io,Plans from $19.99/month ($11.99/month billed annually),19.99,card; paypal; apple_pay; google_pay,,unknown,yes,unknown,Russia not named explicitly in Terms; generic sanctions clause.,"No bank transfers or purchase orders; VAT/taxes based on billing address geolocation; Terms: no service to sanctioned countries/entities (US, EU, Israel sanctions).",https://help.artlist.io/hc/en-us/articles/29508665950109-Managing-Artlist-s-payments-billing-cycles-payment-methods-and-subscription-changes; https://artlist.io/pricing; https://artlist.io/help-center/privacy-terms/terms-of-use/; https://artlist.freshdesk.com/support/solutions/articles/43000669748-can-i-purchase-a-subscription-as-a-gift-; https://help.artlist.io/hc/en-us/articles/29490991524253-Understanding-Artlist-s-license,2026-09,/en/payment-passport-artlist,/pasport-oplaty-artlist
autodesk-maya,Autodesk Maya,design,https://www.autodesk.com/products/maya/overview,"Maya subscription (monthly/annual; price shown dynamically, not extractable)",,card; paypal; bank_transfer,,no,unknown,unknown,Autodesk suspended business in Russia (Mar 2022) and fully exited the Russian market (Aug 2022).,"Cards, PayPal, invoice/bank transfer depending on country; billing name/address must match payment provider records.",https://www.autodesk.com/support/account/manage/billing/payment-method; https://www.autodesk.com/products/maya/buy; https://adsknews.autodesk.com/en/views/crisis-in-ukraine/,2026-09,/en/payment-passport-autodesk-maya,/pasport-oplaty-autodesk-maya
capture-one,Capture One,design,https://www.captureone.com,Capture One Pro subscription (price not extractable from official page),,card; paypal; apple_pay; google_pay,,unknown,unknown,unknown,,"Store run by FastSpring; cards for all transactions; Apple Pay/Google Pay/PayPal depending on country, product and currency; wire transfer not available for subscriptions.",https://support.captureone.com/hc/en-us/articles/20522833224989-What-payment-methods-are-accepted-in-Capture-One-web-store; https://www.captureone.com/en/store,2026-09,/en/payment-passport-capture-one,/pasport-oplaty-capture-one
clip-studio-paint,Clip Studio Paint,design,https://www.clipstudio.net,PRO single-device plan US$4.49/month or US$26.99/year; EX higher,4.49,card,,unknown,unknown,unknown,Official 2022 notice says payment services may make access difficult in some regions; Russia not named explicitly.,Credit card; accepted card brands vary by country/region. Official notice: payment platforms may make purchase difficult in certain regions.,https://support.clip-studio.com/en-us/faq/articles/20200042; https://ec.clip-studio.com/en-us/help; https://www.clipstudio.net/en/news/202203/07_01/,2026-09,/en/payment-passport-clip-studio-paint,/pasport-oplaty-clip-studio-paint
coreldraw-graphics-suite,CorelDRAW Graphics Suite,design,https://www.coreldraw.com,Subscription $269/year (one-time purchase $549),22.42,visa; mastercard; paypal,,no,unknown,unknown,Corel stated in March 2022 it stopped sales of its products to Russia and Belarus (reported by Publish.ru citing Corel).,"Visa, Mastercard, PayPal; additional methods depend on country.",https://kb.corel.com/en/128285?language=en; https://www.globenewswire.com/news-release/2026/09/15/3362194/0/en/ai-vector-graphics-tools-power-creative-workflows-in-coreldraw-graphics-suite-2026.html; https://www.publish.ru/news/202203_20094204,2026-09,/en/payment-passport-coreldraw-graphics-suite,/pasport-oplaty-coreldraw-graphics-suite
davinci-resolve-studio,DaVinci Resolve Studio,design,https://www.blackmagicdesign.com/products/davinciresolve,DaVinci Resolve Studio one-time licence (price not extractable),,,,unknown,unknown,unknown,,,https://www.blackmagicdesign.com/products/davinciresolve/studio; https://www.blackmagicdesign.com/store,2026-09,/en/payment-passport-davinci-resolve-studio,/pasport-oplaty-davinci-resolve-studio
depositphotos,Depositphotos,design,https://depositphotos.com,Image subscription from $29/month (month-to-month),29,card; paypal,,no,unknown,unknown,"Depositphotos officially suspended all sales, services and cooperation with clients in Russia and Belarus.",FAQ lists PayPal and card payment topics; details of currency/wire options in FAQ.,https://depositphotos.com/faq/payments.html; https://blog.depositphotos.com/depositphotos-and-vistacreate-suspend-all-business-in-russia-and-belarus.html; https://depositphotos.com/subscribe.html,2026-09,/en/payment-passport-depositphotos,/pasport-oplaty-depositphotos
dribbble-pro,Dribbble Pro,design,https://dribbble.com/pro,Pro Lite $4/month billed yearly; Standard $8/month billed yearly; Plus $99/month,8,,,unknown,unknown,unknown,,,https://dribbble.com/pro; https://support.dribbble.com/hc/en-us/sections/360011281953-Billing,2026-09,/en/payment-passport-dribbble-pro,/pasport-oplaty-dribbble-pro
dxo-photolab,DxO PhotoLab,design,https://www.dxo.com,PhotoLab Essential $159.99 / Elite $239.99 one-time,,paypal,,unknown,unknown,unknown,,"Official store offers PayPal (incl. Pay in 4, eligibility varies by location); full payment-options FAQ exists but content not retrieved.",https://shop.dxo.com/en/dxo-photolab-10-essential.html; https://shop.dxo.com/en/dxo-photolab-9-elite.html; https://support.dxo.com/hc/en-us/sections/30696924528029-Online-shop,2026-09,/en/payment-passport-dxo-photolab,/pasport-oplaty-dxo-photolab
envato-elements,Envato Elements,design,https://elements.envato.com,Core (Individual) $16.50/month billed annually ($39 monthly); Plus $39; Ultimate $109,16.5,visa; mastercard; amex; paypal,,unknown,unknown,unknown,No official Russia-specific statement located.,"Envato Market help: Visa, Mastercard, Amex or PayPal, charged in USD.",https://elements.envato.com/pricing; https://help.market.envato.com/hc/en-us/articles/203269700-How-do-I-purchase-an-item,2026-09,/en/payment-passport-envato-elements,/pasport-oplaty-envato-elements
epidemic-sound,Epidemic Sound,design,https://www.epidemicsound.com,"Personal/Creator subscription, monthly or yearly (price not extractable)",,visa; mastercard; amex; jcb; unionpay; paypal; google_pay,,unknown,unknown,unknown,,"Cards, PayPal, Google Pay plus local options; no invoicing for online subscriptions.",https://help.epidemicsound.com/hc/en-us/articles/25891566534162-Payment-methods; https://www.epidemicsound.com/pricing/,2026-09,/en/payment-passport-epidemic-sound,/pasport-oplaty-epidemic-sound
final-cut-pro,Final Cut Pro,design,https://www.apple.com/final-cut-pro/,One-time Mac App Store purchase $299.99 (US); also in Apple Creator Studio,,app_store,,partial,yes,unknown,Apple: new App Store purchases in Russia only from existing Apple Account balance/App Store codes; funds cannot be added (Apr 2026).,Sold via Mac App Store; Apple Account payment methods and region apply.,https://apps.apple.com/us/app/final-cut-pro/id424389933?mt=12; https://support.apple.com/en-us/111741; https://support.apple.com/en-us/126891,2026-09,/en/payment-passport-final-cut-pro,/pasport-oplaty-final-cut-pro
fotor,Fotor,design,https://www.fotor.com,Fotor Pro subscription (price not extractable from official page),,,,unknown,unknown,unknown,,,https://support.fotor.com/hc/en-us/categories/900000391666-Payment-Subscriptions-and-Credits; https://www.fotor.com/pricing/,2026-09,/en/payment-passport-fotor,/pasport-oplaty-fotor
framer,Framer,design,https://www.framer.com,Basic site plan $10/month; Pro $30/month,10,card; paypal; bank_transfer,,no,unknown,unknown,Framer lists Russia among restricted countries where the service cannot be used/purchased.,"Payments via Stripe or Paddle; card everywhere, PayPal in some regions, bank transfer/custom billing for Enterprise. Sales tax added by location.",https://www.framer.com/help/articles/subscriptions-and-charges/; https://www.framer.com/help/articles/restricted-countries/; https://www.framer.com/pricing; https://www.framer.com/pricing/,2026-09,/en/payment-passport-framer,/pasport-oplaty-framer
freepik-2,Freepik,design,https://www.freepik.com,Premium plan $20/month or $14.50/month billed annually; Premium+ $45/$33.75,20,visa; mastercard; amex; paypal; apple_pay; google_pay,,unknown,unknown,unknown,,"Card must support online, international and recurring payments (charges originate in Spain); billing postal code must match card address; VAT depends on billing country/VAT number.",https://in.freepik.com/ai/docs/payments-invoices-and-errors; https://www.freepik.com/pricing,2026-09,/en/payment-passport-freepik-2,/pasport-oplaty-freepik-2
getty-images-istock,Getty Images / iStock,design,https://www.istockphoto.com,iStock subscriptions from about $29/month; credit packs also sold,29,bank_transfer,,unknown,unknown,unknown,"Getty (SEC filing 2022): no direct presence in Russia, complying with all sanctions; no explicit customer block documented.",Payment on terms (invoice) requires an approved credit-term account; card details managed in account (brands not itemised).,https://www.istockphoto.com/en/faq/purchasing; https://www.istockphoto.com/plans-and-pricing; https://www.sec.gov/Archives/edgar/data/1812667/000110465922061472/tm2215650d1_ex99-2.htm,2026-09,/en/payment-passport-getty-images-istock,/pasport-oplaty-getty-images-istock
icons8,Icons8,design,https://icons8.com,"AI & Graphics / Icons plans, monthly or yearly (save 20%); price not extractable from page",,card; paypal; apple_pay; app_store; alipay; wechat_pay; local,microsoft store,unknown,yes,unknown,,"Cards via Stripe, PayPal, Apple Pay, AliPay, WeChat Pay; Apple App Store / Microsoft Store for Lunacy app purchases.",https://intercom.help/icons8-7fb7577e8170/en/articles/15603023-what-payment-methods-does-icons8-accept; https://icons8.com/pricing; https://icons8.com/l/gift-subscription-0h6k33/,2026-09,/en/payment-passport-icons8,/pasport-oplaty-icons8
invideo,InVideo,design,https://invideo.io,Plus plan from $17/month billed annually,17,card,,unknown,unknown,unknown,,All prices in USD regardless of country; card charged in local currency by the issuer.,https://help.invideo.io/en/articles/9380460-how-can-i-update-my-card-details; https://help.invideo.io/en/articles/11532410-do-prices-vary-by-country-and-can-i-pay-in-my-local-currency; https://invideo.io/pricing,2026-09,/en/payment-passport-invideo,/pasport-oplaty-invideo
kapwing,Kapwing,design,https://www.kapwing.com,Pro $16/month billed annually ($24 monthly),24,card,,unknown,unknown,unknown,,Payments powered by Stripe.,https://www.kapwing.com/pricing; https://www.kapwing.com/policies/terms-of-service,2026-09,/en/payment-passport-kapwing,/pasport-oplaty-kapwing
lottiefiles,LottieFiles,design,https://lottiefiles.com,Individual plan $19.99 per user/month billed annually; Team $24.99,19.99,card; paypal; apple_pay; google_pay; bank_transfer,,unknown,unknown,unknown,,"Cards via Stripe, PayPal, Apple Pay, Google Pay; invoice for Enterprise. Plans billed annually.",https://help.lottiefiles.com/payment-methods-accepted; https://lottiefiles.com/pricing; https://help.lottiefiles.com/hc/en-us/articles/7886643100313-is-there-a-monthly-payment-plan-offered-by-lottiefiles,2026-09,/en/payment-passport-lottiefiles,/pasport-oplaty-lottiefiles
luminar-neo,Luminar Neo (Skylum),design,https://skylum.com,Luminar Neo lifetime licence $119-$129 (one-time) or annual subscription,,card,,no,unknown,unknown,"Skylum discontinued its products in Russia and Belarus (2022, reported by Popular Photography).","Official pricing page: major credit/debit cards (Visa, Mastercard etc.).",https://skylum.com/luminar/pricing-tt; https://skylum.com/luminar/pricing; https://www.popphoto.com/news/skylum-luminar-neo-update-2022/,2026-09,/en/payment-passport-luminar-neo,/pasport-oplaty-luminar-neo
marvelous-designer,Marvelous Designer,design,https://www.marvelousdesigner.com,Personal monthly subscription $39/month; 1-year prepaid $280,39,card; paypal,,partial,unknown,unknown,Purchases/renewals from Russia and Belarus may fail per official payment-restriction notice.,Official notice: payments originating from Russia and Belarus (and Ukraine transactions tied to Russian financial institutions) may not be processed.,https://support.marvelousdesigner.com/hc/en-us/articles/47358237301785--Important-Notice-Payment-restrictions-on-Russia-and-Belarus; https://support.marvelousdesigner.com/hc/en-us/articles/47358206856217-Student-License-Policy-Updates; https://support.marvelousdesigner.com/hc/en-us/articles/4410742511769-License-Plan,2026-09,/en/payment-passport-marvelous-designer,/pasport-oplaty-marvelous-designer
maxon-cinema-4d,Maxon Cinema 4D,design,https://www.maxon.net,Cinema 4D subscription (price not extractable from official page),,card,,no,unknown,unknown,Maxon suspended new business and ongoing support for Russian customers.,Payment/renewal managed via 2Checkout with stored card details.,https://www.maxon.net/en/article/responding-to-the-ukraine-crisis; https://support.maxon.net/hc/en-us/articles/21711596475932-Managing-Automatic-Renewal-and-Payment-Information; https://www.maxon.net/en/buy,2026-09,/en/payment-passport-maxon-cinema-4d,/pasport-oplaty-maxon-cinema-4d
motion-array,Motion Array,design,https://motionarray.com,Motion Array subscription (price not extractable),,card; paypal,,unknown,unknown,unknown,,Any credit card or PayPal; processor may reject high-risk transactions.,https://motionarray.com/pricing/; https://help.motionarray.com/hc/en-us/articles/8994807205405-Disputed-payments-and-downgrades,2026-09,/en/payment-passport-motion-array,/pasport-oplaty-motion-array
myfonts,MyFonts (Monotype),design,https://www.myfonts.com,"Per-font licences (one-time, varies)",,card; paypal; bank_transfer,,partial,unknown,unknown,"Monotype reported (TASS, 2022) to have suspended business relations with Russian companies; scope for individual buyers not documented officially.",Credit card or PayPal on site; invoice payment offered only in some countries; prices in regional currencies.,https://www.myfonts.com/pages/faq/; https://tass.com/economy/1437791,2026-09,/en/payment-passport-myfonts,/pasport-oplaty-myfonts
photopea,Photopea,design,https://www.photopea.com,"Premium (ad-free) account, 5 USD/month per official blog",5,,,partial,unknown,unknown,"Official page: Photopea's ad provider does not do business in Russia, so free ad-supported mode behaves differently there; Premium purchase rules not documented.",,https://www.photopea.com/api/accounts; https://blog.photopea.com/photopea-premium.html; https://www.photopea.com/tuts/photopea-says-i-am-blocking-ads-but-i-am-not/,2026-09,/en/payment-passport-photopea,/pasport-oplaty-photopea
pixelmator-pro,Pixelmator Pro,design,https://www.pixelmator.com,Apple Creator Studio subscription $12.99/month or $129/year; one-time Mac App Store purchase also available,12.99,app_store,,partial,unknown,unknown,Apple: new App Store purchases/renewals in Russia only from existing Apple Account balance; funds can no longer be added (Apr 2026).,Purchased via Mac App Store / Apple Account; App Store region and Apple payment methods apply.,https://www.apple.com/pixelmator-pro/; https://support.apple.com/en-us/122692; https://support.apple.com/en-us/126891,2026-09,/en/payment-passport-pixelmator-pro,/pasport-oplaty-pixelmator-pro
pond5,Pond5,design,https://www.pond5.com,Subscriptions from $25/month; per-item and credit packs also,25,card; paypal; bank_transfer,,unknown,unknown,unknown,,PayPal and most major cards worldwide; invoicing account for regular high-volume licensees.,https://www.pond5.com/pricing,2026-09,/en/payment-passport-pond5,/pasport-oplaty-pond5
procreate,Procreate,design,https://procreate.com,One-time App Store purchase $12.99 (US),,app_store,,partial,yes,unknown,"Apple: new App Store purchases in Russia only possible with existing Apple Account balance / already-held App Store codes (since Apr 2026, no way to add funds).",Sold exclusively via Apple App Store; Apple Account payment methods and App Store region apply.,https://procreate.com/faq; https://apps.apple.com/us/app/procreate/id425073498; https://support.apple.com/en-us/111741; https://support.apple.com/en-us/126891,2026-09,/en/payment-passport-procreate,/pasport-oplaty-procreate
reallusion,Reallusion (iClone / Character Creator),design,https://www.reallusion.com,Perpetual licences for Character Creator / iClone (prices not extractable),,card; paypal; bank_transfer,,unknown,unknown,unknown,,Credit card or PayPal; wire transfer only for orders over $150 with fees borne by buyer.,https://kb.reallusion.com/Purchase/53127/What-can-I-do-if-I-pay-by-Credit-Card-but-the-payment-fails; https://kb.reallusion.com/Purchase/52953/Is-there-another-payment-option-other-than-PayPal-account-Credit-Card; https://www.reallusion.com/plan-and-pricing/individual/perpetual,2026-09,/en/payment-passport-reallusion,/pasport-oplaty-reallusion
remove-bg,remove.bg,design,https://www.remove.bg,Credit subscriptions / pay-as-you-go credits (prices not extractable),,,,unknown,unknown,unknown,,,https://www.remove.bg/pricing,2026-09,/en/payment-passport-remove-bg,/pasport-oplaty-remove-bg
rive,Rive,design,https://rive.app,Paid plan from $9/month (team plans from $32/month),9,card,,unknown,unknown,unknown,No explicit Russia listing; only generic sanctions clause in Terms.,Billing via Stripe Customer Portal with payment card; ToS forbids use in violation of US sanctions/export laws or by SDNs.,https://rive.app/docs/account-admin/account-overview/billing-changes; https://rive.app/pricing; https://rive.app/docs/legal/terms-of-service,2026-09,/en/payment-passport-rive,/pasport-oplaty-rive
shutterstock,Shutterstock,design,https://www.shutterstock.com,Image subscriptions (customer price not verified from official page),,,,unknown,unknown,unknown,Official statement covers contributors only: no new contributors from Russia/Belarus since Apr 2022; customer-side rules not documented.,,https://submit.shutterstock.com/help/en/articles/10594617-does-shutterstock-work-with-contributors-in-russia-and-belarus,2026-09,/en/payment-passport-shutterstock,/pasport-oplaty-shutterstock
sidefx-houdini,SideFX Houdini,design,https://www.sidefx.com,Houdini Indie $299/year ($449 for 2 years),24.92,,,unknown,unknown,unknown,,,https://www.sidefx.com/products/houdini-indie/; https://www.sidefx.com/buy/,2026-09,/en/payment-passport-sidefx-houdini,/pasport-oplaty-sidefx-houdini
sketch,Sketch,design,https://www.sketch.com,Standard subscription per Editor (monthly or yearly); Mac-only license also sold,,visa; mastercard,,no,unknown,unknown,"Sketch announced it stopped all sales, renewals and add-on purchases in Russia.",Official payment page: credit/debit cards only for Standard subscription and Mac-only license purchases (processed via Stripe); no other methods planned.,https://www.sketch.com/support/subscriptions/manage/payment-options/; https://www.sketch.com/blog/we-stand-with-ukraine/; https://www.sketch.com/pricing/,2026-09,/en/payment-passport-sketch,/pasport-oplaty-sketch
sketchup,SketchUp (Trimble),design,https://www.sketchup.com,SketchUp Go $10.75/month; Pro $33.25/month; Studio $68.25/month (billed annually),33.25,card; paypal,,no,unknown,unknown,Trimble ceased selling products and services in Russia and Belarus (Mar 2022) and discontinued Russian operations.,Major credit cards and PayPal; region/location determines payment options and product availability.,https://help.sketchup.com/en/license-types-and-pricing; https://www.sketchup.com/en/plans-and-pricing; https://news.trimble.com/2022-05-27-Trimble-Statement-on-Russia,2026-09,/en/payment-passport-sketchup,/pasport-oplaty-sketchup
spline,Spline,design,https://spline.design,Pro plan $12/month billed annually ($15 monthly); Max $25 annual/$30 monthly,15,card; bank_transfer,,unknown,unknown,unknown,,Enterprise: all major credit cards and wire transfer (docs). Individual plan payment methods not itemised in official docs.,https://spline.design/pricing; https://docs.spline.design/account/spline-for-enterprise,2026-09,/en/payment-passport-spline,/pasport-oplaty-spline
storyblocks,Storyblocks,design,https://www.storyblocks.com,Individual plans $21 or $30/month billed annually (Unlimited All Access $30),30,visa; mastercard; amex; discover; paypal; apple_pay; google_pay,,unknown,unknown,unknown,No official customer-facing Russia statement; contributor notice concerns payouts only.,,https://help.storyblocks.com/en/articles/3622207-what-payment-methods-does-storyblocks-accept; https://www.storyblocks.com/pricing,2026-09,/en/payment-passport-storyblocks,/pasport-oplaty-storyblocks
techsmith-camtasia,TechSmith Camtasia,design,https://www.techsmith.com/camtasia/,Camtasia subscription $179.88/year,14.99,visa; mastercard; amex; discover; jcb; paypal; apple_pay; google_pay; amazon_pay; bank_transfer,,no,unknown,unknown,TechSmith: software is not sold or allowed for use in Russia or Belarus.,"Cards, PayPal, Amazon Pay, Apple/Google Pay; check/money order for non-renewing orders; wire transfer for orders >= $750.",https://support.techsmith.com/hc/en-us/articles/44227819319181-What-Payment-Methods-Can-I-Use; https://support.techsmith.com/hc/en-us/articles/41687545136653-Where-Our-Software-Can-t-Be-Used; https://www.techsmith.com/store/camtasia,2026-09,/en/payment-passport-techsmith-camtasia,/pasport-oplaty-techsmith-camtasia
toon-boom-harmony,Toon Boom Harmony,design,https://www.toonboom.com,Harmony Essentials USD $31/month or $259/year,31,visa; mastercard; jcb; diners,,unknown,unknown,unknown,,"Credit cards only (Visa, Mastercard, Diners; JCB in Japan); no digital wallets or third-party subscription services.",https://helpcentre.toonboom.com/hc/en-us/articles/40051890874899-What-are-Toon-Boom-s-supported-payment-methods-for-Online-Store-purchases; https://shop.toonboom.com/en/products/harmony,2026-09,/en/payment-passport-toon-boom-harmony,/pasport-oplaty-toon-boom-harmony
vimeo,Vimeo,design,https://vimeo.com,Starter $12/month; Standard $25/month; Advanced $75/month,12,visa; mastercard; amex; discover; jcb; unionpay; paypal; app_store; google_play; local,CartaSi; Carte Bleue; Dankort; cartasi; carte bleue; dankort,partial,unknown,unknown,Vimeo suspended support for new customers in Russia (2022); official availability page: not accepting new customers in Russia.,Card brands/PayPal on web; app-store billing in mobile apps; availability page lists regional restrictions.,https://help.vimeo.com/hc/en-us/articles/12425399024657-Accepted-payment-methods-overview; https://help.vimeo.com/hc/en-us/articles/18332106845329-Vimeo-availability-and-regional-restrictions; https://vimeo.com/blog/post/suspending-support-russia-updating-content-guidelines; https://vimeo.com/upgrade; https://help.vimeo.com/hc/en-us/articles/12426042296465-About-purchasing-Vimeo-On-Demand-titles; https://vimeo.com/upgrade-plan,2026-09,/en/payment-passport-vimeo,/pasport-oplaty-vimeo
vsco,VSCO,design,https://www.vsco.co,Plus $2.49/month ($29.99/year); Pro $5/month annual or $12.99 monthly,12.99,,,unknown,unknown,unknown,Russia not explicitly listed in official restricted-region article.,VSCO blocks account access from sanctioned/embargoed regions and prohibits transactions with sanctioned regions/entities.,https://www.vsco.co/subscribe/plans; https://support.vsco.co/hc/en-us/articles/13178809293581-Account-Access-Blocked-in-Restricted-Country-or-Region,2026-09,/en/payment-passport-vsco,/pasport-oplaty-vsco
webflow,Webflow,design,https://webflow.com,Basic site plan $15/month billed yearly ($25 monthly); CMS $25/month yearly,15,card,,no,unknown,unknown,Russia listed on Webflow's OFAC-sanctioned countries restriction page; accounts not permitted.,Webflow cannot allow customer accounts from OFAC comprehensively sanctioned countries/regions; Russia is listed.,https://help.webflow.com/hc/en-us/articles/33961211010323-Webflow-restrictions-for-OFAC-sanctioned-countries; https://help.webflow.com/hc/en-us/articles/51059955082387-Updated-pricing-and-simplified-plans-for-May-2026; https://webflow.com/pricing; https://help.webflow.com/hc/en-us/articles/33961263834387-View-and-update-your-payment-card,2026-09,/en/payment-passport-webflow,/pasport-oplaty-webflow
zeplin,Zeplin,design,https://zeplin.io,Team plans from $13.75/month; Organization $12 per seat/month billed annually,13.75,visa; mastercard; amex; discover; jcb; unionpay; bank_transfer,,unknown,unknown,unknown,,"Credit card required (Amex, Mastercard, Visa, China UnionPay, Discover/Diners, JCB); US bank transfer only for Enterprise invoicing.",https://support.zeplin.io/en/articles/3377325-billing-faq; https://zeplin.io/pricing,2026-09,/en/payment-passport-zeplin,/pasport-oplaty-zeplin
algolia,Algolia,dev-tools,https://www.algolia.com,Pay-as-you-go: $0.50–$1.75 per 1K additional search requests,,visa; mastercard; amex; bank_transfer; invoice,,no,no,no,"Algolia restricts access to its services from Russia (with Cuba, Iran, North Korea, Syria); API returns HTTP 403.",Sign-in and API access blocked by country/region.,https://support.algolia.com/hc/en-us/articles/4406981858065-Which-payment-methods-and-currencies-can-I-use; https://support.algolia.com/hc/en-us/articles/4406981939473-Does-Algolia-restrict-access-to-some-countries-or-regions; https://www.algolia.com/pricing,2026-09,/en/payment-passport-algolia,/pasport-oplaty-algolia
auth0,Auth0 (Okta),dev-tools,https://auth0.com,Essentials from $35/month,35.0,visa; mastercard; amex; bank_transfer; invoice,,partial,no,no,"Okta/Auth0 blocks access from Cuba, Iran, North Korea, Syria, Crimea/DNR/LNR; Russia not on the published block list. Earlier reports of sales halt to Russia/Belarus were not verified on official pages.",Access restricted by IP geolocation for embargoed territories; exemption form available.,https://support.auth0.com/center/s/article/Billing-Using-a-Payment-Method-different-than-Credit-Card; https://support.auth0.com/center/s/article/Sanctioned-Country-Access-through-Auth0; https://auth0.com/pricing,2026-09,/en/payment-passport-auth0,/pasport-oplaty-auth0
backblaze-b2,Backblaze B2,dev-tools,https://www.backblaze.com/cloud-storage,B2 pay-as-you-go $6.95/TB/month,6.95,visa; mastercard; amex; discover; bank_transfer; invoice; local,us ach,unknown,no,no,Backblaze's international-customers doc lists only the Crimea region as unsupported (Computer Backup); no B2-specific Russia statement verified.,"International-customers page lists excluded territories (Cuba, Iran, North Korea, Crimea, Donetsk, Luhansk); Russia not named.",https://www.backblaze.com/company/policy/payments-and-refunds; https://www.backblaze.com/cloud-storage/pricing; https://www.backblaze.com/computer-backup/docs/international-customers,2026-09,/en/payment-passport-backblaze-b2,/pasport-oplaty-backblaze-b2
bitbucket,Bitbucket,dev-tools,https://bitbucket.org,Standard plan per user/month (see pricing page),,visa; mastercard; amex; paypal; bank_transfer; invoice,,no,no,no,"Atlassian stopped new sales in Russia/Belarus (March 2022) and stopped renewals for customers located there from Oct 31, 2022.",Atlassian bills by the billing country on the account; PayPal/bank transfer availability depends on region per 'How to pay' page.,https://www.atlassian.com/licensing/purchase-licensing/howtopay; https://www.atlassian.com/blog/announcements/atlassian-stands-with-ukraine; https://www.atlassian.com/software/bitbucket/pricing,2026-09,/en/payment-passport-bitbucket,/pasport-oplaty-bitbucket
browserstack,BrowserStack,dev-tools,https://www.browserstack.com,Live Desktop $39/month (monthly),39.0,visa; mastercard; amex; paypal; bank_transfer; invoice,,unknown,no,unknown,No official BrowserStack page documenting Russia-specific restrictions was verified.,,https://www.browserstack.com/support/faq/plans-pricing/payment/how-do-i-purchase-a-plan; https://www.browserstack.com/pricing,2026-09,/en/payment-passport-browserstack,/pasport-oplaty-browserstack
bunny-net,Bunny.net,dev-tools,https://bunny.net,Prepaid pay-as-you-go CDN/storage (from $0.01/GB),1.0,visa; mastercard; amex; discover; jcb; diners; paypal; apple_pay; bank_transfer; crypto,,unknown,no,yes,No official Bunny.net page documenting Russia-specific restrictions was verified.,Prepaid account balance model; funds added via supported methods.,https://support.bunny.net/hc/en-us/articles/360012194340-Which-payment-methods-do-you-support; https://bunny.net/docs/billing/add-funds; https://bunny.net/pricing/,2026-09,/en/payment-passport-bunny-net,/pasport-oplaty-bunny-net
circleci,CircleCI,dev-tools,https://circleci.com,"Performance plan: $15/month per additional user + credits ($15 per 25,000 credits)",15.0,visa; mastercard; amex; bank_transfer; invoice,,no,no,no,CircleCI lists Russia and Belarus as Sanctioned Locations; access from them is restricted and free-plan users are permanently restricted.,,https://support.circleci.com/hc/en-us/articles/32340718926747-Can-I-switch-from-credit-card-to-bank-transfer-or-purchase-order-on-a-month-to-month-plan; https://support.circleci.com/hc/en-us/articles/360043679453-Terms-of-Service-Violation-U-S-Sanctions-Policy; https://circleci.com/pricing/,2026-09,/en/payment-passport-circleci,/pasport-oplaty-circleci
cloudinary,Cloudinary,dev-tools,https://cloudinary.com,Plus $99/month (monthly) / $89 annual,99.0,visa; mastercard; amex; apple_pay; google_pay; bank_transfer; invoice,,unknown,no,no,No official Cloudinary page documenting Russia-specific restrictions was verified.,,https://cloudinary.com/documentation/billing_and_plans; https://cloudinary.com/documentation/ts_does_cloudinary_support_credit_card_payments; https://cloudinary.com/pricing,2026-09,/en/payment-passport-cloudinary,/pasport-oplaty-cloudinary
contentful,Contentful,dev-tools,https://www.contentful.com,Lite/Premium plans (see pricing page),,visa; mastercard; amex; bank_transfer; invoice,,unknown,no,no,No official Contentful page documenting Russia-specific restrictions was verified.,,https://www.contentful.com/help/faq/billing/; https://www.contentful.com/help/billing-and-subscription/; https://www.contentful.com/pricing/,2026-09,/en/payment-passport-contentful,/pasport-oplaty-contentful
datadog,Datadog,dev-tools,https://www.datadoghq.com,"Infrastructure Pro (per host/month, see pricing)",,visa; mastercard; amex; marketplace; bank_transfer; invoice,,partial,no,no,Datadog EULA/MSA prohibit use by persons located in sanctioned regions ('Sanctions Targets'); a restricted service locations page exists but the specific list could not be extracted.,Data may be accessed from any non-sanctioned country (Contracting FAQ).,https://docs.datadoghq.com/account_management/billing/credit_card/; https://docs.datadoghq.com/account_management/billing/; https://www.datadoghq.com/legal/eula/; https://www.datadoghq.com/legal/msa/; https://www.datadoghq.com/legal/restricted-service-locations/,2026-09,/en/payment-passport-datadog,/pasport-oplaty-datadog
docker-hub,Docker Hub,dev-tools,https://hub.docker.com,Docker Pro $11/user/month (monthly) / $9 billed annually,11.0,visa; mastercard; amex; discover; jcb; invoice,,partial,no,no,"Docker Hub geo-blocked access from Russia (May 30, 2024, per reputable reporting); access was later restored per Russian media. No official Docker Russia policy page found.",Billing address country is required when adding a payment method; no card-country lock documented.,https://docs.docker.com/billing/payment-method/; https://docs.docker.com/faqs/subscription-billing/; https://www.docker.com/pricing/; https://therecord.media/docker-hub-suspends-services-russia; https://www.kommersant.ru/doc/6744910,2026-09,/en/payment-passport-docker-hub,/pasport-oplaty-docker-hub
elastic-cloud,Elastic Cloud,dev-tools,https://www.elastic.co/cloud,"Standard tier, usage-based (see pricing)",,visa; mastercard; amex; marketplace; invoice,,no,no,no,Elastic's international trade policy and 2022 statement: suspended business in Russia and Belarus.,,https://www.elastic.co/docs/deploy-manage/cloud-organization/billing/billing-faq; https://www.elastic.co/pdf/international-trade-policy.pdf; https://www.elastic.co/blog/elastic-stands-with-ukraine; https://www.elastic.co/pricing,2026-09,/en/payment-passport-elastic-cloud,/pasport-oplaty-elastic-cloud
fly-io,Fly.io,dev-tools,https://fly.io,Pay-as-you-go usage,1.94,visa; mastercard; amex; invoice,,unknown,no,unknown,No official Fly.io page documenting Russia-specific restrictions was verified.,Billing handled through Stripe-hosted invoices.,https://fly.io/docs/about/billing/; https://fly.io/pricing/,2026-09,/en/payment-passport-fly-io,/pasport-oplaty-fly-io
gitlab,GitLab,dev-tools,https://gitlab.com,Premium $29/user/month,29.0,visa; mastercard; amex; bank_transfer; invoice,,unknown,no,unknown,No current official GitLab page documenting Russia-specific restrictions was verified.,Customers Portal requires a billing account with company/country details; no card-country rule documented.,https://docs.gitlab.com/subscriptions/billing_account/; https://about.gitlab.com/pricing/,2026-09,/en/payment-passport-gitlab,/pasport-oplaty-gitlab
grafana-cloud,Grafana Cloud,dev-tools,https://grafana.com,Grafana Cloud Pro $19/month + usage,19.0,visa; mastercard; amex; marketplace; invoice,,partial,no,unknown,Grafana Labs states its enterprise binaries are subject to export regulations and not made available in Russia (staff reply on official forum); no Cloud-specific Russia policy page found.,,https://grafana.com/docs/grafana-cloud/platform/cost-management-and-billing/; https://grafana.com/pricing/; https://community.grafana.com/t/cant-download-grafana-9-0-2-from-russia/68391,2026-09,/en/payment-passport-grafana-cloud,/pasport-oplaty-grafana-cloud
hashicorp-cloud-platform,HashiCorp Cloud Platform,dev-tools,https://cloud.hashicorp.com,Pay-as-you-go usage,,visa; mastercard; amex; marketplace; invoice,,partial,no,no,HashiCorp trade-controls page requires compliance with US export/sanctions laws; no explicit Russia list on official pages.,,https://developer.hashicorp.com/hcp/docs/hcp/admin/billing/pay-as-you-go; https://support.hashicorp.com/hc/en-us/articles/4406218482707-How-to-Add-a-Credit-Card-to-HCP-Portal; https://www.hashicorp.com/trade-controls; https://www.hashicorp.com/en/pricing,2026-09,/en/payment-passport-hashicorp-cloud-platform,/pasport-oplaty-hashicorp-cloud-platform
hugging-face,Hugging Face,dev-tools,https://huggingface.co,Pro $9/month; Team $20/user/month,9.0,visa; mastercard; amex; marketplace; invoice,,unknown,no,unknown,No official Hugging Face page documenting Russia-specific restrictions was verified.,,https://huggingface.co/docs/hub/billing; https://huggingface.co/pricing,2026-09,/en/payment-passport-hugging-face,/pasport-oplaty-hugging-face
jetbrains,JetBrains,dev-tools,https://www.jetbrains.com,All Products Pack / individual IDE subscriptions (price varies by product and year),,visa; mastercard; amex; jcb; paypal; bank_transfer; invoice,,no,no,no,JetBrains suspended all sales in Russia and Belarus indefinitely (March 2022) and closed its Russian offices.,"Store terms route purchases to different JetBrains legal entities by customer country; Russian Federation is treated as a separate, suspended sales region.",https://sales.jetbrains.com/hc/en-gb/articles/206544719-What-payment-cards-do-you-accept; https://sales.jetbrains.com/hc/en-gb/articles/360020923019-What-payment-methods-are-available-for-businesses; https://blog.jetbrains.com/blog/2022/03/11/jetbrains-statement-on-ukraine/; https://blog.jetbrains.com/blog/2022/12/06/update-on-jetbrains-statement-on-ukraine/,2026-09,/en/payment-passport-jetbrains,/pasport-oplaty-jetbrains
jira,Jira,dev-tools,https://www.atlassian.com/software/jira,Standard plan per user/month (see pricing page),,visa; mastercard; amex; paypal; bank_transfer; invoice,,no,no,no,"Atlassian stopped new sales in Russia/Belarus (March 2022) and stopped renewals for customers located there from Oct 31, 2022.",Billing country set on the Atlassian billing account; payment options vary by region.,https://www.atlassian.com/licensing/purchase-licensing/howtopay; https://support.atlassian.com/subscriptions-and-billing/docs/manage-payment-methods/; https://www.atlassian.com/blog/announcements/atlassian-stands-with-ukraine; https://www.atlassian.com/software/jira/pricing,2026-09,/en/payment-passport-jira,/pasport-oplaty-jira
launchdarkly,LaunchDarkly,dev-tools,https://launchdarkly.com,Developer $10/month per 1K MAU (usage-based),10.0,visa; mastercard; amex; invoice,,unknown,no,unknown,No official LaunchDarkly page documenting Russia-specific restrictions was verified.,,https://docs.launchdarkly.com/home/account/billing-tab/; https://launchdarkly.com/pricing/,2026-09,/en/payment-passport-launchdarkly,/pasport-oplaty-launchdarkly
leetcode,LeetCode,dev-tools,https://leetcode.com,LeetCode Premium (monthly/yearly; see subscribe page),,visa; mastercard; amex; paypal,,unknown,no,unknown,No official LeetCode page documenting Russia-specific restrictions was verified.,,https://support.leetcode.com/hc/en-us/sections/360002895913-Billing; https://leetcode.com/subscribe/,2026-09,/en/payment-passport-leetcode,/pasport-oplaty-leetcode
linear,Linear,dev-tools,https://linear.app,Basic $10/user/month; Business $16/user/month,10.0,visa; mastercard; amex; bank_transfer; invoice,,unknown,no,unknown,No official Linear page documenting Russia-specific restrictions was verified.,Billing address determines applicable sales tax; invoice/PO billing available on higher plans.,https://linear.app/docs/billing-and-plans; https://linear.app/pricing,2026-09,/en/payment-passport-linear,/pasport-oplaty-linear
linode,Linode (Akamai Cloud),dev-tools,https://www.linode.com,Shared CPU plans from $5/month,5.0,visa; mastercard; amex; discover; unionpay; paypal; google_pay; invoice,,partial,no,no,Akamai suspended all sales efforts in Russia and Belarus and terminated business with state-majority-owned Russian/Belarusian customers (2022).,Official docs: a credit card added directly must match the account's billing contact information and address.,https://techdocs.akamai.com/cloud-computing/docs/manage-payment-methods; https://techdocs.akamai.com/cloud-computing/docs/billing-faqs; https://www.akamai.com/blog/news/ukraine-statement,2026-09,/en/payment-passport-linode,/pasport-oplaty-linode
mailgun,Mailgun,dev-tools,https://www.mailgun.com,Basic plan from $15/month,15.0,visa; mastercard; amex; invoice,,unknown,no,unknown,No official Mailgun page documenting Russia-specific restrictions was verified.,,https://help.mailgun.com/hc/en-us/articles/360011567454-How-can-I-change-my-account-s-credit-card; https://www.mailgun.com/pricing/,2026-09,/en/payment-passport-mailgun,/pasport-oplaty-mailgun
mapbox,Mapbox,dev-tools,https://www.mapbox.com,Pay-as-you-go usage,,visa; mastercard; amex; discover; invoice; local,us ach,unknown,no,no,No official Mapbox page documenting Russia-specific restrictions was verified.,,https://docs.mapbox.com/accounts/faq/how-do-i-pay-for-mapbox-services/; https://docs.mapbox.com/accounts/faq/how-does-pay-as-you-go-billing-work/,2026-09,/en/payment-passport-mapbox,/pasport-oplaty-mapbox
mongodb-atlas,MongoDB Atlas,dev-tools,https://www.mongodb.com/atlas,Dedicated M10 cluster from $0.08/hour (~$57/month); Flex from $9/month,,visa; mastercard; amex; paypal; marketplace; bank_transfer; invoice,,no,no,no,MongoDB will not sell cloud services to customers in Russia and Belarus (official 2022 statement); Atlas access from these territories is blocked.,Atlas billing docs describe country-based tax handling; PayPal availability varies by billing country.,https://www.mongodb.com/docs/atlas/billing/; https://www.mongodb.com/products/updates/expanded-payment-methods-for-atlas-self-serve; https://www.mongodb.com/company/blog/news/mongodb-assistance-ukraine-shut-down-work-russia; https://www.mongodb.com/pricing,2026-09,/en/payment-passport-mongodb-atlas,/pasport-oplaty-mongodb-atlas
neon,Neon,dev-tools,https://neon.com,"Usage-based paid plans (compute $0.106/CU-hour, storage $0.35/GB-month)",,visa; mastercard; amex; marketplace,,unknown,no,unknown,No official Neon page documenting Russia-specific restrictions was verified.,,https://neon.com/docs/introduction/manage-billing; https://neon.com/pricing; https://neon.com/docs/introduction/plans,2026-09,/en/payment-passport-neon,/pasport-oplaty-neon
new-relic,New Relic,dev-tools,https://newrelic.com,"Standard: $0.40/GB beyond 100 GB free + $10 first full-platform user, $99 each additional",,visa; mastercard; amex; bank_transfer; invoice,,no,no,no,Service Specific Terms: customer warrants it is not an entity incorporated in Russia/Belarus or an individual with primary residence there.,,https://newrelic.com/termsandconditions/supplemental-payment-terms; https://support.newrelic.com/s/hubtopic/aAX8W0000008e4dWAA/switching-payment-method-to-bank-ach; https://newrelic.com/termsandconditions/service-specific; https://newrelic.com/pricing,2026-09,/en/payment-passport-new-relic,/pasport-oplaty-new-relic
ngrok,ngrok,dev-tools,https://ngrok.com,Pay-as-you-go $10/month (includes $10 usage) / Pro $20/month,10.0,visa; mastercard; amex; invoice,,no,no,no,"ngrok error ERR_NGROK_9040: as a US company it no longer offers services to individuals based in sanctioned countries; Russian media reported ngrok stopped serving Russian IPs. ngrok FAQ rejects PayPal, Venmo and crypto.",,https://ngrok.com/docs/faq; https://ngrok.com/docs/errors/err_ngrok_9040; https://ngrok.com/pricing,2026-09,/en/payment-passport-ngrok,/pasport-oplaty-ngrok
oracle-cloud,Oracle Cloud (OCI),dev-tools,https://www.oracle.com/cloud/,Pay-as-you-go usage,,visa; mastercard; amex; paypal; invoice; local,us echeck,no,no,no,"Oracle withdrew all operations, services and support in Russia and Belarus; products not authorized for export to or use in Russia/Belarus.",Oracle will not allow re-subscribing services from an authorized location for affected Russian/Belarusian entities.,https://docs.oracle.com/en-us/iaas/Content/Billing/Tasks/changingpaymentmethod.htm; https://supportrenewalshelp-de.oracle.com/app/answers/detail/a_id/1217/~/available-payment-options; https://www.oracle.com/corporate/conflict-in-ukraine/russia/; https://www.reuters.com/business/oracle-says-it-has-suspended-all-operations-russia-2022-03-02/,2026-09,/en/payment-passport-oracle-cloud,/pasport-oplaty-oracle-cloud
ovhcloud,OVHcloud,dev-tools,https://www.ovhcloud.com,"VPS/Public Cloud, usage or monthly plans (price varies by region)",4.54,visa; mastercard; amex; paypal; bank_transfer; sepa; local,prepaid account,unknown,no,no,No official OVHcloud page documenting Russia-specific restrictions was verified.,Payment methods and currencies depend on the OVHcloud subsidiary/country selected on the account.,https://www.ovhcloud.com/en/terms-and-conditions/payment/; https://support.us.ovhcloud.com/hc/en-us/articles/115001824230-Managing-payment-methods; https://docs.ovhcloud.com/en/guides/account-and-service-management/managing-billing-payments-and-services/manage-payment-methods; https://www.ovhcloud.com/en/vps/,2026-09,/en/payment-passport-ovhcloud,/pasport-oplaty-ovhcloud
pagerduty,PagerDuty,dev-tools,https://www.pagerduty.com,Professional $21/user/month (annual) / $25 monthly,25.0,visa; mastercard; amex; bank_transfer; invoice,,unknown,no,unknown,No official PagerDuty page documenting Russia-specific restrictions was verified.,,https://support.pagerduty.com/main/docs/billing-invoices-payments; https://www.pagerduty.com/pricing/,2026-09,/en/payment-passport-pagerduty,/pasport-oplaty-pagerduty
postman,Postman,dev-tools,https://www.postman.com,Basic $12/month (monthly) / $9 billed annually,12.0,visa; mastercard; amex; bank_transfer; invoice,,unknown,no,unknown,Terms state services are subject to US export restrictions; no Russia-specific official notice verified.,,https://learning.postman.com/docs/billing/billing/; https://learning.postman.com/docs/billing/buying/; https://www.postman.com/pricing/; https://www.postman.com/legal/archives/terms-of-service-08252025/,2026-09,/en/payment-passport-postman,/pasport-oplaty-postman
railway,Railway,dev-tools,https://railway.com,Hobby $5/month (includes $5 usage); Pro $20/month,5.0,visa; mastercard; amex; invoice,,unknown,no,unknown,No official Railway page documenting Russia-specific restrictions was verified.,Credit card required for paid plans; prepayment no longer offered.,https://docs.railway.com/pricing/plans; https://docs.railway.com/pricing/faqs; https://railway.com/pricing,2026-09,/en/payment-passport-railway,/pasport-oplaty-railway
redis-cloud,Redis Cloud,dev-tools,https://redis.io/cloud/,Essentials from $5/month; Pro from $0.014/hour,5.0,visa; mastercard; amex; marketplace; invoice,,unknown,no,unknown,No official Redis page documenting Russia-specific restrictions was verified.,,https://redis.io/docs/latest/operate/rc/billing-and-payments/; https://redis.io/pricing/,2026-09,/en/payment-passport-redis-cloud,/pasport-oplaty-redis-cloud
render,Render,dev-tools,https://render.com,Pro workspace $25/month + compute,25.0,visa; mastercard; amex; invoice,,unknown,no,unknown,No official Render page documenting Russia-specific restrictions was verified.,Terms: user represents they are not located in a sanctioned region; all major cards via Stripe.,https://render.com/pricing; https://render.com/docs/faq; https://render.com/terms,2026-09,/en/payment-passport-render,/pasport-oplaty-render
retool,Retool,dev-tools,https://retool.com,Team: Builder $12/month (monthly) / $10 annual; internal user $7/$5,12.0,visa; mastercard; amex; bank_transfer; invoice; local,us ach,unknown,no,no,No official Retool page documenting Russia-specific restrictions was verified.,,https://docs.retool.com/support/billing-usage/; https://retool.com/pricing,2026-09,/en/payment-passport-retool,/pasport-oplaty-retool
sendgrid,SendGrid,dev-tools,https://sendgrid.com,Essentials plan (see pricing page),,visa; mastercard; amex; invoice,,unknown,no,unknown,No official SendGrid page documenting Russia-specific restrictions was verified.,,https://www.twilio.com/docs/sendgrid/ui/account-and-settings/billing; https://support.sendgrid.com/hc/en-us/articles/34440898248475-Can-you-pay-yearly-up-front-on-SendGrid; https://sendgrid.com/en-us/pricing,2026-09,/en/payment-passport-sendgrid,/pasport-oplaty-sendgrid
sentry,Sentry,dev-tools,https://sentry.io,Team plan $26/month,26.0,visa; mastercard; amex; bank_transfer; invoice,,no,no,no,Sentry FAQ: as of September 2024 no persons located in Russia can access Sentry (OFAC IT/cloud-services sanctions).,,https://www.sentry.help/en/articles/13964790-what-forms-of-payment-are-supported; https://www.sentry.help/en/articles/13964785-can-we-switch-to-invoiced-payments; https://www.sentry.help/en/articles/13964968-faq-sentry-s-response-to-u-s-russia-sanctions; https://sentry.io/pricing/,2026-09,/en/payment-passport-sentry,/pasport-oplaty-sentry
snyk,Snyk,dev-tools,https://snyk.io,"Team plan $25/month (or $1,260/year)",25.0,visa; mastercard; amex; marketplace; invoice,,no,no,no,"Snyk officially ceased business in Russia and Belarus (2022), including restricting free software use, terminating contracts and preventing future sales/service.",,https://snyk.io/plans/; https://snyk.io/procurement/; https://snyk.io/blog/snyk-ceases-business-russia-belarus/,2026-09,/en/payment-passport-snyk,/pasport-oplaty-snyk
sourcegraph,Sourcegraph,dev-tools,https://sourcegraph.com,"Enterprise (contract, from $16K/year)",,visa; mastercard; amex; invoice,,no,no,unknown,Sourcegraph publishes a supported-countries list enforced by geographic access restrictions; Russia is not on the list.,Geographic access restrictions enforced by location; only listed supported countries can access.,https://sourcegraph.com/docs/supported-countries; https://sourcegraph.com/changelog/geographic-access-restrictions; https://sourcegraph.com/pricing,2026-09,/en/payment-passport-sourcegraph,/pasport-oplaty-sourcegraph
stack-overflow-for-teams,Stack Overflow for Teams (Stack Internal),dev-tools,https://stackoverflow.co/teams/,Basic $6.50/seat/month; Business $13.50/seat/month,6.5,visa; mastercard; amex; invoice,,unknown,no,unknown,No official Stack Overflow page documenting Russia-specific restrictions for Teams was verified.,,https://stackoverflow.co/teams/pricing/; https://support.stackenterprise.co/support/solutions/articles/22000294386-update-payment-method-and-account-details,2026-09,/en/payment-passport-stack-overflow-for-teams,/pasport-oplaty-stack-overflow-for-teams
sublime-text,Sublime Text,dev-tools,https://www.sublimetext.com,Personal license $99 one-time (3 years of updates),,visa; mastercard; amex; paypal,,unknown,no,unknown,No official Sublime HQ page documenting Russia-specific restrictions was verified.,,https://www.sublimehq.com/store/text; https://www.sublimetext.com/sales_faq,2026-09,/en/payment-passport-sublime-text,/pasport-oplaty-sublime-text
supabase,Supabase,dev-tools,https://supabase.com,Pro plan from $25/month,25.0,visa; mastercard; amex; invoice,,unknown,no,unknown,No official Supabase page documenting Russia-specific restrictions was verified.,Billing address and tax ID collected per organization; no card-country rule documented.,https://supabase.com/docs/guides/platform/billing-faq; https://supabase.com/docs/guides/platform/get-set-up-for-billing; https://supabase.com/pricing,2026-09,/en/payment-passport-supabase,/pasport-oplaty-supabase
tabnine,Tabnine,dev-tools,https://www.tabnine.com,Dev/Enterprise per-user plans (see pricing page),,visa; mastercard; amex; invoice,,unknown,no,unknown,No official Tabnine page documenting Russia-specific restrictions was verified.,,https://www.tabnine.com/pricing/; https://support.tabnine.com/hc/en-us/articles/12455927002257-How-to-Cancel-Tabnine-Pro-Subscription,2026-09,/en/payment-passport-tabnine,/pasport-oplaty-tabnine
tailscale,Tailscale,dev-tools,https://tailscale.com,Personal Plus/Starter $8/user/month; Premium $18/user/month,8.0,visa; mastercard; amex; invoice,,unknown,no,no,No official Tailscale page documenting Russia-specific restrictions was verified (only user issue reports).,Official billing documentation covers card-based account billing and plan changes; Russia availability is not specified.,https://tailscale.com/docs/account/billing; https://tailscale.com/pricing; https://tailscale.com/docs/account/billing/modify-billing; https://tailscale.com/terms,2026-09,/en/payment-passport-tailscale,/pasport-oplaty-tailscale
travis-ci,Travis CI,dev-tools,https://www.travis-ci.com,Usage-based / concurrency plans (see pricing page),,visa; mastercard; amex,,unknown,no,unknown,No official Travis CI page documenting Russia-specific restrictions was verified.,,https://docs.travis-ci.com/user/billing-overview/; https://docs.travis-ci.com/user/billing-faq/; https://www.travis-ci.com/pricing/,2026-09,/en/payment-passport-travis-ci,/pasport-oplaty-travis-ci
twilio,Twilio,dev-tools,https://www.twilio.com,Pay-as-you-go usage (prepaid balance),,visa; mastercard; amex; paypal; bank_transfer; invoice; local,wire,partial,no,no,Official Russia SMS guidelines page exists; Twilio blocks certain deliveries due to sanctions (error 63058). No account-level Russia ban page verified.,,https://www.twilio.com/docs/usage/billing; https://www.twilio.com/en-us/guidelines/ru/sms; https://www.twilio.com/docs/api/errors/63058; https://www.twilio.com/docs/sendgrid/ui/account-and-settings/billing; https://help.twilio.com/articles/223135687-Why-didn-t-my-PayPal-payment-go-through-; https://www.twilio.com/en-us/guidelines/regulatory; https://help.twilio.com/articles/4424677566491-Documents-Required-and-Instructions-to-Register-Your-Alphanumeric-Sender-ID-in-Russia,2026-09,/en/payment-passport-twilio,/pasport-oplaty-twilio
unity,Unity,dev-tools,https://unity.com,"Unity Pro (annual per-seat subscription, see pricing)",,visa; mastercard; amex; paypal; bank_transfer; invoice,,partial,no,no,"Unity blocks access from Iran, Cuba, Syria, North Korea and Crimea/Donetsk/Luhansk under US sanctions; Russia is not on Unity's published block list.",Website/Editor access blocked by country for embargoed territories.,https://support.unity.com/hc/en-us/articles/30318516802836-What-payment-methods-are-available-when-purchasing-a-Unity-subscription-online; https://support.unity.com/hc/en-us/articles/205144693--Your-country-is-blocked-due-to-the-U-S-Government-restrictions-Why-am-I-receiving-this-error-message-when-trying-to-use-Unity; https://unity.com/pricing,2026-09,/en/payment-passport-unity,/pasport-oplaty-unity
vultr,Vultr,dev-tools,https://www.vultr.com,Cloud Compute from $2.50/month,2.5,visa; mastercard; amex; discover; jcb; unionpay; paypal; apple_pay; google_pay; bank_transfer; crypto; alipay; wechat_pay,,yes,no,yes,Vultr publishes Russian Federation VAT rules (charges 20% VAT to customers with tax location in Russia); no restriction page found.,Tax location set on account determines VAT; payment method must be added before deployment.,https://docs.vultr.com/support/platform/billing/what-payment-methods-do-you-accept; https://docs.vultr.com/support/platform/billing/are-apple-pay-or-google-pay-accepted-on-vultr; https://www.vultr.com/resources/faq/taxes/russianfederation/; https://www.vultr.com/pricing/,2026-09,/en/payment-passport-vultr,/pasport-oplaty-vultr
acca,ACCA,education,https://www.accaglobal.com,"Student registration (initial £89), exam and annual subscription fees",,visa; mastercard; unionpay; paypal; alipay; local,bank transfer (some countries),unknown,unknown,unknown,,Offline methods such as bank transfer only in countries specified by ACCA.,https://www.accaglobal.com/gb/en/help/invoicing-policy.html; https://www.accaglobal.com/uk/en/qualifications/accountancy-career/fees/fees-charges.html,2026-09,/en/payment-passport-acca,/pasport-oplaty-acca
algoexpert,AlgoExpert,education,https://www.algoexpert.io,"All Access bundle (7 products, 1-year access; sale price shown $119)",,,,unknown,unknown,unknown,,,https://www.algoexpert.io/purchase; https://www.algoexpert.io/privacy,2026-09,/en/payment-passport-algoexpert,/pasport-oplaty-algoexpert
boot-dev,Boot.dev,education,https://www.boot.dev,Monthly membership $59/month; yearly $399 ($33/mo),59,,,unknown,yes,unknown,,"US-based, payments via Stripe; regional purchasing-power pricing shown in non-USD currencies for eligible countries.",https://www.boot.dev/pricing; https://www.boot.dev/faq; https://www.boot.dev/gifts,2026-09,/en/payment-passport-boot-dev,/pasport-oplaty-boot-dev
brainly-plus,Brainly Plus,education,https://brainly.com,Brainly Plus / Brainly Tutor subscription (monthly or annual),,visa; mastercard; amex; discover; paypal,,no,no,unknown,Roskomnadzor blocked Brainly's Russian site Znanija in May 2022 after Brainly refused to remove content about the war in Ukraine.,Prepaid cards not accepted; plan availability and pricing vary by platform.,https://faq-us.brainly.com/support/solutions/articles/10000000146-payment-method-update; https://faq-us.brainly.com/support/solutions/articles/10000000155-plans-and-pricing; https://techcrunch.com/2022/05/25/brainly-says-its-been-blocked-in-russia-after-refusing-to-remove-community-content-about-the-war-in-ukraine/,2026-09,/en/payment-passport-brainly-plus,/pasport-oplaty-brainly-plus
brilliant,Brilliant,education,https://brilliant.org,"Brilliant Premium (monthly, annual, family plans)",,,,unknown,yes,unknown,,,https://brilliant.org/help/pricing-and-plans/how-much-does-brilliant-premium-cost/; https://brilliant.org/help/pricing-and-plans/how-do-i-gift-a-brilliant-premium-subscription/; https://brilliant.org/gift-premium/,2026-09,/en/payment-passport-brilliant,/pasport-oplaty-brilliant
busuu,Busuu,education,https://www.busuu.com,Busuu Premium / Premium Plus subscription,,visa; mastercard; paypal; apple_pay; google_pay; app_store; google_play; local,gift card (Apple/Google store gift cards),unknown,yes,unknown,Busuu for Business terms prohibit use by customers in embargoed/sanctioned territories; consumer Russia status not documented.,Web accepts cards/PayPal in listed currencies; no bank transfers or cash; vouchers (10-11 digit codes) redeemable for Premium.,https://help.busuu.com/hc/en-us/articles/16356858820497-Which-payment-methods-are-accepted; https://help.busuu.com/hc/en-gb/articles/16450058019217-How-do-I-redeem-a-voucher-or-discount-code; https://business.busuu.com/terms,2026-09,/en/payment-passport-busuu,/pasport-oplaty-busuu
cambly,Cambly,education,https://www.cambly.com,"English tutoring subscriptions: Small Groups from $24/mo, Private+ from $56/mo, Pro from $80/mo",24,visa; mastercard; local,cambly installments (12-month plans),unknown,unknown,unknown,,"Cards must be authorized for international use; extra payment options vary by region; local currency where supported, otherwise USD.",https://studentsupport.cambly.com/hc/en-us/articles/360000300923-How-to-subscribe-payment-options; https://studentsupport.cambly.com/hc/en-us/articles/360055934932-Cambly-installments; https://www.cambly.com/english,2026-09,/en/payment-passport-cambly,/pasport-oplaty-cambly
cambridge-english-qualifications,Cambridge English Qualifications,education,https://www.cambridgeenglish.org,"Exam entry fees (B2 First, C1 Advanced etc.; set by local centre)",,visa; mastercard,,no,unknown,unknown,"Cambridge University Press & Assessment suspended all new activity in Russia (March 2022), honouring only existing commitments.",Exam fees paid to local exam centre; Cambridge's own online services accept Visa/Mastercard only (no Amex/Diners).,https://www.cambridgeenglish.org/help/lost-certificates/; https://www.cambridgeinternational.org/news/news-details/view/statement-from-cambridge-university-press-and-assessment-on-ukraine-20220315/; https://support.cambridgeenglish.org/hc/en-gb/articles/202838416-How-do-I-enter-for-a-Cambridge-English-exam-or-teaching-qualification,2026-09,/en/payment-passport-cambridge-english-qualifications,/pasport-oplaty-cambridge-english-qualifications
cfa-institute,CFA Institute (CFA Program),education,https://www.cfainstitute.org,"CFA exam registration fees (total USD 3,520–4,570 for all three levels)",,visa; mastercard; amex; discover; jcb; diners; unionpay; apple_pay; google_pay; klarna; local,alipay (Chinese nationals); bank transfer (ACH/wire via invoice); wechat pay (Chinese nationals),no,unknown,unknown,"CFA Institute: due to heightened sanctions, it is not currently providing services or products to individuals who reside in Russia.",Payment options vary by market/product; WeChat Pay/Alipay only for Chinese nationals; invoice payments up to 40 days before registration close; sanctions-list screening of candidates' employers.,https://www.cfainstitute.org/about/governance/policies/cfa-institute-payment-methods; https://www.cfainstitute.org/about/governance/policies/sanctions-compliance-policy; https://www.cfainstitute.org/programs/cfa-program,2026-09,/en/payment-passport-cfa-institute,/pasport-oplaty-cfa-institute
chegg-study,Chegg Study,education,https://www.chegg.com,Chegg Study / Study Pack subscription; Chegg Writing $9.95/month,,card; paypal,,unknown,yes,unknown,,Terms require a valid payment method (credit/debit card or PayPal) tied to a financial-institution account; gift certificates apply to textbook rentals/purchases.,https://www.chegg.com/en-US/termsofuse/; https://www.chegg.com/en-US/generalpolicies; https://www.chegg.com/writing?c_id=sem,2026-09,/en/payment-passport-chegg-study,/pasport-oplaty-chegg-study
cisco-certifications,Cisco Certifications,education,https://www.cisco.com/site/us/en/learn/training-certifications/index.html,"Certification exams (e.g. CCIE lab $1,500/attempt); exam vouchers (~$200 via Cisco U. store)",,card; local,gift card (exam vouchers / Cisco Learning Credits),no,yes,unknown,"Cisco policy: individuals residing in Belarus and Russia (where Cisco stopped business), plus Cuba, Iran, North Korea, Syria, Crimea, Donetsk, Luhansk are prohibited from testing.",Embargoed-country residency ban under U.S. export regulations; written exams paid by credit card at Pearson VUE registration.,https://www.cisco.com/site/us/en/learn/training-certifications/exams/policies.html; https://www.cisco.com/site/us/en/learn/training-certifications/exams/index.html; https://learningnetwork.cisco.com/s/article/lab-and-practical-exam-registration; https://u.cisco.com/store/exam-voucher,2026-09,/en/payment-passport-cisco-certifications,/pasport-oplaty-cisco-certifications
codecademy,Codecademy,education,https://www.codecademy.com,Plus $29.99/month (or $14.99/mo billed annually); Pro $39.99/month,29.99,visa; mastercard; amex; paypal; local,afterpay (US only); bank transfer (invoice),unknown,no,unknown,,Teams checkout supports purchases in USD only; Afterpay only for US customers.,https://www.codecademy.com/pricing; https://help.codecademy.com/hc/en-us/articles/360056636193-What-payment-types-do-you-support-for-Teams-accounts; https://help.codecademy.com/hc/en-us/articles/16612405259419-Afterpay; https://help.codecademy.com/hc/en-us/articles/220807767-Gifting-Codecademy-Pro; https://help.codecademy.com/hc/en-us/sections/204512567-Payments,2026-09,/en/payment-passport-codecademy,/pasport-oplaty-codecademy
comptia,CompTIA,education,https://www.comptia.org,"Certification exam vouchers (e.g. Security+, A+) and CertMaster training",,visa; mastercard; amex; discover; paypal; apple_pay; google_pay; local,bank transfer (wire/ACH); gift card (exam vouchers); shop pay,unknown,yes,unknown,,International pricing/currency and payment methods vary by country (PayPal/Google Pay/Apple Pay depending on availability).,https://help.comptia.org/hc/en-us/articles/37765577175828-What-Payment-Methods-Can-I-Use-to-Purchase-Products-from-CompTIA; https://help.comptia.org/hc/en-us/articles/42977250194580-Understanding-International-Pricing-Currency-and-Payment-Methods; https://help.comptia.org/hc/en-us/articles/11185826883732-What-Is-an-Exam-Voucher,2026-09,/en/payment-passport-comptia,/pasport-oplaty-comptia
course-hero,Course Hero,education,https://www.coursehero.com,Premier Membership subscription,,card,,unknown,unknown,unknown,,Primary payment method charged immediately at purchase; extra Questions purchasable by credit or debit card.,https://support.coursehero.com/hc/en-us/articles/360021750973-Paying-for-Access; https://support.coursehero.com/hc/en-us/articles/210474168-How-do-I-purchase-more-Questions; https://support.coursehero.com/hc/en-us/articles/200351044-Do-I-have-to-pay-How-much-does-it-cost,2026-09,/en/payment-passport-course-hero,/pasport-oplaty-course-hero
datacamp,DataCamp,education,https://www.datacamp.com,"Premium $28/month billed monthly ($14/mo billed annually, promo)",28,visa; mastercard; paypal; apple_pay; google_pay; local,"bank transfer (business invoice, 4+ licenses)",no,unknown,unknown,"DataCamp help center: due to U.S. compliance laws it cannot offer services or process payments in Russia, Belarus, Crimea/Donetsk/Luhansk, Cuba, Iran, North Korea, Sudan, Syria, Venezuela.",Restricted-region list for services/payments; ZIP/postal code required for payment method; Apple/Google Pay & PayPal unavailable for Indian subscribers (e-mandate).,https://support.datacamp.com/hc/en-us/articles/360001867154-Why-was-my-DataCamp-payment-declined; https://support.datacamp.com/hc/en-us/articles/360001867394-DataCamp-s-Payment-Methods-for-Individual-Subscribers; https://support.datacamp.com/hc/en-us/articles/360036046154-Does-DataCamp-accept-debit-cards; https://www.datacamp.com/pricing,2026-09,/en/payment-passport-datacamp,/pasport-oplaty-datacamp
domestika,Domestika,education,https://www.domestika.org,Domestika Plus $33.90/month (or $164.50 first year billed annually); individual courses,33.9,gift_card,,unknown,yes,unknown,,Prices shown in local currency (e.g. EUR/USD) depending on region.,https://www.domestika.org/en/plus; https://www.domestika.org/en/courses/gift-card; https://www.domestika.org/en/plus?atag=d9ffad; https://assets.domestika.org/en/terms,2026-09,/en/payment-passport-domestika,/pasport-oplaty-domestika
educative,Educative,education,https://www.educative.io,Educative Unlimited subscription (Standard / Premium plans),,card; paypal,,unknown,yes,unknown,,,https://www.educative.io/terms; https://www.educative.io/unlimited; https://www.educative.io/student,2026-09,/en/payment-passport-educative,/pasport-oplaty-educative
edx,edX,education,https://www.edx.org,Verified certificate / program upgrades (price varies by course; charged in USD),,visa; mastercard; amex; discover; paypal,,unknown,unknown,no,edX published a 'Standing with Ukraine' statement in 2022; edX also screens users against US sanctions lists. Current Russia status not documented in help center.,All fees charged in US Dollars; bank transfers and other payment methods not accepted.,https://help.edx.org/edxlearner/s/article/How-can-I-pay?language=en_US; https://help.edx.org/edxlearner/s/article/How-do-I-pay-and-upgrade-to-access-assignments; https://www.edx.org/resources/standing-with-ukraine-supporting-displaced-learners,2026-09,/en/payment-passport-edx,/pasport-oplaty-edx
frontend-masters,Frontend Masters,education,https://frontendmasters.com,Individual subscription $39/month or $390/year,39,card; paypal; app_store; local,bank transfer (teams: invoice/PO/wire),unknown,unknown,unknown,,"Credit cards processed through Stripe; team billing via invoice, PO or wire.",https://frontendmasters.com/faq/join/; https://frontendmasters.com/join/; https://frontendmasters.com/contact/,2026-09,/en/payment-passport-frontend-masters,/pasport-oplaty-frontend-masters
gmat,GMAT (GMAC),education,https://www.mba.com,GMAT exam fee (location-specific; e.g. US$275 in the United States),,visa; mastercard; amex; discover; local,gift card (GMAT exam voucher),no,yes,unknown,"GMAC: effective 7 March 2022, delivery of all GMAT testing services (test centre and online) in Russia and Belarus is suspended.","Pricing, taxes and regulations are location-specific; declined card cancels the appointment.",https://www.mba.com/exams/gmat-exam/register/exam-payment; https://www.mba.com/information-and-news/announcements/test-center-operating-status/amp; https://www.mba.com/exams-and-exam-prep/gmat-exam/gmat-registration-guide?nav=header,2026-09,/en/payment-passport-gmat,/pasport-oplaty-gmat
gre,GRE (ETS),education,https://www.ets.org/gre,GRE General Test fee US$249 (China US$231.30),,local,gift card (GRE prepaid / fee-reduction vouchers),partial,yes,unknown,ETS suspended testing in Russia and Belarus in March 2022; in Aug 2022 it allowed at-home editions of some ETS tests for Russia/Belarus test takers but not test-centre delivery there.,Fees stated in USD; separate pricing and payment rules for China and India (ETS India site).,https://www.ets.org/gre/test-takers/general-test/register/fees.html; https://www.ets.org/pdfs/gre/gre-info-bulletin.pdf; https://www.ets.org/pdfs/gre/prepaid-voucher-service-form.pdf; https://tass.com/society/1488495; https://thepienews.com/english-language-testing-providers-pull-out-of-russia/,2026-09,/en/payment-passport-gre,/pasport-oplaty-gre
hack-the-box,Hack The Box,education,https://www.hackthebox.com,HTB Labs VIP+ $25/month ($223/year); Academy subscriptions,25,visa; mastercard; amex; paypal; gift_card,,no,yes,no,"Hack The Box suspended and withdrew business operations in Russia (March 2022) and complies with US/UK/EU sanctions, affecting individual subscribers' premium access.","Payments via Recurly; sanctions-compliance blocks under US, UK and EU export laws.",https://help.hackthebox.com/en/articles/15644657-frequently-asked-questions-faqs-regarding-billing-and-subscriptions; https://help.hackthebox.com/en/articles/7257535-htb-labs-subscriptions; https://www.hackthebox.com/blog/service-update-march-2022; https://help.hackthebox.com/en/articles/13459528-sanctions-block; https://www.hackthebox.com/giftcards,2026-09,/en/payment-passport-hack-the-box,/pasport-oplaty-hack-the-box
hyperskill,Hyperskill (JetBrains Academy),education,https://hyperskill.org,Hyperskill Premium subscription (organizations $399/user/year),,card,,no,unknown,unknown,Hyperskill is a JetBrains product; JetBrains terminated all sales in Russia and Belarus (2022).,Premium paid via Stripe by bank card only (no PayPal); organizations pay by JetBrains invoice; order currency may differ from USD shown.,https://support.hyperskill.org/hc/en-us/articles/360054413212-Frequently-Asked-Questions-FAQ; https://home.hyperskill.org/for-organizations; https://blog.jetbrains.com/blog/2022/12/06/update-on-jetbrains-statement-on-ukraine/,2026-09,/en/payment-passport-hyperskill,/pasport-oplaty-hyperskill
ielts,IELTS,education,https://ielts.org,IELTS Academic / General Training test fee (set by local test centre),,,,no,unknown,unknown,IDP paused IELTS testing in Russia (March 2022); the British Council suspended its operations in Russia and in 2025 Russia banned collaboration with it; Cambridge (co-owner) suspended new activity in Russia.,Prices vary by test centre and may include local tax; booking terms managed by partner (IDP / British Council).,https://ielts.idp.com/news-idp-ielts-operations-in-russia; https://www.britishcouncil.org/contact/press/statement-british-council-russia-updated; https://russia.britishcouncil.org/further-information.html; https://ielts.org/legal/ielts-terms-conditions; https://ielts.org/test-centres/oxford-international-manhattan,2026-09,/en/payment-passport-ielts,/pasport-oplaty-ielts
italki,italki,education,https://www.italki.com,Pay-as-you-go tutor lessons via italki Credits (from ~$4/lesson); italki Plus subscription,,visa; mastercard; unionpay; paypal; apple_pay; google_play; gift_card; alipay; wechat_pay; local,skrill,partial,yes,unknown,"italki states it imposes no restrictions on transactions with Russia, but payment providers may limit payments.",Payment methods offered differ by billing country/region.,https://support.italki.com/hc/en-us/articles/217489907-Which-payment-methods-can-I-use-to-pay; https://support.italki.com/hc/en-us/articles/41675872075929-How-do-I-pay-for-a-subscription-and-manage-it; https://support.italki.com/hc/en-us/articles/4562461071257-Updates-on-Russian-payments-related-issues; https://support.italki.com/hc/en-us/articles/900003680186-What-is-italki-Gift-Card; https://www.italki.com/en/blog/italki-price; https://support.italki.com/hc/en-us/articles/360023115873-italki-Credits-Processing-Fee; https://support.italki.com/hc/en-us/articles/206352128-What-is-italki-Gift-Card,2026-09,/en/payment-passport-italki,/pasport-oplaty-italki
kaplan-test-prep,Kaplan Test Prep,education,https://www.kaptest.com,"Test-prep courses (e.g. GRE On Demand from $299, LSAT from $899)",,card; bnpl; local,bank transfer (wire / mailed check),unknown,unknown,unknown,,,https://www.kaptest.com/contact-us; https://www.kaptest.com/gre; https://www.kaptest.com/lsat; https://enroll.kaptest.com/kaplansecureportal,2026-09,/en/payment-passport-kaplan-test-prep,/pasport-oplaty-kaplan-test-prep
leetcode-premium,LeetCode Premium,education,https://leetcode.com,LeetCode Premium monthly or yearly subscription,,,,unknown,unknown,unknown,,,https://leetcode.com/subscribe/; https://support.leetcode.com/hc/en-us/sections/360002895913-Billing,2026-09,/en/payment-passport-leetcode-premium,/pasport-oplaty-leetcode-premium
lingoda,Lingoda,education,https://www.lingoda.com,Monthly class packages (e.g. 12 classes €287.99 at €23.99/class),,visa; mastercard; paypal; sofort,,partial,unknown,unknown,Lingoda Sprint rules exclude refunds to bank accounts at banks seated in Russia or via payment methods unusable due to financial sanctions; general access not otherwise documented.,Card verified with a refundable micro-payment; prices in EUR.,https://www.lingoda.com/en/faq/; https://www.lingoda.com/en/pricing/; https://www.lingoda.com/downloads/sprint/69b/2026-Sprint-69b-Rules-April-Start-EN.pdf,2026-09,/en/payment-passport-lingoda,/pasport-oplaty-lingoda
linkedin-learning,LinkedIn Learning (via LinkedIn Premium),education,https://www.linkedin.com/learning,"Individual access via LinkedIn Premium Career, from US$39.99/month (US$239.88/yr)",39.99,visa; mastercard; amex; discover; jcb; diners; paypal; apple_pay; google_pay; local,rupay; sepa (EUR countries); sofort (Germany); upi (India),no,unknown,unknown,LinkedIn has been blocked in Russia by Roskomnadzor since November 2016 (data-localisation court ruling).,"Available payment methods depend on country/currency (e.g. SEPA only in certain EUR countries, Sofort Germany only, UPI India only; RuPay subject to RBI e-mandate rules). LinkedIn Learning has no stand-alone individual subscription.",https://www.linkedin.com/help/linkedin/answer/a1342134; https://premium.linkedin.com/careers/career; https://www.linkedin.com/help/learning/answer/a700791; https://www.bbc.co.uk/news/technology-38014501; https://techcrunch.com/2016/11/17/linkedin-is-now-officially-blocked-in-russia/,2026-09,/en/payment-passport-linkedin-learning,/pasport-oplaty-linkedin-learning
linux-foundation-training-and-certification,Linux Foundation Training & Certification,education,https://training.linuxfoundation.org,Certification exams (e.g. CKA) and THRIVE-ONE subscription $360/year,,visa; mastercard; amex; apple_pay; google_pay; local,upi (India),unknown,unknown,unknown,,"Some products (instructor-led courses, subscriptions) accept credit card only; exams can be purchased as a gift for someone else.",https://training.linuxfoundation.org/about/faqs/payments-faq/; https://training.linuxfoundation.org/subscriptions/; https://docs.linuxfoundation.org/tc-docs/certification/lf-handbook2/exam-registration,2026-09,/en/payment-passport-linux-foundation-training-and-certification,/pasport-oplaty-linux-foundation-training-and-certification
magoosh,Magoosh,education,https://magoosh.com,GRE Premium 1 month $149; 6 months $179 (or 4 installments),149,visa; mastercard; amex; discover; paypal,,unknown,unknown,unknown,,Transactions processed through PayPal; 4-monthly-installment option available.,https://gre.magoosh.com/plans; https://sat.magoosh.com/plans,2026-09,/en/payment-passport-magoosh,/pasport-oplaty-magoosh
memrise,Memrise,education,https://www.memrise.com,Memrise Pro subscription,,visa; mastercard; amex; paypal; app_store; google_play,,unknown,no,unknown,,Available payment methods vary by country; some prepaid cards may not support recurring charges.,https://explore.memrise.com/help; https://www.memrise.com/terms; https://memrise.zendesk.com/hc/en-us/articles/360015974478-What-kind-of-subscription-plans-are-available; https://memrisebeta.zendesk.com/hc/en-us/articles/4951667418129-Which-currencies-can-I-pay-in-on-the-website; https://memrise.zendesk.com/hc/en-us/articles/360012666497-I-m-having-trouble-completing-the-purchase,2026-09,/en/payment-passport-memrise,/pasport-oplaty-memrise
o-reilly-learning,O'Reilly Learning,education,https://www.oreilly.com,Individual membership $49/month ($499/year),49,,,no,unknown,unknown,O'Reilly announced it suspended all business in the Russian Federation (March 2022).,"Signup requires billing address; prices plus applicable tax/VAT; team plans priced in several currencies (USD, EUR, GBP, CAD, etc.).",https://learning.oreilly.com/signup/; https://learning.oreilly.com/team-setup/; https://www.oreilly.com/online-learning/pricing.html; https://www.linkedin.com/feed/update/urn:li:activity:6906706122800250880,2026-09,/en/payment-passport-o-reilly-learning,/pasport-oplaty-o-reilly-learning
oracle-university,Oracle University,education,https://education.oracle.com,Oracle Learning Subscriptions and certification exam attempts / Pearson VUE exam vouchers,,,,no,yes,unknown,Oracle has withdrawn all operations in Russia and Belarus; Oracle products and services are not authorized for export to or use in Russia or Belarus.,Subject to U.S. export-control and sanctions rules per Oracle export policy.,https://www.oracle.com/corporate/conflict-in-ukraine/russia/; https://oracle.com/education/training/buy/; https://www.oracle.com/us/products/export; https://shop.oracle.com/apex/f?p=DSTORE%3APRODUCT%3A112535727834495%3A%3A%3A6%3AP6_LPI%2CP6_PROD_HIER_ID%3A40046258580320360494492470%2C39203894219260110107508913,2026-09,/en/payment-passport-oracle-university,/pasport-oplaty-oracle-university
pearson-vue,Pearson VUE,education,https://www.pearsonvue.com,Proctored certification exam fees (price set by each exam sponsor) and exam vouchers,,visa; mastercard; amex; discover; local,gift card (exam vouchers),no,yes,unknown,Pearson announced in March 2022 it is suspending the sale and delivery of its products and services in Russia and Belarus.,Vouchers only usable at a test center in the country selected at purchase; candidates in some sanctioned countries must contact test center for other payment methods.,https://www.pearsonvue.com/us/en/test-takers/customer-service.html; https://home.pearsonvue.com/About/News/2022/Pearson-Statement-on-Actions-in-Ukraine.aspx; https://us-voucherstore.pearsonvue.com/help,2026-09,/en/payment-passport-pearson-vue,/pasport-oplaty-pearson-vue
pimsleur,Pimsleur,education,https://www.pimsleur.com,"Language subscriptions (Audio-Only, Premium, All Access); gift plans 3 months $49.95 / 12 months $199.95",,visa; mastercard; amex; discover; paypal,,unknown,yes,unknown,,Site operated from the United States with no representation that products are available elsewhere.,https://www.pimsleur.com/contact-us/; https://www.pimsleur.com/gift/; https://www.pimsleur.com/terms-of-use/; https://www.pimsleur.com/pimsleur-faq/; https://www.pimsleur.com/subscriptions,2026-09,/en/payment-passport-pimsleur,/pasport-oplaty-pimsleur
pluralsight,Pluralsight,education,https://www.pluralsight.com,Core Tech individual plan $49/month ($449/yr); Complete plan higher,49,visa; mastercard; amex; discover; paypal; apple_pay; google_pay; amazon_pay; local,bank transfer (ACH USD / SEPA EUR); upi (India),unknown,yes,unknown,,"Payment method offered depends on geographic location; Apple Pay not in all regions; ACH USD-only, SEPA EUR-only, UPI India-only; team plans can pay by wire/check.",https://help.pluralsight.com/hc/en-us/articles/24395841785492-Accepted-payment-methods-and-currencies; https://www.pluralsight.com/individuals/pricing; https://help.pluralsight.com/hc/en-us/articles/24425984270996-Gift-of-Pluralsight,2026-09,/en/payment-passport-pluralsight,/pasport-oplaty-pluralsight
pmi,PMI (PMP certification),education,https://www.pmi.org,PMP exam fee US$425 (member) / US$675 (non-member),,local,"bank transfer (check / money order in USD, renewals)",unknown,unknown,unknown,,"Offline check/money-order payments must be in USD drawn on a U.S. bank; 'buy now, pay later' offered for orders of $50+.",https://www.pmi.org/certifications/project-management-pmp; https://www.pmi.org/-/media/pmi/documents/public/pdf/certifications/certification-renewal-form.pdf; https://www.pmi.org/learning/gifting,2026-09,/en/payment-passport-pmi,/pasport-oplaty-pmi
preply,Preply,education,https://preply.com,Per-tutor lesson subscription billed every 28 days (price set by tutor),,visa; mastercard; amex; discover; jcb; diners; unionpay; maestro; paypal; apple_pay; google_pay; ideal; local,bancontact; ideal (Netherlands),partial,unknown,unknown,Preply's 'Stand with Ukraine' page says it supported sanctions by stopping partnerships in Russia and Belarus; consumer access for learners not explicitly documented.,Some card networks may be unavailable depending on geographic location; no cash or bank transfers; PayPal payments in USD only.,https://help.preply.com/en/articles/4182730-accepted-payment-methods-on-preply; https://preply.com/en/stand-with-ukraine; https://help.preply.com/en/articles/4966680-how-does-my-preply-subscription-work; https://help.preply.com/en/articles/15432866-how-and-when-will-i-be-charged; https://termsofuse.preply.com/terms_of_use/en_RefundPolicy.pdf,2026-09,/en/payment-passport-preply,/pasport-oplaty-preply
pte-academic,PTE Academic (Pearson),education,https://www.pearsonpte.com,PTE Academic test fee (price by test location),,visa; mastercard; apple_pay; google_pay; local,alipay (China); gift card (test vouchers); payu (India); wechat pay (China),no,yes,unknown,Pearson (PTE owner) suspended sale and delivery of its products and services in Russia and Belarus in March 2022.,"Payment must be in the currency of the test country; PayPal not accepted; vouchers only for test fee, non-refundable.",https://www.pearsonpte.com/policy-center/payment-policy/; https://www.pearsonpte.com/help-center/partners/; https://home.pearsonvue.com/About/News/2022/Pearson-Statement-on-Actions-in-Ukraine.aspx,2026-09,/en/payment-passport-pte-academic,/pasport-oplaty-pte-academic
quizlet-plus,Quizlet Plus,education,https://quizlet.com,Quizlet Plus $35.99/year ($2.99/month equivalent),2.99,card; app_store; google_play; local,"bank transfer (check, 2+ subscriptions, limited regions)",unknown,unknown,unknown,,Check payments only for purchases of two or more subscriptions and only in limited regions.,https://quizlet.com/upgrade; https://help.quizlet.com/hc/en-us/articles/360038282032-Changing-payment-methods-if-you-paid-on-the-website; https://help.quizlet.com/hc/en-au/articles/360029630452-Paying-by-check,2026-09,/en/payment-passport-quizlet-plus,/pasport-oplaty-quizlet-plus
rosetta-stone,Rosetta Stone,education,https://www.rosettastone.com,Single-language / all-access subscription (e.g. 12 months billed $159/yr on US site; lifetime option),19.99,visa; mastercard; amex; paypal; google_pay; gift_card,,unknown,yes,unknown,,"Separate regional storefronts (US, EU, AU) with local currency pricing.",https://www.rosettastone.com/rsassets/pdf/Rosetta_Stone_Terms_of_Service.pdf; https://www.rosettastone.com/buy?lang=en-US; https://www.rosettastone.com/buy/gift; https://www.rosettastone.com/rsassets/pdf/RST_Purchase_Terms_&_Conditions.pdf; https://www.rosettastone.com/buy/; https://support.rosettastone.com/sapphire-subscriptions/,2026-09,/en/payment-passport-rosetta-stone,/pasport-oplaty-rosetta-stone
sat,SAT (College Board),education,https://satsuite.collegeboard.org,SAT registration fee $68 (plus international fee outside US),,visa; mastercard; amex; discover; jcb; unionpay; paypal,,unknown,unknown,unknown,College Board states it is subject to U.S. sanctions and cannot provide testing to or accept registrations from sanctioned persons unless licensed.,Restricted countries/persons policy under U.S. sanctions; PayPal unavailable in Ghana; fee waivers for eligible (mainly US) students.,https://satsuite.collegeboard.org/sat/registration/fees-refunds/payment-methods; https://satsuite.collegeboard.org/sat/registration/international-testing/policies; https://satsuite.collegeboard.org/digital/help-center/how-much-digital-sat,2026-09,/en/payment-passport-sat,/pasport-oplaty-sat
scrimba,Scrimba,education,https://scrimba.com,Scrimba Pro subscription,,,,unknown,unknown,unknown,,,https://scrimba.com/pricing,2026-09,/en/payment-passport-scrimba,/pasport-oplaty-scrimba
toefl-ibt,TOEFL iBT (ETS),education,https://www.ets.org/toefl,TOEFL iBT registration fee (varies by test location); TOEFL Essentials US$199,,visa; mastercard; amex; discover; jcb; diners; unionpay; paypal; alipay; local,bank transfer (e-check); gift card (TOEFL prepaid vouchers); rupay,partial,yes,unknown,"ETS suspended testing in Russia/Belarus in March 2022; from Aug 2022 ETS allowed Russia/Belarus test takers to register for TOEFL iBT Home Edition/Essentials remotely, but not at test centres in those countries.","Fees set by testing location; payment methods vary by registration channel (online, phone, mail). Prepaid vouchers sold to organizations.",https://www.ets.org/toefl/test-takers/ibt/register/fees.html; https://www.ets.org/toefl/test-takers/ibt/faq/payments.html; https://www.ets.org/pdfs/toefl/toefl-ibt-bulletin.pdf; https://www.ets.org/toefl/test-takers/essentials/register.html; https://www.ets.org/toefl/teachers-advisors-agents/ibt/advising/vouchers-fee-reduction.html; https://tass.com/society/1488495; https://thepienews.com/english-language-testing-providers-pull-out-of-russia/,2026-09,/en/payment-passport-toefl-ibt,/pasport-oplaty-toefl-ibt
treehouse,Treehouse,education,https://teamtreehouse.com,Courses plan $25/month; Techdegree $199/month,25,visa; mastercard; amex; paypal,,unknown,yes,unknown,,International cards accepted as long as the card may be used within the United States.,https://teamtreehouse.com/terms; https://teamtreehouse.com/support; https://teamtreehouse.com/subscribe/new?trial=yes; https://teamtreehouse.com/techdegree; https://teamtreehouse.com/giftcard,2026-09,/en/payment-passport-treehouse,/pasport-oplaty-treehouse
tryhackme,TryHackMe,education,https://tryhackme.com,Premium €16.99/month (€10.50/mo billed annually); MAX €29.11/month,,local,bank transfer (business/education only),unknown,no,unknown,,"Localised pricing applied automatically by region; B2C payments supported in GBP, USD, EUR and INR only. Pre-paid vouchers were previously offered (discontinued).",https://tryhackme.com/pricing; https://help.tryhackme.com/en/articles/8484112-can-i-pay-in-my-local-currency; https://help.tryhackme.com/en/articles/8469839-pay-via-bank-wire-transfer; https://help.tryhackme.com/en/articles/7310236-redeeming-a-voucher,2026-09,/en/payment-passport-tryhackme,/pasport-oplaty-tryhackme
udacity,Udacity,education,https://www.udacity.com,All Access subscription (monthly or 4-month plans),,card; paypal,,unknown,unknown,unknown,"Udacity terms: services subject to US, UK, EU sanctions and export-control laws; Russia-specific status not documented.",Payment options vary by subscription and location; ZIP code validation at checkout.,https://www.udacity.com/plans; https://support.udacity.com/hc/en-us/articles/360015664711-What-types-of-payment-options-does-Udacity-offer; https://www.udacity.com/en-US/legal/terms-of-use,2026-09,/en/payment-passport-udacity,/pasport-oplaty-udacity
wolfram-alpha-pro,Wolfram|Alpha Pro,education,https://www.wolframalpha.com/pro,Pro $9.99/month; Pro Premium $12.00/month,9.99,card,,unknown,unknown,unknown,,,https://www.wolframalpha.com/pro/pricing; https://www.wolframalpha.com/faqs?scrollTo=using-wolfram-alpha,2026-09,/en/payment-passport-wolfram-alpha-pro,/pasport-oplaty-wolfram-alpha-pro
zero-to-mastery,Zero To Mastery,education,https://zerotomastery.io,"ZTM Academy $25/month (billed annually); Lifetime $1,299",25,,,unknown,yes,unknown,,,https://zerotomastery.io/academy/,2026-09,/en/payment-passport-zero-to-mastery,/pasport-oplaty-zero-to-mastery
2game,2game,gaming-stores,https://www.2game.com/,One-time game key purchases (no subscription),,paypal,,unknown,unknown,unknown,,Card and PayPal accepted; available methods vary by regional store and are shown at checkout; prices charged in the store's currency.,https://2game.zendesk.com/hc/en-us/articles/360007562911-What-can-I-pay-with; https://www.2game.com/pages/termos-e-condicoes,2026-09,/en/payment-passport-2game,/pasport-oplaty-2game
airgpu,airgpu,gaming-stores,https://airgpu.com/,"Prepaid credit, hourly cloud PC billing (no subscription)",,,,unknown,unknown,unknown,,,https://airgpu.com/,2026-09,/en/payment-passport-airgpu,/pasport-oplaty-airgpu
amazon-luna,Amazon Luna,gaming-stores,https://luna.amazon.com/,Luna+ $9.99/month (also Ubisoft+ $17.99 and Jackbox $4.99 channels),9.99,visa; mastercard; amex; gift_card,,no,unknown,unknown,"Official eligible-country list covers US, UK, Canada and selected EU countries (cloud) plus a few non-cloud Prime regions; Russia is not listed.",Prime membership must be from the country you reside in; Luna benefits depend on country of residence and Amazon account country/region setting.,https://www.amazon.com/gp/help/customer/display.html?nodeId=TXHVI0WFpYnGXsA0Gm; https://www.aboutamazon.com/news/entertainment/heres-how-much-amazon-luna-costs; https://www.amazon.com/gp/help/customer/display.html?nodeId=GNQFBWDZJN838JZF,2026-09,/en/payment-passport-amazon-luna,/pasport-oplaty-amazon-luna
antstream-arcade,Antstream Arcade,gaming-stores,https://www.antstream.com/,"Membership: £9.99 (1 month), £19.99 (6 months), £39.99 (12 months) on official store; also sold via console stores",,,,unknown,unknown,unknown,,,https://antstream.store/; https://www.antstream.com/how-it-works,2026-09,/en/payment-passport-antstream-arcade,/pasport-oplaty-antstream-arcade
apple-arcade,Apple Arcade,gaming-stores,https://www.apple.com/apple-arcade/,Apple Arcade $6.99/month or $49.99/year; also in Apple One bundles,6.99,visa; mastercard; amex; paypal; apple_pay; gift_card; carrier_billing; local,apple account balance,partial,yes,unknown,Apple states Apple Arcade is not available in all countries/regions and refers to the Apple Media Services availability list; Russia-specific status of Arcade not stated on the reviewed pages.,Availability is per country/region per Apple's media services availability article.,https://www.apple.com/apple-arcade/; https://www.apple.com/newsroom/2026/03/apple-arcade-adds-dredge-plus-and-unpacking-plus-to-its-catalog-in-april/; https://support.apple.com/ru-ru/118205; https://support.apple.com/en-us/111741; https://support.apple.com/en-us/118245; https://support.apple.com/en-us/118205; https://www.apple.com/ios/feature-availability/; https://www.reuters.com/technology/apple-says-it-halted-all-product-sales-russia-2022-03-01/,2026-09,/en/payment-passport-apple-arcade,/pasport-oplaty-apple-arcade
bandai-namco-store,Bandai Namco Store,gaming-stores,https://store.bandainamcoent.eu/,One-time game/merch purchases (no subscription),,visa; mastercard; paypal; apple_pay; google_pay; amazon_pay; crypto; klarna; local,AlipayHK; KakaoPay; Naver Pay; Toss,unknown,unknown,yes,,"Supported payment methods differ by country and are displayed at checkout; unverified PayPal accounts and eChecks not accepted (EU store). Crypto (BitPay, Crypto.com Pay) listed for the Japanese Web Store.","https://service-en.bandainamcoent.eu/app/detail/a_id/5644/m/Store/t/Payments%20FAQ:%20methods,%20details,%20security/p/92; https://bnfaq.channel.or.jp/faq/detail/8742",2026-09,/en/payment-passport-bandai-namco-store,/pasport-oplaty-bandai-namco-store
big-fish-games,Big Fish Games (Game Club),gaming-stores,https://www.bigfishgames.com/,Big Fish Game Club $6.99/month,6.99,,,unknown,unknown,unknown,,Credit/debit card or other payment method billed monthly; other currencies selectable in cart.,https://bfgentertainment.zendesk.com/hc/en-us/articles/43531560845716-What-s-Included-in-the-Big-Fish-Game-Club; https://www.bigfishgames.com/game-club-terms-of-use.html,2026-09,/en/payment-passport-big-fish-games,/pasport-oplaty-big-fish-games
blacknut,Blacknut,gaming-stores,https://www.blacknut.com/,Blacknut cloud gaming monthly subscription (price varies by country/partner),,visa; mastercard; bank_transfer,,unknown,unknown,unknown,,,https://www.blacknut.com/en/support/payment-not-accepted,2026-09,/en/payment-passport-blacknut,/pasport-oplaty-blacknut
boosteroid,Boosteroid,gaming-stores,https://boosteroid.com/,"ULTRA from €7.49/month (annual), ULTRA PRO from €11.24/month, ULTRA+WOT from €14.98/month",,visa; mastercard; paypal; paysafecard; local,Netopia SMS (Romania); SafetyPay (Brazil),no,unknown,unknown,"Ukrainian-founded company stopped providing services to users from Russia in 2022 (reported); official availability page lists Europe, North America and Brazil.",Payment via Adyen; some methods only for residents of Romania/Brazil.,https://help.boosteroid.com/en/content/what-payment-methods-do-you-have; https://help.boosteroid.com/en/content/how-can-i-pay-through-adyen; https://help.boosteroid.com/en/content/what-tariff-plans-do-you-have; https://help.boosteroid.com/en/content/where-is-the-service-available; https://root-nation.com/en/news-en/en-boosteroid-stops-providing-services-in-russia/,2026-09,/en/payment-passport-boosteroid,/pasport-oplaty-boosteroid
dlgamer,DLGamer,gaming-stores,https://www.dlgamer.com/,One-time game key purchases (no subscription),,paypal; bank_transfer,,unknown,unknown,unknown,,"Payment exclusively by credit card, PayPal or bank transfer; refunds offered for region mismatch.",https://direct.dlgamer.com/en/conditions; https://direct.dlgamer.com/en,2026-09,/en/payment-passport-dlgamer,/pasport-oplaty-dlgamer
ea-app,EA app (EA Store),gaming-stores,https://www.ea.com/ea-app,One-time game and in-game currency purchases; EA Wallet,,paypal; gift_card; local,Codapay; Paysafe; Skrill,no,yes,unknown,"EA officially stopped sales of games and content, including virtual currency, in Russia and Belarus (March 2022) on Origin/EA app and via platform partners.",Billing address must match statements; purchase from the region matching payment method and EA Account region; first redeemed Gift Card fixes the designated country and Gift Cards from other countries cannot then be redeemed.,https://help.ea.com/uk/help/account/troubleshooting-payment-issues/; https://help.ea.com/en/articles/orders-and-rewards/ea-gift-cards/; https://www.ea.com/en-gb/news/update-on-electronic-arts-titles-in-russia-and-belarus,2026-09,/en/payment-passport-ea-app,/pasport-oplaty-ea-app
fanatical,Fanatical,gaming-stores,https://www.fanatical.com/,One-time game key purchases (no subscription),,visa; mastercard; jcb; paypal; local,Alipay (CN/HK/SG/TW),partial,unknown,unknown,"Officially prices connections from the Russian Federation in RUB; Russia is not on Fanatical's list of blocked territories (Albania, Bahrain, Isle of Man, Kenya, Monaco, Moldova, Paraguay). Individual games may be region-locked.",Currency is set by detected connection country and cannot be chosen; keys are supplied for the detected country and may not activate on accounts associated with other countries; VPN use is blocked.,https://support.fanatical.com/hc/en-us/articles/202389132-Payment-methods-and-currencies-supported; https://support.fanatical.com/hc/en-us/articles/14279786334737-Error-WE-ARE-CURRENTLY-NOT-ABLE-TO-PROCESS-PAYMENTS-FROM-THIS-TERRITORY; https://support.fanatical.com/hc/en-us/articles/202652231-Can-games-be-activated-in-the-country-that-my-gamer-account-is-associated-with,2026-09,/en/payment-passport-fanatical,/pasport-oplaty-fanatical
frontier-store,Frontier Store,gaming-stores,https://www.frontierstore.net/,"One-time game/DLC purchases (Elite Dangerous, Planet Coaster, etc.)",,visa; mastercard; paypal,,unknown,unknown,unknown,,All transactions conducted in GBP; card details verified with card company and credit reference checks may apply.,https://www.frontierstore.net/secure-shopping; https://customersupport.frontier.co.uk/hc/fr/articles/25576944653212-Comprehensive-Guide-to-Troubleshooting-Orders-Downloads-and-Account-Issues-on-the-Frontier-Store,2026-09,/en/payment-passport-frontier-store,/pasport-oplaty-frontier-store
gaijin-store,Gaijin Store (War Thunder / Crossout),gaming-stores,https://store.gaijin.net/,In-game currency and packs; Gaijin Coins balance (1 GJN = 1 USD/EUR),,paypal; google_pay; amazon_pay; alipay; wechat_pay; store_wallet; local,DMM points (Japan),unknown,unknown,unknown,Store has a Russian-language QR-payment page; no official exit/restriction statement found.,Profile location/currency is locked in after a purchase with a bank card registered in that region; other regional payment methods appear only after such a purchase.,https://support.gaijin.net/hc/en-us/articles/21687502390674-Change-store-currency-Change-location-for-the-user-profile; https://support.gaijin.net/hc/en-us/articles/115000706645-Replenishment-of-the-Gaijin-Store-Balance; https://store.gaijin.net/page.php?page=faq; https://legal.gaijin.net/en/storepolicy,2026-09,/en/payment-passport-gaijin-store,/pasport-oplaty-gaijin-store
gameforge,Gameforge,gaming-stores,https://gameforge.com/,"In-game premium currency for Gameforge MMOs (e.g. Metin2, AION)",,visa; mastercard,,unknown,unknown,unknown,,Card payments processed by Paymentwall; methods offered by integrated payment service providers.,https://agbserver.gameforge.com/files/pdf/en_GB/special_terms.pdf; https://agbserver.gameforge.com/files/pdf/en_GB/information_credit_card_data_en.pdf,2026-09,/en/payment-passport-gameforge,/pasport-oplaty-gameforge
gamersgate,GamersGate,gaming-stores,https://www.gamersgate.com/,One-time game key purchases (no subscription),,paypal,,unknown,unknown,unknown,,"Credit card, PayPal, prepaid cards and direct payments offered; availability varies by region and is shown per account at checkout; payments may be rejected when using VPN/IP masking.",https://www.gamersgate.com/support/payments/no-payment-methods-available/; https://www.gamersgate.com/support/payments/payment-rejected/,2026-09,/en/payment-passport-gamersgate,/pasport-oplaty-gamersgate
gamesload,Gamesload,gaming-stores,https://www.gamesload.com/,One-time game key purchases (no subscription),,paypal,,unknown,unknown,unknown,,,https://www.gamesload.com/,2026-09,/en/payment-passport-gamesload,/pasport-oplaty-gamesload
gamesplanet,Gamesplanet,gaming-stores,https://gamesplanet.com/,One-time game key purchases (no subscription),,visa; mastercard; amex; diners; paypal; amazon_pay; crypto; paysafecard,,unknown,unknown,yes,,Card payments require 3D-Secure; Gamesplanet Wallet can be funded via paysafecard.,https://uk.gamesplanet.com/support/13-purchases-and-payments/104-payment-provider; https://us.gamesplanet.com/asus/faqs; https://us.gamesplanet.com/support/25-faq,2026-09,/en/payment-passport-gamesplanet,/pasport-oplaty-gamesplanet
google-play-pass,Google Play Pass,gaming-stores,https://play.google/play-pass/,Play Pass monthly subscription (price varies by country; USD price not shown on reviewed pages),,visa; mastercard; paypal; google_play; gift_card,,unknown,yes,unknown,Russia appears in Google's official Play Pass availability country list; Google's general paid-content availability page also lists Russia.,To subscribe you must be located in an eligible country and have the same billing country and Google Play country.,https://play.google/intl/en-GB/pass-availability/; https://support.google.com/googleplay/answer/9473027; https://support.google.com/googleplay/answer/2651410; https://support.google.com/googleplay/answer/2843119?hl=en-GB; https://play.google/intl/en_us/pass-availability/; https://support.google.com/googleplay/android-developer/answer/11950272; https://support.google.com/googleplay/answer/6379579?hl=en,2026-09,/en/payment-passport-google-play-pass,/pasport-oplaty-google-play-pass
green-man-gaming,Green Man Gaming,gaming-stores,https://www.greenmangaming.com/,One-time game key purchases (no subscription),,visa; mastercard; amex; discover; jcb; unionpay; maestro; paypal; apple_pay; google_pay; amazon_pay; gift_card; alipay; paysafecard; local,Kakao Pay; Korean online banking; PayCo,unknown,yes,unknown,Site has a Russian-language storefront; no official Russia policy statement found.,Not all payment methods are available in all regions; available methods shown at checkout.,https://greenmangaming.zendesk.com/hc/en-us/articles/215465708-Payment-What-payment-methods-are-available; https://greenmangaming.zendesk.com/hc/en-us/sections/203674148-Payment-Information; https://www.greenmangaming.com/ru/,2026-09,/en/payment-passport-green-man-gaming,/pasport-oplaty-green-man-gaming
humble-bundle-humble-choice,Humble Bundle / Humble Choice,gaming-stores,https://www.humblebundle.com/,Humble Choice $14.99/month or $154.99/year (RUB 1199/month regional price),14.99,visa; mastercard; amex; paypal; amazon_pay; alipay; ideal; sofort; local,Klarna (US store),partial,yes,unknown,Humble Choice regional pricing officially includes RUB; no explicit exit statement found. Payment method availability depends on region.,Payment method availability depends on region; prepaid cards not accepted for Humble Choice; PayPal for Choice requires a linked card.,https://support.humblebundle.com/hc/en-us/articles/202394364-Available-Payment-Options; https://support.humblebundle.com/hc/en-us/articles/217300087-Humble-Choice-Payment-information; https://support.humblebundle.com/hc/en-us/articles/360039435794-Humble-Choice-Regional-Pricing,2026-09,/en/payment-passport-humble-bundle-humble-choice,/pasport-oplaty-humble-bundle-humble-choice
indiegala,IndieGala,gaming-stores,https://www.indiegala.com/,One-time bundle/store purchases; GalaCredit account balance,,paypal; crypto,,unknown,unknown,yes,,VAT applied based on IP mapping to UK/EU; GalaCredit denominated in USD.,https://docs.indiegala.com/support/general.html; https://docs.indiegala.com/support/cashback.html; https://docs.indiegala.com/support/galacredit.html,2026-09,/en/payment-passport-indiegala,/pasport-oplaty-indiegala
itch-io,itch.io,gaming-stores,https://itch.io/,One-time purchases of indie games (no subscription),,visa; mastercard; paypal,,unknown,unknown,unknown,,Payments processed via PayPal or Stripe (card); available options depend on the seller's configuration.,https://itch.io/docs/creators/payments; https://itch.io/docs/creators/how-buying-works,2026-09,/en/payment-passport-itch-io,/pasport-oplaty-itch-io
legacy-games,Legacy Games,gaming-stores,https://legacygames.com/,One-time casual game purchases; Hero Club subscription (price not shown on reviewed pages),,,,unknown,unknown,unknown,,Launcher account email must match billing email used at purchase.,https://legacygames.com/help/; https://legacygames.com/terms-of-use/; https://legacygames.com/launcher-help/,2026-09,/en/payment-passport-legacy-games,/pasport-oplaty-legacy-games
nexon,Nexon (NX / Nexon Launcher),gaming-stores,https://www.nexon.com/,NX (Nexon Cash) top-ups for MapleStory and other Nexon games,,mastercard; unionpay; paypal; apple_pay; google_pay; gift_card; crypto; paysafecard; local,Xsolla Pay Station,unknown,yes,yes,Official Nexon Game Card FAQ lists RUB among currencies processed for the West/Global region; no explicit Russia policy found.,"Payment methods vary by country/currency; billing location (country selected at account creation, ZIP) must be set before first purchase; Nexon Game Card currency conversion based on billing country.",https://playersupport.nexon.com/hc/en-us/articles/360050567771-What-payment-methods-do-you-accept; https://playersupport.nexon.com/hc/en-us/articles/4407502564628-Nexon-Game-Card-FAQ; https://playersupport.nexon.com/hc/en-us/articles/360050569871-How-to-Buy-NX,2026-09,/en/payment-passport-nexon,/pasport-oplaty-nexon
nintendo-switch-online,Nintendo Switch Online,gaming-stores,https://www.nintendo.com/us/online/,"Individual membership $3.99/1 month, $19.99/12 months; + Expansion Pack $49.99/12 months",3.99,visa; mastercard; gift_card,,no,yes,unknown,Nintendo confirmed the Russian eShop was placed in maintenance mode after its payment provider suspended RUB transactions (2022) and product shipments to Russia were suspended.,Official pricing page states membership pricing depends on the country where it is used; memberships are bought through the country-specific Nintendo eShop.,https://en-americas-support.nintendo.com/app/answers/detail/a_id/41195; https://www.nintendo.com/us/online/compare-memberships/; https://www.eurogamer.net/nintendo-suspends-russian-product-shipments; https://www.nintendolife.com/news/2022/03/nintendo-eshop-payments-suspended-in-russia,2026-09,/en/payment-passport-nintendo-switch-online,/pasport-oplaty-nintendo-switch-online
nuuvem,Nuuvem,gaming-stores,https://www.nuuvem.com/,One-time game key purchases (no subscription),,visa; mastercard; amex; paypal; crypto; local,Boleto; Elo; PIX; PicPay,unknown,yes,yes,Brazil-focused store; no Russia-specific statement found on official pages.,Some games require a PayPal account verified in the buyer's country; BRL payments require BRL PayPal balance.,https://www.nuuvem.com/us-en/support-faq-payments; https://pt.support.nuuvem.com/kb/pt-br/article/238810/quais-sao-os-metodos-de-pagamento-e-como-funcionam; https://pt.support.nuuvem.com/kb/pt-br/article/337376/paypal-principais-duvidas,2026-09,/en/payment-passport-nuuvem,/pasport-oplaty-nuuvem
nvidia-geforce-now,NVIDIA GeForce NOW,gaming-stores,https://www.nvidia.com/en-us/geforce-now/,Performance and Ultimate memberships (monthly/6-month/12-month); exact USD prices not readable on official pages during research,,visa; mastercard; amex; paypal; local,UPI (India),partial,no,no,"NVIDIA's own service is not offered in Russia/CIS; NVIDIA directs users in Russia, Belarus, Kazakhstan, Armenia, Azerbaijan, Georgia, Moldova, Ukraine and Uzbekistan to the Alliance Partner GFN.RU.","Only credit/debit card and PayPal accepted; gift cards and prepaid cards not supported; PayPal balance not supported. In India, cards must be issued by an Indian institution with an Indian billing address. NVIDIA (US) is merchant of record, so charges may be treated as international.",https://nvidia.custhelp.com/app/answers/detail/a_id/4968/~/what-payment-methods-can-i-use-to-sign-up-for-a-geforce-now-membership%3F; https://nvidia.custhelp.com/app/answers/detail/a_id/5632; https://nvidia.custhelp.com/app/answers/detail/a_id/5028/~/why-am-i-receiving-an-error-message-that-geforce-now-is-not-currently-supported; https://www.nvidia.com/en-us/geforce-now/premium-memberships/,2026-09,/en/payment-passport-nvidia-geforce-now,/pasport-oplaty-nvidia-geforce-now
paradox-store,Paradox Store,gaming-stores,https://store.paradoxinteractive.com/,One-time game/DLC purchases (no subscription),,visa; mastercard; paypal; apple_pay; google_pay; local,Diners (US/EU); Discover (US/EU); JCB (US/EU); Klarna/AfterPay; Maestro (US/EU),unknown,unknown,unknown,,Some card brands accepted only for US and Europe; AmEx not available on BlueEye payment system; local methods depend on location.,https://store.pdx.gg/pages/returns-faq; https://support.paradox.com/portal/en/kb/articles/what-payment-methods-are-accepted; https://legal.paradoxplaza.com/terms-of-sale?locale=en,2026-09,/en/payment-passport-paradox-store,/pasport-oplaty-paradox-store
plarium-play,Plarium Play,gaming-stores,https://plarium.com/en/plarium-play/,In-game purchases (e.g. RAID: Shadow Legends) via Plarium Play launcher,,paypal; apple_pay; google_pay; local,GrabPay,unknown,unknown,unknown,,Country can be changed in Plarium Play settings; payment cards and PayPal can be saved.,https://plariumplay-support.plarium.com/hc/en-us/articles/360009559379-How-do-I-save-or-unlink-my-PayPal-account; https://forum.plarium.com/en/raid-shadow-legends/843_news/42372_new-payment-options-for-plarium-play/; https://platforms.raidshadowlegends.com/en/,2026-09,/en/payment-passport-plarium-play,/pasport-oplaty-plarium-play
rockstar-store-rockstar-games-launcher,Rockstar Store / Rockstar Games Launcher,gaming-stores,https://store.rockstargames.com/,One-time game and in-game currency purchases,,paypal,,no,unknown,unknown,"Take-Two (Rockstar's parent) stopped new sales, installations and marketing in Russia and Belarus in March 2022; Rockstar Store shows items as unavailable in the region.",Payments processed by commerce partner Xsolla; some methods limited to purchases under $15; additional ownership verification may be requested.,https://support.rockstargames.com/articles/2ptsKYrubNAxsZUL8OXyd9/rockstar-store-errors-2001-2002; https://support.rockstargames.com/articles/0d65WxVLahwss9f6nOFmt/rockstar-store-error-1002; https://www.gamesindustry.biz/take-two-interactive-halts-sales-marketing-and-more-in-russia-and-belarus; https://tass.com/economy/1417365,2026-09,/en/payment-passport-rockstar-store-rockstar-games-launcher,/pasport-oplaty-rockstar-store-rockstar-games-launcher
shadow-pc,Shadow PC,gaming-stores,https://shadow.tech/,Shadow PC from $29.99/month (US); higher tiers $43.99+,29.99,,,unknown,unknown,unknown,Official FAQ says you can technically subscribe from any location but quality is not guaranteed outside supported countries; Russia not addressed.,Subscriber selects closest supported country/datacenter; first month billed upfront.,https://shadow.tech/us/shadowpc/offers/; https://shadow.tech/us/faq/,2026-09,/en/payment-passport-shadow-pc,/pasport-oplaty-shadow-pc
square-enix-store,Square Enix Store,gaming-stores,https://store.square-enix-games.com/,One-time game/merch purchases; FFXIV Online Store items,,visa; mastercard; paypal; apple_pay; alipay; klarna; paysafecard; local,GCash; GrabPay; Kakao; Square Enix Crysta,unknown,unknown,unknown,,Available payment options vary by country of purchase / registered country; Japanese e-STORE does not accept foreign-issued cards.,https://apac.store.square-enix.com/pages/faqs; https://support.eu.square-enix.com/faqarticle.php?id=612&kid=78773&la=2; https://support.na.square-enix.com/faqarticle.php?c=3&id=20&kid=35010&la=1&ret=faqtop&sc=0; https://store.jp.square-enix.com/estore/pages/guide_5.aspx,2026-09,/en/payment-passport-square-enix-store,/pasport-oplaty-square-enix-store
ubisoft-store,Ubisoft Store,gaming-stores,https://store.ubisoft.com/,One-time game purchases; Ubisoft Wallet,,paysafecard; local,OXXO; PagoEfectivo,no,unknown,unknown,Ubisoft officially announced suspension of physical and digital sales in Russia (March 2022).,Payment methods and Ubisoft Wallet availability differ by country of residence; non-refundable methods refunded as store voucher/wallet funds.,https://www.ubisoft.com/legal/documents/storetermsofsale/en-US; https://www.ubisoft.com/legal/documents/walletterms/en-US; https://store.ubisoft.com/us/refund-policy?lang=en_US; https://news.ubisoft.com/en-us/article/2dkkIG51BCP24JwGGvDry9/how-ubisoft-is-supporting-our-teams-and-the-people-of-ukraine; https://www.reuters.com/technology/gaming-group-ubisoft-suspends-sales-russia-2022-03-07/,2026-09,/en/payment-passport-ubisoft-store,/pasport-oplaty-ubisoft-store
utomik,Utomik,gaming-stores,https://www.utomik.com/,Personal $6.99/month; Personal + Cloud $8.99/month; Family + Cloud $12.99/month,6.99,gift_card,,unknown,yes,unknown,Cloud service limited to an official country list (Europe-focused); Russia not addressed explicitly.,Utomik Cloud available only in listed countries.,https://www2.utomik.com/cloud; https://www2.utomik.com/prepaid,2026-09,/en/payment-passport-utomik,/pasport-oplaty-utomik
viveport-infinity,VIVEPORT Infinity,gaming-stores,https://www.viveport.com/,"VIVEPORT Infinity VR subscription (official plan page lists $5.99, $8.99 and $12.99 monthly price points; annual prepay available)",,,,unknown,unknown,unknown,,,https://www.viveport.com/joininfinity; https://service.viveport.com/hc/en-us/articles/360033260152-How-do-I-update-my-payment-information-for-VIVEPORT-Infinity; https://service.viveport.com/hc/en-us/articles/360025800432-Can-I-pre-pay-for-VIVEPORT-Infinity,2026-09,/en/payment-passport-viveport-infinity,/pasport-oplaty-viveport-infinity
voidu,Voidu,gaming-stores,https://www.voidu.com/,One-time game key purchases (no subscription),,,,unknown,unknown,unknown,Official page states service in 54 countries; Russia not addressed.,"Terms list credit/debit cards, mobile payments, e-pins and gaming coins; specific methods shown at checkout.",https://www.voidu.com/id/topic/ketentuan-penggunaan; https://www.voidu.com/en/about-us,2026-09,/en/payment-passport-voidu,/pasport-oplaty-voidu
wargaming-premium-shop,Wargaming Premium Shop (World of Tanks / Warships),gaming-stores,https://wargaming.net/,In-game gold/premium purchases; Wargaming prepaid cards,,visa; mastercard; amex; discover; jcb; diners; unionpay; maestro; paypal; gift_card; paysafecard; local,Karma Koin; Openbucks,unknown,yes,unknown,Official support pages describe region-specific payment method availability; no explicit statement on Russia availability located in the reviewed pages.,Wargaming-branded prepaid cards redeemable only in the region and game printed on the card; available methods vary by account/bundle.,https://www.wargaming.net/support/en/products/wot/article/10202/; https://www.wargaming.net/support/en/products/wot/article/10206/; https://wargaming.net/support/en/products/wot/article/22739/,2026-09,/en/payment-passport-wargaming-premium-shop,/pasport-oplaty-wargaming-premium-shop
wingamestore-macgamestore,WinGameStore / MacGameStore,gaming-stores,https://www.wingamestore.com/,One-time game key purchases; store wallet credit,,paypal; apple_pay,,unknown,unknown,unknown,,Credit card billing address required; prices shown in USD with estimated conversions.,https://www.wingamestore.com/information/Charges/; https://wingamestore.zendesk.com/hc/en-us/articles/360033288412-Updating-your-payment-details; https://wingamestore.zendesk.com/hc/en-us/articles/360033289652-Estimated-Currency,2026-09,/en/payment-passport-wingamestore-macgamestore,/pasport-oplaty-wingamestore-macgamestore
zoom-platform,ZOOM Platform,gaming-stores,https://www.zoom-platform.com/,One-time DRM-free game purchases; wallet top-ups,,visa; mastercard; amex; paypal,,unknown,unknown,unknown,,Card payments subject to issuer authorization checks.,https://www.zoom-platform.com/terms; https://www.zoom-platform.com/news/preserving-and-protecting-artistic-freedom,2026-09,/en/payment-passport-zoom-platform,/pasport-oplaty-zoom-platform
ankimobile-flashcards,AnkiMobile Flashcards,languages-books,https://apps.ankiweb.net,One-time iOS app purchase $24.99,,app_store,,unknown,unknown,unknown,,Purchases and refunds handled by Apple.,https://apps.ankiweb.net/; https://faqs.ankiweb.net/requesting-a-refund-for-ankimobile.html; https://apps.apple.com/us/app/ankimobile-flashcards/id373493387,2026-09,/en/payment-passport-ankimobile-flashcards,/pasport-oplaty-ankimobile-flashcards
bloomberg,Bloomberg,languages-books,https://www.bloomberg.com,Bloomberg.com Digital $39.99/month (intro $1.99 first month) or $399/year (intro $180),39.99,gift_card,,no,yes,unknown,Bloomberg suspended its operations in Russia and Belarus (March 2022).,,https://www.bloomberg.com/subscriptions; https://www.bloomberg.com/help/question/how-are-subscriptions-billed/; https://www.bloomberg.com/news/articles/2022-03-28/bloomberg-suspends-operations-in-russia-belarus-on-ukraine-war,2026-09,/en/payment-passport-bloomberg,/pasport-oplaty-bloomberg
bookmate,Bookmate,languages-books,https://bookmate.com,Bookmate Premium subscription (monthly/annual),,,,unknown,yes,unknown,,,https://intercom.help/bookmate-534438c41f4d/en/collections/4999436-subscription-and-payment; https://intercom.help/bookmate-534438c41f4d/en/articles/8057915-how-does-my-recurring-subscription-work; https://bookmate.com/subscription,2026-09,/en/payment-passport-bookmate,/pasport-oplaty-bookmate
drops,Drops,languages-books,https://languagedrops.com,Drops Premium subscription (web offer shown at $8.50/month equivalent),8.5,app_store; google_play,,partial,unknown,unknown,Drops states learners in Russia can currently purchase only via the app stores or its web checkout and that it cannot bypass sanctions/payment restrictions on Russia.,Official note acknowledges payment restrictions affecting Russia.,https://planblabs.zendesk.com/hc/en-us/articles/115002910505-I-can-t-purchase-a-subscription; https://languagedrops.com/premium-web-discount,2026-09,/en/payment-passport-drops,/pasport-oplaty-drops
elsa-speak,ELSA Speak,languages-books,https://elsaspeak.com,"ELSA Pro membership: 3 months $8.99, 1 year $29.99, Lifetime $79.99 (voucher-code web offer)",,paypal; app_store; google_play; gift_card,,unknown,yes,unknown,,Bank transfer and account-code delivery only for Vietnamese users; app-store payment methods per Apple/Google.,https://elsanow.freshdesk.com/en/support/solutions/articles/31000177816-supported-payment-methods-purchases-via-google-apple-; https://elsaspeak.com/en/faqs-en/,2026-09,/en/payment-passport-elsa-speak,/pasport-oplaty-elsa-speak
financial-times,Financial Times,languages-books,https://www.ft.com,"FT Digital Edition / Standard Digital; Standard shown at $45/month, intro $1 for 4 weeks",45,visa; mastercard; amex; paypal; apple_pay; google_pay; local,uk direct debit,unknown,unknown,unknown,,Direct debit available for UK bank accounts only.,https://help.ft.com/faq/personal-subscriptions/how-can-i-pay-for-my-subscription/; https://help.ft.com/faq/payment-queries/which-credit-cards-do-you-accept/; https://help.ft.com/faq/personal-subscriptions/where-can-I-see-subscription-pricing/; https://www.ft.com/products,2026-09,/en/payment-passport-financial-times,/pasport-oplaty-financial-times
glossika,Glossika,languages-books,https://ai.glossika.com,Glossika subscription: $19.99/month (annual equiv. $16.58/mo); higher tier $39.99/month,19.99,app_store; google_play,,unknown,unknown,unknown,,,https://ai.glossika.com/pricing; https://help.glossika.com/en/articles/6344250-will-i-be-charged-after-my-7-day-free-trial-ends,2026-09,/en/payment-passport-glossika,/pasport-oplaty-glossika
harvard-business-review,Harvard Business Review,languages-books,https://hbr.org,HBR Digital / Digital+Print subscription (monthly or annual),,visa; mastercard; amex; discover; jcb; diners; maestro; paypal; google_pay; gift_card,,unknown,yes,unknown,,PayPal and Google Pay available to US customers only.,https://hbphelp.zendesk.com/hc/en-us/articles/35660414239763-What-Payment-Methods-are-accepted; https://hbr.org/subscription-terms; https://hbr.org/subscriptions,2026-09,/en/payment-passport-harvard-business-review,/pasport-oplaty-harvard-business-review
hellotalk,HelloTalk,languages-books,https://www.hellotalk.com,HelloTalk VIP subscription and HT coins,,paypal; app_store; google_play; crypto; alipay; wechat_pay,,partial,unknown,yes,HelloTalk publishes a dedicated FAQ with an alternative web checkout for buying VIP/coins from Russia.,"For unsupported countries HelloTalk offers manual payment via PayPal (USD), Alipay, WeChat Pay or stablecoins (USDT/USDC).",https://www.hellotalk.com/en/faq/vip-and-subscriptions/1005; https://www.hellotalk.com/en/faq/technical-issue/1001; https://www.hellotalk.com/en/faq/vip-and-subscriptions/461,2026-09,/en/payment-passport-hellotalk,/pasport-oplaty-hellotalk
lingopie,Lingopie,languages-books,https://lingopie.com,Lingopie subscription (monthly/annual),,visa; mastercard; apple_pay; google_pay; sepa,,unknown,unknown,unknown,,SEPA offered for EU users.,https://help.lingopie.com/support/solutions/articles/150000173769-what-payment-methods-are-accepted-,2026-09,/en/payment-passport-lingopie,/pasport-oplaty-lingopie
lingq,LingQ,languages-books,https://www.lingq.com,LingQ Premium subscription,,,,unknown,unknown,unknown,,,https://www.lingq.com/en/pricing/,2026-09,/en/payment-passport-lingq,/pasport-oplaty-lingq
lingvist,Lingvist,languages-books,https://lingvist.com,Lingvist Unlimited subscription (monthly/annual),,paypal,,unknown,unknown,unknown,,Bank transfer not accepted.,https://lingvist.com/help/can-i-pay-by-paypal/; https://lingvist.com/help/can-i-pay-by-bank-transfer/; https://lingvist.com/pricing/,2026-09,/en/payment-passport-lingvist,/pasport-oplaty-lingvist
mondly,Mondly,languages-books,https://www.mondly.com,Mondly Premium subscription (monthly or prepaid period),,visa; mastercard; amex; discover; jcb; paypal; apple_pay,,unknown,unknown,unknown,,,https://www.mondly.com/static-pages/subscription-terms.html,2026-09,/en/payment-passport-mondly,/pasport-oplaty-mondly
perlego,Perlego,languages-books,https://www.perlego.com,"Perlego Essential/Complete subscription (monthly, semester, annual)",,visa; mastercard; amex; paypal; apple_pay; google_pay; bank_transfer; ideal,,unknown,unknown,unknown,Perlego states it is available globally; some titles are region-restricted by publisher rights.,Global availability; title-level regional rights limits.,https://help.perlego.com/en/articles/3924869-payment-methods; https://www.perlego.com/pricing,2026-09,/en/payment-passport-perlego,/pasport-oplaty-perlego
pressreader,PressReader,languages-books,https://www.pressreader.com,PressReader Premium subscription (monthly),,,,unknown,unknown,unknown,,,https://help.pressreader.com/hc/en-us/sections/39734334601108-Subscriptions-and-payments; https://help.pressreader.com/hc/en-us/articles/206528495-Terms-of-Use; https://www.pressreader.com/pricing,2026-09,/en/payment-passport-pressreader,/pasport-oplaty-pressreader
promova,Promova,languages-books,https://promova.com,Promova Premium subscription,,visa; mastercard; amex; paypal,,unknown,unknown,unknown,,"Payment options vary by country; promo codes apply to card/wallet payments, not PayPal.",https://promova.com/faq/payments-and-subscription/what-payment-methods-do-you-offer; https://promova.com/faq/getting-started/where-and-how-can-you-redeem-your-code,2026-09,/en/payment-passport-promova,/pasport-oplaty-promova
readly,Readly,languages-books,https://readly.com,Readly unlimited magazines $12.99/month (US; intro $0.99 first month),12.99,visa; mastercard; paypal; apple_pay; google_pay; gift_card,,unknown,yes,unknown,,Country-specific storefronts and pricing.,https://readly.zendesk.com/hc/en-gb/articles/360012747860-How-do-I-pay; https://readly.zendesk.com/hc/en-001/sections/360003524020-Subscriptions-Payment; https://us.readly.com/,2026-09,/en/payment-passport-readly,/pasport-oplaty-readly
readwise,Readwise,languages-books,https://readwise.io,Readwise subscription (monthly/annual after 30-day trial),,,,unknown,unknown,unknown,,,https://docs.readwise.io/faqs/subscription; https://readwise.io/pricing,2026-09,/en/payment-passport-readwise,/pasport-oplaty-readwise
shortform,Shortform,languages-books,https://www.shortform.com,Shortform subscription $16.42/month (annual billing),16.42,visa; mastercard; amex,,unknown,unknown,unknown,,,https://www.shortform.com/pricing; https://www.shortform.com/terms,2026-09,/en/payment-passport-shortform,/pasport-oplaty-shortform
speak,Speak,languages-books,https://www.speak.com,Speak Premium subscription,,,,unknown,unknown,unknown,,,https://www.speak.com/terms; https://www.speak.com/pricing,2026-09,/en/payment-passport-speak,/pasport-oplaty-speak
tandem,Tandem,languages-books,https://tandem.net,Tandem Pro subscription,,,,unknown,unknown,unknown,,,https://tandem.zendesk.com/hc/en-us/articles/360045166332-What-is-included-in-a-Tandem-Pro-subscription; https://tandem.net/pages/faq,2026-09,/en/payment-passport-tandem,/pasport-oplaty-tandem
the-atlantic,The Atlantic,languages-books,https://www.theatlantic.com,Digital / Premium subscription (annual),,visa; mastercard; amex; paypal; apple_pay; gift_card,,unknown,yes,unknown,,Available payment methods may vary by location.,https://support.theatlantic.com/hc/en-us/articles/360034881114-Frequently-asked-questions-about-our-subscription-service; https://www.theatlantic.com/terms-of-sale/; https://support.theatlantic.com/hc/en-us/articles/360044266254-Purchase-a-subscription,2026-09,/en/payment-passport-the-atlantic,/pasport-oplaty-the-atlantic
the-economist,The Economist,languages-books,https://www.economist.com,"Digital subscription: $29 every 4 weeks, or $289/year (intro $144.50 first year)",29,visa; mastercard; amex; discover; paypal; apple_pay; google_pay; gift_card,,partial,yes,unknown,The Economist lists Apple Pay as unavailable for subscriptions in Russia; no full-block statement found.,AmEx not available in South Korea/Philippines; PayPal not in India/China; Apple Pay not in China/India/Russia; Google Pay not in China/India; no cheque or bank transfer.,https://myaccount.economist.com/s/article/Which-payment-methods-do-you-accept; https://www.economist.com/subscribe?country=US; https://myaccount.economist.com/s/article/How-can-I-subscribe-to-The-Economist,2026-09,/en/payment-passport-the-economist,/pasport-oplaty-the-economist
the-guardian,The Guardian,languages-books,https://www.theguardian.com,All-access digital $18/month or $180/year (US); £19/month (UK),18,,,unknown,unknown,unknown,,Pricing shown per country storefront.,https://support.theguardian.com/us/contribute; https://support.theguardian.com/uk/subscribe; https://www.theguardian.com/info/2025/oct/31/guardian-subscription-terms-and-conditions,2026-09,/en/payment-passport-the-guardian,/pasport-oplaty-the-guardian
the-new-york-times,The New York Times,languages-books,https://www.nytimes.com,"Digital subscription (Basic/All Access, billed every 4 weeks; intro offers vary)",,visa; mastercard; amex; paypal; apple_pay; google_pay; gift_card; klarna,,unknown,yes,unknown,No official statement about subscription availability in Russia found.,"Klarna only for new subscriptions in Germany, Finland, UK, Austria, Belgium, Netherlands.",https://help.nytimes.com/hc/en-us/articles/4413154415252-Paying-Your-Bill; https://help.nytimes.com/policies/115014893968-terms-of-sale; https://www.nytimes.com/subscription,2026-09,/en/payment-passport-the-new-york-times,/pasport-oplaty-the-new-york-times
the-new-yorker,The New Yorker,languages-books,https://www.newyorker.com,Digital subscription $16 every 4 weeks (intro $2/4 weeks) or $130/year (intro $26),16,visa; mastercard; amex; discover; diners; paypal; apple_pay; amazon_pay; gift_card,,unknown,yes,unknown,,,https://www.newyorker.com/about/faq; https://subscribe.newyorker.com/,2026-09,/en/payment-passport-the-new-yorker,/pasport-oplaty-the-new-yorker
the-wall-street-journal,The Wall Street Journal,languages-books,https://www.wsj.com,"WSJ Digital: intro $8 every 4 weeks (or $79 first year), then standard rate",,gift_card,,unknown,yes,unknown,,,https://www.wsj.com/subscribe; https://customercenter.wsj.com/payment?eafs_enabled=false,2026-09,/en/payment-passport-the-wall-street-journal,/pasport-oplaty-the-wall-street-journal
the-washington-post,The Washington Post,languages-books,https://www.washingtonpost.com,"Digital subscription: intro $4 every 4 weeks or $40 first year, then standard rate",,visa; mastercard; bank_transfer; gift_card,,unknown,yes,unknown,,,https://helpcenter.washingtonpost.com/hc/en-us/articles/115004155528-Pay-for-your-subscription; https://subscribe.washingtonpost.com/acquisition/; https://www.washingtonpost.com/information/2022/06/17/terms-sale-digital-products/,2026-09,/en/payment-passport-the-washington-post,/pasport-oplaty-the-washington-post
wattpad-premium,Wattpad Premium,languages-books,https://www.wattpad.com,Wattpad Premium from $4.99/month; Premium+ from $7.49/month,4.99,app_store; google_play,,no,unknown,unknown,Roskomnadzor blocked Wattpad in Russia (Interfax report).,,https://www.wattpad.com/premium/; https://support.wattpad.com/hc/en-us/articles/360042430572-Premium-Plus; https://www.interfax-russia.ru/moscow/news/wattpad-zablokirovan-v-rf-za-narushenie-rossiyskogo-zakonodatelstva-roskomnadzor,2026-09,/en/payment-passport-wattpad-premium,/pasport-oplaty-wattpad-premium
webtoon,WEBTOON,languages-books,https://www.webtoons.com,Coins for Fast Pass/paid episodes (in-app),,app_store; google_play,,unknown,unknown,unknown,,App payments processed by Google Play / Apple; PayPal coin payments discontinued in 2025.,https://webtoon.zendesk.com/hc/en-us/articles/360051126792-Can-I-pay-for-Coins-with-a-credit-card; https://webtoon.zendesk.com/hc/en-us/articles/360051593511-How-do-I-purchase-Coins; https://www.webtoons.com/en/notice/detail?noticeNo=3337,2026-09,/en/payment-passport-webtoon,/pasport-oplaty-webtoon
wired,WIRED,languages-books,https://www.wired.com,Digital subscription: promo $4 every 4 weeks or annual offer (~$2/month equivalent),,visa; mastercard; amex; discover; diners; paypal; apple_pay; amazon_pay; gift_card,,unknown,yes,unknown,,,https://www.wired.com/about/faq/; https://subscribe.wired.com/,2026-09,/en/payment-passport-wired,/pasport-oplaty-wired
zinio,ZINIO,languages-books,https://www.zinio.com,Digital magazine single issues/subscriptions and ZINIO Unlimited,,visa; mastercard; amex; paypal,,no,unknown,unknown,ZINIO states its payment gateway does not accept payments from a list of prohibited countries that includes Russia.,US-embargoed countries blocked; payment gateway rejects payments from listed prohibited countries incl. Belarus and Russia.,https://support.zinio.com/hc/en-us/articles/115009942587-How-to-Manage-Payment-Information-in-the-Cart; https://support.zinio.com/hc/en-us/articles/115015634587-ZINIO-Countries-of-Operation,2026-09,/en/payment-passport-zinio,/pasport-oplaty-zinio
activecampaign,ActiveCampaign,marketing,https://www.activecampaign.com,Starter plan (monthly; price scales with contacts),,visa; mastercard; amex; paypal; local,check/wire transfer (annual),unknown,unknown,unknown,Official help references sanctioned/prohibited jurisdictions generally; Russia not named.,Prepaid cards not accepted.,https://help.activecampaign.com/hc/en-us/articles/115000114384; https://www.activecampaign.com/pricing,2026-09,/en/payment-passport-activecampaign,/pasport-oplaty-activecampaign
agorapulse,Agorapulse,marketing,https://www.agorapulse.com,Standard plan $79 per user/month (billed annually),79,visa; mastercard; amex; paypal; local,bank transfer (eligible annual contracts),unknown,unknown,unknown,,,https://support.agorapulse.com/en/articles/12097076-billing-frequently-asked-questions-faq; https://www.agorapulse.com/pricing/,2026-09,/en/payment-passport-agorapulse,/pasport-oplaty-agorapulse
ahrefs,Ahrefs,marketing,https://ahrefs.com,Lite plan $129/month (Starter $29/month),129,visa; mastercard; amex; unionpay; local,invoice/wire transfer (Enterprise),no,unknown,unknown,Ahrefs announced it blocked all access from Russia and Belarus from 3 March 2022 (reported by Search Engine Land quoting Ahrefs).,,https://help.ahrefs.com/en/articles/64946-what-payment-methods-do-you-accept; https://ahrefs.com/pricing; https://searchengineland.com/ahrefs-ukraine-fundraising-383731,2026-09,/en/payment-passport-ahrefs,/pasport-oplaty-ahrefs
amplitude,Amplitude,marketing,https://amplitude.com,Plus plan (usage-based; Free tier $0),,card,,partial,unknown,unknown,Amplitude stopped all new sales in Russia and Belarus and terminated contracts with sanctioned/government-linked customers; continues serving other existing customers.,,https://help.amplitude.com/hc/en-us/articles/360058073772; https://amplitude.com/pricing; https://amplitude.com/blog/standing-with-ukraine,2026-09,/en/payment-passport-amplitude,/pasport-oplaty-amplitude
apollo-io,Apollo.io,marketing,https://www.apollo.io,Basic plan $49/user/month,49,visa; mastercard; amex; discover; jcb; diners; unionpay,,unknown,unknown,no,Terms bar use in comprehensively sanctioned territories; Russia not named.,"No PayPal, Apple Pay, Google Pay, check or Bitcoin.",https://knowledge.apollo.io/hc/en-us/articles/14140209188621-Manage-Your-Billing-Information-in-Apollo; https://www.apollo.io/insights/best-prospecting-tool-with-flexible-pricing; https://knowledge.apollo.io/hc/en-us/articles/4409141087757-Configure-GDPR-Settings-on-Apollo,2026-09,/en/payment-passport-apollo-io,/pasport-oplaty-apollo-io
aweber,AWeber,marketing,https://www.aweber.com,Paid plan from $30/month (500 subscribers),30,visa; mastercard; amex; discover; local,debit card (Visa/Mastercard),unknown,unknown,unknown,,PayPal not accepted.,https://docs.aweber.com/getting-started-with-aweber/aweber-information/pricing-frequently-asked-questions; https://docs.aweber.com/account-management/account-management/can-i-pay-for-my-aweber-account-via-paypal; https://www.aweber.com/pricing.htm,2026-09,/en/payment-passport-aweber,/pasport-oplaty-aweber
bitly,Bitly,marketing,https://bitly.com,Core plan $10/month (billed annually),10,,,unknown,unknown,unknown,,,https://bitly.com/pages/pricing,2026-09,/en/payment-passport-bitly,/pasport-oplaty-bitly
brand24,Brand24,marketing,https://brand24.com,Individual plan $249/month ($199/month billed annually),249,visa; mastercard; amex; paypal; local,bank transfer (annual),unknown,unknown,no,,,https://brand24.com/prices/; https://brand24.com/pricing.md,2026-09,/en/payment-passport-brand24,/pasport-oplaty-brand24
buffer,Buffer,marketing,https://buffer.com,Essentials $5/channel/month (annual) or $6/channel/month,6,visa; mastercard; amex; discover; jcb; diners; apple_pay; local,amazon pay (supported regions); bank account (some regions),unknown,unknown,unknown,,"PayPal, Google Pay, Venmo, Zelle, checks not accepted.",https://support.buffer.com/article/548-payment-methods; https://buffer.com/pricing,2026-09,/en/payment-passport-buffer,/pasport-oplaty-buffer
constant-contact,Constant Contact,marketing,https://www.constantcontact.com,Lite plan from $12/month,12,card; paypal; apple_pay; local,echeck (not all customers); google pay (not all customers); pre-authorized debit (Canada),no,unknown,unknown,Official policy on embargoed countries lists Russia and Belarus as ineligible.,No cash or purchase orders; some methods limited by customer country.,https://knowledgebase.constantcontact.com/email-digital-marketing/articles/KnowledgeBase/5775-Payment-options-for-your-account?lang=en_US; https://www.constantcontact.com/pricing; https://knowledgebase.constantcontact.com/email-digital-marketing/articles/KnowledgeBase/18680-Constant-Contacts-policy-on-embargoed-countries?lang=en_US,2026-09,/en/payment-passport-constant-contact,/pasport-oplaty-constant-contact
getresponse,GetResponse,marketing,https://www.getresponse.com,Starter plan $19/month ($15.58/month billed annually),19,visa; mastercard; amex; discover; jcb; maestro; apple_pay; google_pay; local,paypal (selected countries); sepa direct debit (Germany),partial,unknown,unknown,"GetResponse stopped new sales in Russia and Belarus (official statement, 2022).",PayPal/SEPA availability depends on country.,https://www.getresponse.com/help/what-payment-methods-do-you-accept.html; https://www.getresponse.com/pricing; https://www.getresponse.com/blog/getresponse-solidarity-ukraine,2026-09,/en/payment-passport-getresponse,/pasport-oplaty-getresponse
google-ads,Google Ads,marketing,https://ads.google.com,Advertising spend (advertiser-set budget; no subscription),,visa; mastercard; unionpay; local,bank account/direct debit; monthly invoicing (eligible businesses),no,unknown,unknown,"Google paused all ad sales in Russia (March 2022, Reuters); Google Ads is unavailable to advertisers in OFAC-sanctioned locations.","Payment methods depend on country, currency and billing setup; accounts in embargoed locations are suspended.",https://support.google.com/google-ads/answer/2375375; https://support.google.com/google-ads/answer/6163740?hl=en; https://www.reuters.com/technology/google-pauses-all-ad-sales-russia-2022-03-04/,2026-09,/en/payment-passport-google-ads,/pasport-oplaty-google-ads
hootsuite,Hootsuite,marketing,https://www.hootsuite.com,Standard plan (monthly/annual),,visa; mastercard; amex; discover; jcb; paypal; local,check/wire/ACH (annual Enterprise invoice),unknown,unknown,unknown,Terms bar self-serve use where prohibited by Canadian/US law; Russia not named.,"No checks, debit, prepaid cards, wire or PayPal eCheck for self-serve plans.",https://help.hootsuite.com/s/article/billing-FAQ; https://www.hootsuite.com/pricing; https://www.hootsuite.com/legal/terms,2026-09,/en/payment-passport-hootsuite,/pasport-oplaty-hootsuite
hubspot-marketing-hub,HubSpot Marketing Hub,marketing,https://www.hubspot.com,"Marketing Hub Starter from $7/month per seat (Professional $1,300/month)",7,visa; mastercard; amex; discover; jcb; diners; apple_pay; google_pay; bank_transfer; sepa; local,BACS (UK); PAD (Canada),no,unknown,unknown,HubSpot ceased operations in Russia and disabled Russian accounts from 12 Sept 2024 (bne IntelliNews; Habr).,Payment methods depend on buyer region/currency; acceptable-use policy bars access from embargoed countries.,https://knowledge.hubspot.com/payment-processing/payments-frequently-asked-questions; https://www.hubspot.com/pricing/suite; https://legal.hubspot.com/acceptable-use; https://www.intellinews.com/russian-it-sector-hit-by-latest-round-of-us-sanctions-smes-in-the-front-line-343558/; https://habr.com/ru/news/836770/,2026-09,/en/payment-passport-hubspot-marketing-hub,/pasport-oplaty-hubspot-marketing-hub
hunter-io,Hunter.io,marketing,https://hunter.io,Starter plan $49/month ($34/month billed yearly),49,visa; mastercard; amex; discover; jcb; diners; unionpay; local,bank transfer/ACH (yearly); wire transfer (Enterprise),unknown,unknown,unknown,,Bank transfer availability depends on billing country and currency; no PayPal.,https://help.hunter.io/en/articles/6732175-how-payment-works-on-hunter; https://hunter.io/pricing/,2026-09,/en/payment-passport-hunter-io,/pasport-oplaty-hunter-io
klaviyo,Klaviyo,marketing,https://www.klaviyo.com,Email plan (price scales with active profiles; from $45/month at pricing-page default),45,card,,unknown,unknown,unknown,,PayPal not supported.,https://www.klaviyo.com/pricing; https://community.klaviyo.com/marketing-30/pay-with-paypal-1716?postid=5867; https://community.klaviyo.com/marketing-30/are-there-many-payment-options-except-using-credit-card-7488?postid=30052,2026-09,/en/payment-passport-klaviyo,/pasport-oplaty-klaviyo
later,Later,marketing,https://later.com,Starter plan $25/month ($18.75/month billed yearly),25,local,apple iap (iOS sign-ups); credit/debit card,unknown,unknown,unknown,Terms require users not be in a US-embargoed region; Russia not named.,iOS subscriptions billed by Apple.,https://help.later.com/hc/en-us/articles/360042493054-Accepted-Payment-Methods; https://app.later.com/plans/; https://later.com/terms/,2026-09,/en/payment-passport-later,/pasport-oplaty-later
leadpages,Leadpages,marketing,https://www.leadpages.com,Grow plan $99/month ($79/month billed annually),99,visa; mastercard; discover; local,paypal (outside US),unknown,unknown,unknown,,,https://support.leadpages.com/hc/en-us/articles/205046865; https://leadpages.com/pricing,2026-09,/en/payment-passport-leadpages,/pasport-oplaty-leadpages
lemlist,lemlist,marketing,https://www.lemlist.com,Email Pro from $69/user/month ($55 yearly),69,card; local,sepa (Enterprise); wire transfer (Enterprise),unknown,unknown,unknown,,,https://help.lemlist.com/en/articles/14299960-enterprise-plan-wire-transfer-sepa-and-flexible-billing-options; https://help.lemlist.com/en/articles/6643849-lemlist-plans-how-to-choose-the-right-one,2026-09,/en/payment-passport-lemlist,/pasport-oplaty-lemlist
linkedin-sales-navigator,LinkedIn Sales Navigator,marketing,https://business.linkedin.com/sales-solutions,Sales Navigator Core US$119.99/month per license,119.99,card; paypal; apple_pay; google_pay; sepa; ideal,,no,unknown,unknown,LinkedIn is blocked in Russia by Roskomnadzor since 2016; LinkedIn does not sell paid products in trade-sanctioned countries.,Payment methods limited by country/currency; paid products not sold in US-trade-sanctioned countries.,https://business.linkedin.com/sell/sales-navigator/compare-plans; https://www.linkedin.com/help/linkedin/answer/a1339324/prohibited-countries-policy?lang=en; https://techcrunch.com/2016/11/17/russia-starts-blocking-linkedin/,2026-09,/en/payment-passport-linkedin-sales-navigator,/pasport-oplaty-linkedin-sales-navigator
linktree,Linktree,marketing,https://linktr.ee,Starter/Pro/Premium (regional pricing; USD price not verified),,card; paypal; apple_pay; google_pay; app_store; google_play; local,credit/debit card,unknown,unknown,unknown,,Pricing varies by region and is shown in local currency.,https://help.linktr.ee/en/articles/5434083-upgrade-plans-and-payment-options; https://help.linktr.ee/en/articles/5434080-how-do-i-change-or-remove-my-payment-method; https://linktr.ee/s/pricing/; https://linktr.ee/s/pricing,2026-09,/en/payment-passport-linktree,/pasport-oplaty-linktree
mailerlite,MailerLite,marketing,https://www.mailerlite.com,Comfort plan from $12/month,12,visa; mastercard; amex; discover; diners; unionpay; paypal; local,Przelewy24; shopify billing,no,unknown,unknown,Terms: no services or payments for customers registered in US/UK/EU-sanctioned countries; MailerLite suspended Russian accounts in 2022.,Contracting entity and currency depend on billing address/account country.,https://www.mailerlite.com/help/what-payment-methods-do-you-accept; https://www.mailerlite.com/pricing; https://www.mailerlite.com/legal/terms-of-service,2026-09,/en/payment-passport-mailerlite,/pasport-oplaty-mailerlite
mangools,Mangools,marketing,https://mangools.com,Basic plan $49/month (monthly),49,bank_transfer; crypto; local,credit/debit card,unknown,unknown,yes,,,https://mangools.com/faq; https://mangools.com/affiliate-program,2026-09,/en/payment-passport-mangools,/pasport-oplaty-mangools
meta-ads,Meta Ads,marketing,https://www.facebook.com/business/ads,Advertising spend (advertiser-set budget; no subscription),,visa; mastercard; amex; paypal; local,co-branded debit card,no,unknown,unknown,Meta: 'Advertisers in Russia cannot create or run ads at this time'.,Available methods depend on ad account country and currency.,https://www.facebook.com/business/help/1946853292237629; https://developers.facebook.com/community/threads/968818951266795/,2026-09,/en/payment-passport-meta-ads,/pasport-oplaty-meta-ads
metricool,Metricool,marketing,https://metricool.com,Starter plan from $25/month ($20/month billed annually),25,visa; mastercard; paypal,,unknown,unknown,unknown,Legal terms reference EU/EFTA export controls generally; Russia not named.,Prepaid and virtual cards not accepted; PayPal must have linked card/bank.,https://help.metricool.com/available-payment-methods-in-metricool-0siw2.md; https://metricool.com/pricing/; https://metricool.com/legal-terms/,2026-09,/en/payment-passport-metricool,/pasport-oplaty-metricool
mixpanel,Mixpanel,marketing,https://mixpanel.com,"Growth plan (event-based, usage pricing)",,card,,unknown,unknown,unknown,,,https://docs.mixpanel.com/docs/pricing,2026-09,/en/payment-passport-mixpanel,/pasport-oplaty-mixpanel
moz-pro,Moz Pro,marketing,https://moz.com,Moz Pro Starter $99/month ($79/month billed yearly),99,visa; mastercard; amex; discover; local,"check/wire/ACH (annual, invoiced)",unknown,unknown,unknown,,PayPal and prepaid cards not accepted; some debit cards accepted.,https://moz.com/help/your-account/payment-billing-issues/accepted-payment-methods; https://moz.com/products/pro/pricing; https://moz.com/help/your-account/payment-billing-issues/card-declined-checkout,2026-09,/en/payment-passport-moz-pro,/pasport-oplaty-moz-pro
omnisend,Omnisend,marketing,https://www.omnisend.com,Standard plan from $16/month,16,local,amex (credit/prepaid); mastercard (credit/debit/prepaid); visa (credit/debit/prepaid),no,unknown,unknown,Omnisend announced it stopped services in Russia and Belarus (March 2022).,"Discover, Diners Club, JCB, UnionPay not supported.",https://support.omnisend.com/en/articles/3533018-omnisend-pricing-plans-2026; https://www.omnisend.com/pricing/; https://www.linkedin.com/posts/omnisend_supportukraine-activity-6902955323225636864-JzdV,2026-09,/en/payment-passport-omnisend,/pasport-oplaty-omnisend
planable,Planable,marketing,https://planable.io,Basic plan from $33/workspace/month,33,local,bank/wire transfer (Enterprise); credit/debit card (Stripe),unknown,unknown,unknown,,,https://planable.io/pricing/,2026-09,/en/payment-passport-planable,/pasport-oplaty-planable
rank-math-pro,Rank Math PRO,marketing,https://rankmath.com,PRO plan (annual; Business renews at €27.99/month billed annually),,paypal; amazon_pay; local,credit/debit card,partial,unknown,unknown,Rank Math staff state accounts from sanctioned countries are no longer accepted and account creation from Russian IP addresses is not allowed.,Terms require users not be located in a US-embargoed country; prepaid cards not accepted; card must support international USD payments.,https://rankmath.com/pricing/; https://rankmath.com/kb/troubleshooting-payment-issues/; https://rankmath.com/terms-and-conditions/; https://support.rankmath.com/ticket/unable-to-access-rank-math-seo-dashboard-assistance-required/; https://wordpress.org/support/topic/%d0%bd%d0%b5-%d1%80%d0%b0%d0%b1%d0%be%d1%82%d0%b0%d0%b5%d1%82-%d0%b2-%d1%80%d1%84/,2026-09,/en/payment-passport-rank-math-pro,/pasport-oplaty-rank-math-pro
screaming-frog-seo-spider,Screaming Frog SEO Spider,marketing,https://www.screamingfrog.co.uk,SEO Spider licence $279 per licence/year,,paypal; local,bank transfer (invoice); credit/debit card,unknown,unknown,unknown,,Billing address must match the payment card address.,https://www.screamingfrog.co.uk/seo-spider/pricing/?wmc-currency=USD; https://www.screamingfrog.co.uk/seo-spider/faq/; https://www.screamingfrog.co.uk/log-file-analyser/faq/,2026-09,/en/payment-passport-screaming-frog-seo-spider,/pasport-oplaty-screaming-frog-seo-spider
se-ranking,SE Ranking,marketing,https://seranking.com,Essential plan from $129/month ($103.20/month billed annually),129,,,no,unknown,unknown,SE Ranking states it ceased operations in Russia: no sign-ups and no payments accepted from Russian customers.,,https://seranking.com/blog/stand-with-ukraine/; https://seranking.com/pricing.html,2026-09,/en/payment-passport-se-ranking,/pasport-oplaty-se-ranking
semrush,Semrush,marketing,https://www.semrush.com,SEO Toolkit Pro $139/month (annual-equivalent $117.33/month),139,visa; mastercard; amex; discover; local,"wire transfer (annual only, eligibility-based)",unknown,unknown,unknown,Official pages carry a generic export-control clause only; no Russia-specific statement found on official pages.,Virtual cards are not accepted; wire transfer only for annual plans subject to account value.,https://www.semrush.com/kb/1013-billing-faq; https://www.semrush.com/pricing/; https://www.semrush.com/company/legal/terms-of-service/,2026-09,/en/payment-passport-semrush,/pasport-oplaty-semrush
serpstat,Serpstat,marketing,https://serpstat.com,Individual plan $497/year (annual); monthly plans available,,visa; mastercard; amex; paypal; apple_pay; google_pay; local,crypto (annual Team/Agency); invoice/bank transfer (Team/Agency),no,unknown,yes,Serpstat (Ukrainian company) closed Russian accounts and stopped serving Russia (official rf_ban page and blog).,Country of residence is selected at card checkout.,https://serpstat.com/help/; https://serpstat.com/page/plans/; https://serpstat.com/rf_ban/; https://serpstat.com/blog/inside-the-ukrainian-it-businesses-during-russian-invasion/,2026-09,/en/payment-passport-serpstat,/pasport-oplaty-serpstat
similarweb,Similarweb,marketing,https://www.similarweb.com,Web Intelligence Starter package $125/month,125,visa; mastercard; amex; discover,,unknown,unknown,unknown,,Monthly self-serve subscriptions accept credit cards only; $1 validation charge.,https://www.similarweb.com/corp/it/faq-global/; https://www.similarweb.com/packages/web/,2026-09,/en/payment-passport-similarweb,/pasport-oplaty-similarweb
snov-io,Snov.io,marketing,https://snov.io,Starter plan from $39/month,39,visa; mastercard; amex; discover; paypal; amazon_pay,,no,unknown,unknown,Snov.io does not provide service to or accept payments from Russian and Belarusian users and bans new sign-ups from Russia/Belarus.,Methods vary by country.,https://snov.io/pricing; https://snov.io/knowledgebase/faq-pricing-plans/; https://snov.io/blog/snovio-is-a-ukrainian-company/,2026-09,/en/payment-passport-snov-io,/pasport-oplaty-snov-io
socialbee,SocialBee,marketing,https://socialbee.com,Bootstrap plan $29/month ($24/month billed annually),29,visa; mastercard; amex; paypal,,unknown,unknown,unknown,,PayPal country and currency must match SocialBee settings.,https://socialbee.com/pricing/; https://help.socialbee.com/hc/en-us/articles/29979140560279-Why-Doesn-t-My-Payment-Go-Through,2026-09,/en/payment-passport-socialbee,/pasport-oplaty-socialbee
sprout-social,Sprout Social,marketing,https://sproutsocial.com,Standard plan $199 per seat/month,199,card; paypal; local,wire/ACH/check (invoiced annual),unknown,unknown,unknown,Terms carry generic US export-compliance clause; Russia not named.,,https://support.sproutsocial.com/hc/en-us/articles/360018982151-Sprout-Billing-FAQ; https://sproutsocial.com/pricing/; https://sproutsocial.com/legal/terms/,2026-09,/en/payment-passport-sprout-social,/pasport-oplaty-sprout-social
surfer-seo,Surfer SEO,marketing,https://surferseo.com,Essential plan $99/month ($82/month billed annually),99,visa; mastercard; amex; local,bank transfer (annual only),no,unknown,unknown,"Official docs: Surfer is not offered in Russia (sign-up, subscriptions and all features).","Product not offered in Cuba, Iran, Iraq, North Korea, Russia, South Sudan, Sudan, Syria, Venezuela; PayPal not supported.",https://docs.surferseo.com/en/articles/5700310-what-forms-of-payment-do-you-accept; https://surferseo.com/pricing/; https://docs.surferseo.com/en/articles/8052688-surfer-language-and-location-support,2026-09,/en/payment-passport-surfer-seo,/pasport-oplaty-surfer-seo
tiktok-ads,TikTok Ads,marketing,https://ads.tiktok.com,Advertising spend (advertiser-set budget; no subscription),,paypal; local,bank card,no,unknown,unknown,TikTok suspended its service in Russia in March 2022 (TechCrunch).,"Payment methods vary by billing country/region, billing option and currency.",https://ads.tiktok.com/help/article/supported-payment-methods; https://techcrunch.com/2022/03/06/tiktok-suspends-content-in-russia-in-response-to-fake-news-law/,2026-09,/en/payment-passport-tiktok-ads,/pasport-oplaty-tiktok-ads
twilio-sendgrid,Twilio SendGrid,marketing,https://sendgrid.com,"Email API / Marketing Campaigns plans (monthly, volume-based)",,card; local,check card,unknown,unknown,unknown,,"No PayPal, wire, checks or prepaid cards; monthly billing only.",https://support.sendgrid.com/hc/en-us/articles/34440898248475-Can-you-pay-yearly-up-front-on-SendGrid; https://sendgrid.com/en-us/pricing,2026-09,/en/payment-passport-twilio-sendgrid,/pasport-oplaty-twilio-sendgrid
ubersuggest,Ubersuggest,marketing,https://neilpatel.com/ubersuggest/,Individual plan $29/month,29,visa; mastercard; amex; discover; unionpay; paypal,,unknown,unknown,unknown,,,https://app.neilpatel.com/en/pricing; https://neilpatel.com/blog/ubersuggest-on-a-budget/,2026-09,/en/payment-passport-ubersuggest,/pasport-oplaty-ubersuggest
unbounce,Unbounce,marketing,https://unbounce.com,Build plan $99/month ($74/month billed annually),99,visa; mastercard; amex; paypal,,unknown,unknown,unknown,,Debit cards not supported.,https://documentation.unbounce.com/hc/en-us/articles/203879070; https://unbounce.com/pricing/,2026-09,/en/payment-passport-unbounce,/pasport-oplaty-unbounce
yoast-seo-premium,Yoast SEO Premium,marketing,https://yoast.com,Yoast SEO Premium $118.80/year (ex VAT),9.9,paypal; local,credit card (Adyen),unknown,unknown,unknown,Official OFAC page: no sales to individuals/entities in OFAC prohibited countries/regions; Russia not named.,Available payment methods differ per country.,https://yoast.com/help/common-purchase-errors/; https://yoast.com/help/switch-payment-method-upcoming-automatic-renewals/; https://yoast.com/shop/; https://yoast.com/terms-of-service/ofac/,2026-09,/en/payment-passport-yoast-seo-premium,/pasport-oplaty-yoast-seo-premium
ableton-live,Ableton Live,music-audio,https://www.ableton.com,Live 12 Suite rent-to-own USD 31.21/month (24 payments) or perpetual license,31.21,visa; mastercard; amex; jcb; paypal; google_pay; bank_transfer; alipay; wechat_pay; klarna; ideal; sofort,,unknown,no,unknown,No gift cards; a license can be bought and transferred as a gift.,Payment methods depend on region/country; webshop declines may be due to international restrictions or mismatched billing details.,https://help.ableton.com/hc/en-us/articles/206301044-Accepted-payment-methods; https://www.ableton.com/en/shop/live/; https://help.ableton.com/hc/en-us/articles/115001837150-Purchasing-Live-as-a-gift; https://help.ableton.com/hc/en-us/articles/209772325-Transaction-declined-in-webshop,2026-09,/en/payment-passport-ableton-live,/pasport-oplaty-ableton-live
anghami,Anghami,music-audio,https://www.anghami.com,Anghami Plus (Lebanon pricing shown as $4.99/month; prices vary by country),4.99,visa; mastercard; app_store; google_play,,partial,yes,unknown,Usable outside MENA only as paid Plus and with international-catalog restrictions; Russia not specifically documented.,Official help: outside MENA the service is available to Plus subscribers only; international songs are licensed for streaming only within MENA. Prepaid vouchers documented for Lebanon.,https://support.anghami.com/hc/en-us/articles/9175760067098-Subscribe-to-Anghami-Using-Your-Card; https://support.anghami.com/hc/en-us/articles/227321588-Subscribe-to-Anghami-via-Prepaid-Vouchers-Lebanon; https://support.anghami.com/hc/en-us/articles/360001414087-Why-Anghami-May-Be-Restricted-Outside-the-MENA-Region; https://support.anghami.com/hc/en-us/articles/227960908-Why-Are-International-Songs-Restricted-Outside-the-MENA-Region-on-Anghami; https://support.anghami.com/hc/en-us/articles/5810458267802-Anghami-Plus-Pricing-in-Lebanon,2026-09,/en/payment-passport-anghami,/pasport-oplaty-anghami
arturia,Arturia,music-audio,https://www.arturia.com,V Collection perpetual license $599,,card; paypal; apple_pay; google_pay; alipay; wechat_pay; klarna; local,alma,unknown,unknown,unknown,,,https://support.arturia.com/hc/en-us/articles/16550741423132-What-payment-methods-are-available; https://www.arturia.com/store/v-collection,2026-09,/en/payment-passport-arturia,/pasport-oplaty-arturia
audiobooks-com,Audiobooks.com,music-audio,https://www.audiobooks.com,1 credit/month plan $14.95/month,14.95,visa; mastercard; paypal; gift_card,,partial,yes,unknown,Internationally available with per-title regional restrictions; Russia not specifically documented.,Terms: service available internationally; library varies by region by title.,https://www.audiobooks.com/pricing; https://www.audiobooks.com/terms; https://www.audiobooks.com/faqs; https://www.audiobooks.com/gifts/give,2026-09,/en/payment-passport-audiobooks-com,/pasport-oplaty-audiobooks-com
audiomack,Audiomack,music-audio,https://audiomack.com,Audiomack+ subscription (price not verified on official pages checked),,google_play; local,m-pesa; mobile wallets; mtn nigeria,unknown,unknown,unknown,Russia availability not documented.,"Official help lists payment options per country (Nigeria, Kenya, Ghana, etc.).",https://audiomack.zendesk.com/hc/en-us/articles/9439281631258-Payment-options; https://audiomack.zendesk.com/hc/en-us/articles/6281573076762-How-to-Purchase-Audiomack-Without-a-Credit-Card,2026-09,/en/payment-passport-audiomack,/pasport-oplaty-audiomack
bandcamp,Bandcamp,music-audio,https://bandcamp.com,Per-release purchases (artist-set prices); no fixed monthly plan,10.0,visa; mastercard; amex; discover; paypal; gift_card,,unknown,yes,unknown,Buyer availability in Russia not documented on official pages checked.,Official gift cards are sold in supported currencies; card brands accepted vary by currency/order. Seller payouts limited to Stripe/PayPal-supported countries.,https://get.bandcamp.help/en/articles/15263204-paying-with-a-credit-or-bank-debit-card; https://bandcamp.com/gift_cards; https://get.bandcamp.help/en/articles/15263284-gift-cards; https://get.bandcamp.help/en/articles/15263225-which-countries-are-supported-by-stripe-payments; https://bandcamp.com/pro; https://bandcamp.com/bandcamp_payments,2026-09,/en/payment-passport-bandcamp,/pasport-oplaty-bandcamp
bandlab,BandLab,music-audio,https://www.bandlab.com,BandLab Membership Pro (annual; monthly USD price not verified),,visa; mastercard; amex; paypal; app_store; google_play,,unknown,unknown,unknown,,,https://help.bandlab.com/hc/en-us/articles/49712037716377-Payments-FAQ; https://www.bandlab.com/membership,2026-09,/en/payment-passport-bandlab,/pasport-oplaty-bandlab
beatport,Beatport (Beatport Streaming),music-audio,https://www.beatport.com,"Beatport Streaming Essential $10.99/month (Advanced $15.99, Professional $29.99)",10.99,visa; mastercard; amex; jcb; paypal,,unknown,unknown,unknown,Russia availability not documented on official pages checked.,Terms: currency may be adjusted depending on location of purchase.,https://support.beatport.com/hc/en-us/articles/4414997837716-Terms-and-Conditions; https://stream.beatport.com/,2026-09,/en/payment-passport-beatport,/pasport-oplaty-beatport
bitwig-studio,Bitwig Studio,music-audio,https://www.bitwig.com,Bitwig Studio perpetual license (GBP 339 shown on UK storefront; includes 12 months of upgrades),,visa; mastercard; amex; discover; unionpay; paypal; bank_transfer,,unknown,no,unknown,,Software delivered worldwide with exceptions listed in the cart; licenses can be purchased as gifts. Buy-local page lists a Russia reseller entry (informational only).,https://shop.bitwig.com/order/checkout.php?PRODS=4713259; https://www.bitwig.com/terms-conditions/; https://www.bitwig.com/support/shop_license_activation/to-which-countries-do-we-deliver-68/; https://www.bitwig.com/buy/products.html/?change_language=en; https://www.bitwig.com/buy-local/,2026-09,/en/payment-passport-bitwig-studio,/pasport-oplaty-bitwig-studio
blinkist,Blinkist,music-audio,https://www.blinkist.com,Blinkist Premium (annual plan; USD price not verified),,visa; mastercard; paypal; app_store; google_play,,unknown,no,unknown,Official page stated gift subscriptions temporarily unavailable.,Existing web subscriptions cannot switch between card and PayPal.,https://www.blinkist.com/en/pricing; https://www.blinkist.com/pricing; https://support.blinkist.com/en/articles/10033235-how-do-i-change-my-payment-information,2026-09,/en/payment-passport-blinkist,/pasport-oplaty-blinkist
bookbeat,BookBeat,music-audio,https://www.bookbeat.com,BookBeat subscription (from EUR 9.99/month in Ireland; varies by country),,visa; mastercard; paypal; apple_pay; google_pay; gift_card,,no,yes,unknown,Russia not among available BookBeat countries.,"Official FAQ: you must be a resident of the country you register for, verified by a payment method issued in that country.",https://support.bookbeat.com/hc/de/articles/360001214938-Welche-Zahlungsm%C3%B6glichkeiten-gibt-es; https://support.bookbeat.com/hc/en-gb/articles/213567629-How-do-I-buy-a-gift-card; https://support.bookbeat.com/hc/en-gb/articles/211682329-What-countries-is-BookBeat-available-in; https://support.bookbeat.com/hc/en-gb/articles/208731965-Can-I-access-BookBeat-abroad; https://www.bookbeat.com/ie; https://support.bookbeat.com/hc/en-gb/articles/214384925-How-much-does-BookBeat-cost; https://support.bookbeat.com/hc/en-gb/articles/26623194315549-Why-won-t-my-payment-go-through,2026-09,/en/payment-passport-bookbeat,/pasport-oplaty-bookbeat
boomplay,Boomplay,music-audio,https://www.boomplay.com,Boomplay Premium subscription (price not verified on official pages checked),,app_store; google_play; local,flutterwave; m-pesa; palmpay,unknown,unknown,unknown,Africa-focused service; Russia availability not documented.,"Official FAQ lists country-specific recharge channels (Nigeria, Ghana, Kenya, Tanzania, etc.).",https://www.boomplay.com/buzz/4452848,2026-09,/en/payment-passport-boomplay,/pasport-oplaty-boomplay
castbox,Castbox,music-audio,https://castbox.fm,Castbox Premium (in-app subscription; price not verified from official pages),,app_store; google_play,,unknown,unknown,unknown,,Terms: billing handled by third-party app stores.,https://castbox.fm/termsofservice.html; https://sites.google.com/castbox.fm/castbox-help-center/listeners/premium/1-what-is-castbox-premiummembership-how-can-i-subscribe-to-it,2026-09,/en/payment-passport-castbox,/pasport-oplaty-castbox
cubase,Cubase (Steinberg),music-audio,https://www.steinberg.net,Cubase perpetual license / subscription (price not verified),,card; paypal,,unknown,unknown,unknown,,,https://helpcenter.steinberg.de/hc/en-us/articles/30505366803474-Online-shop-billing-and-refunds; https://helpcenter.steinberg.de/hc/en-us/articles/30502446785810-Online-shop-checkout-and-purchasing,2026-09,/en/payment-passport-cubase,/pasport-oplaty-cubase
distrokid,DistroKid,music-audio,https://distrokid.com,Musician plan $24.99/year ($2.08/month equivalent); Musician Plus $44.99/year,2.08,visa; mastercard; amex; discover,,unknown,unknown,unknown,,Official help: PayPal not accepted for subscriptions.,https://distrokid.com/pricing/; https://support.distrokid.com/hc/en-us/articles/360013648973-How-Much-Does-DistroKid-Cost; https://support.distrokid.com/hc/en-us/articles/360013648893-Changing-Your-Credit-Card-Information; https://support.distrokid.com/hc/en-us/sections/4407873147027-Billing-Questions; https://support.distrokid.com/hc/en-us/articles/360013534294-Can-I-Pay-for-My-Subscription-With-PayPal,2026-09,/en/payment-passport-distrokid,/pasport-oplaty-distrokid
djay-pro,djay Pro (Algoriddim),music-audio,https://www.algoriddim.com,djay PRO subscription (purchased via platform app stores; price not verified),,app_store; google_play; local,microsoft store,unknown,unknown,unknown,,"Purchases are made through the platform store (Apple, Google, Microsoft) and restored on that platform.",https://help.algoriddim.com/topic/first-steps/how-to-purchase-djay-pro; https://help.algoriddim.com/topic/subscription/djay-account,2026-09,/en/payment-passport-djay-pro,/pasport-oplaty-djay-pro
everand,Everand (Scribd),music-audio,https://www.everand.com,Everand Standard $11.99/month (US),11.99,visa; mastercard; amex; discover; paypal; apple_pay; google_pay; google_play,,unknown,unknown,unknown,Gift program in transition (legacy gift codes still redeemable).,Subscriber agreement: charge currency depends on the billing country where the payment method is located; pricing varies regionally.,https://support.scribd.com/hc/en-us/articles/47039223880084-How-to-update-your-payment-method; https://support.scribd.com/hc/en-us/articles/40678839226644-Everand-plans-Standard-Plus-and-Deluxe; https://support.scribd.com/hc/en-us/articles/210129486-Everand-Subscriber-Agreement; https://www.everand.com/redeem; https://support.scribd.com/hc/en-us/articles/210134006-Payment-methods; https://support.scribd.com/hc/en-us/articles/210134106-About-subscriptions,2026-09,/en/payment-passport-everand,/pasport-oplaty-everand
fl-studio,FL Studio (Image-Line),music-audio,https://www.image-line.com,FL Studio perpetual license from $99 (Fruity Edition),,visa; mastercard; amex; paypal,,unknown,unknown,unknown,Gift certificates listed as temporarily unavailable.,Payment methods shown at checkout are tailored to location; not all options in every country.,https://www.image-line.com/fl-studio/pricing; https://support.image-line.com/action/knowledgebase/?ans=125; https://support.image-line.com/action/knowledgebase?ans=99,2026-09,/en/payment-passport-fl-studio,/pasport-oplaty-fl-studio
idagio,IDAGIO,music-audio,https://www.idagio.com,IDAGIO Premium+ subscription (price not verified),,visa; mastercard; amex; app_store; google_play; gift_card,,yes,yes,unknown,Officially available everywhere except Mainland China.,Official support: available in all countries and territories except Mainland China.,https://support.idagio.com/en/articles/3478740-which-payment-methods-are-available; https://support.idagio.com/en/articles/1819421-do-you-provide-gift-cards-for-idagio; https://support.idagio.com/en/articles/3478724-is-idagio-available-in-my-country,2026-09,/en/payment-passport-idagio,/pasport-oplaty-idagio
iheartradio,iHeartRadio,music-audio,https://www.iheart.com,iHeartRadio Plus $5.99/month (web/Google Play/Amazon) or $6.99/month via iOS App Store,5.99,app_store; google_play; local,amazon appstore,no,unknown,unknown,Not offered outside its listed countries; Russia not included.,"Official help: available only in the US, Canada, Australia, Mexico and New Zealand.",https://help.iheart.com/hc/en-us/articles/235720747-How-much-is-iHeartRadio-Plus-What-can-I-use-to-pay-for-it; https://help.iheart.com/hc/en-au/articles/228919427-Is-iHeartRadio-available-in-my-country,2026-09,/en/payment-passport-iheartradio,/pasport-oplaty-iheartradio
izotope,iZotope,music-audio,https://www.izotope.com,Music Production Suite Pro / iZotope Plus subscription (price not verified),,visa; mastercard; amex; jcb; diners; paypal; ideal,,unknown,unknown,unknown,,Regional payment methods appear after entering billing address.,https://support.izotope.com/hc/en-us/articles/47669520402957-What-Payment-Methods-Can-I-Use-in-the-iZotope-Web-Shop; https://www.izotope.com/pages/subscriptions,2026-09,/en/payment-passport-izotope,/pasport-oplaty-izotope
kobo-plus,Kobo Plus,music-audio,https://www.kobo.com/plus,Kobo Plus Read & Listen $9.99/month (US),9.99,visa; mastercard; amex; paypal; ideal,,no,yes,unknown,Kobo Plus is offered only in selected countries; Russia not listed.,Prepaid Visa/Mastercard not accepted for subscriptions; subscription tied to billing-address country and ends if you move to a country without Kobo Plus. Kobo gift cards cannot be applied to subscriptions.,https://help.kobo.com/hc/en-us/articles/360044665254-Kobo-payment-methods; https://help.kobo.com/hc/en-us/articles/360018811614-Subscribe-to-Kobo-Plus-on-kobo-com; https://www.kobo.com/us/en/plus/plans; https://help.kobo.com/hc/en-us/articles/360044468393-Learn-how-to-buy-send-and-use-Kobo-gift-cards; https://help.kobo.com/hc/en-us/articles/360018811694-Troubleshoot-your-Kobo-Plus-subscription; https://help.kobo.com/hc/en-us/articles/360018976153-Kobo-Plus-Common-questions; https://www.kobo.com/us/en/plus; https://help.kobo.com/hc/en-us/articles/360046398554-Countries-where-you-cannot-purchase-items-from-the-Kobo-Store,2026-09,/en/payment-passport-kobo-plus,/pasport-oplaty-kobo-plus
landr,LANDR,music-audio,https://www.landr.com,LANDR Studio subscription (USD price not verified; promotional pages differ),,card,,unknown,no,unknown,,Official help: gift/prepaid cards cannot be used for subscriptions.,https://support.landr.com/hc/en-us/articles/115009684008-Why-are-my-payments-failing; https://www.landr.com/pricing-terms/; https://support.landr.com/hc/en-us/articles/360052459514-What-if-Stripe-is-not-available-in-my-country; https://www.landr.com/pricing/studio/,2026-09,/en/payment-passport-landr,/pasport-oplaty-landr
libro-fm,Libro.fm,music-audio,https://libro.fm,Membership 1 credit $14.99/month,14.99,card; paypal; apple_pay; google_pay,,unknown,yes,unknown,,Title availability depends on publisher rights per country.,https://support.libro.fm/support/solutions/articles/48001275108-what-payment-methods-does-libro-fm-accept-; https://libro.fm/membership; https://libro.fm/gift; https://support.libro.fm/support/solutions/articles/48000695413-where-is-libro-fm-available-; https://support.libro.fm/support/solutions/articles/48001183003-how-do-i-know-if-an-audiobook-is-available-in-my-country-,2026-09,/en/payment-passport-libro-fm,/pasport-oplaty-libro-fm
loopcloud,Loopcloud,music-audio,https://www.loopcloud.com,Loopcloud Artist plan from $7.99/month,7.99,direct_debit,,unknown,unknown,unknown,,,https://www.loopcloud.com/cloud/subscriptions/annual_plans; https://www.loopcloud.com/cloud/terms_of_service,2026-09,/en/payment-passport-loopcloud,/pasport-oplaty-loopcloud
mixcloud,Mixcloud,music-audio,https://www.mixcloud.com,Mixcloud Premium (listener) subscription; price not verified,,,,no,unknown,unknown,Reported blocked from Russian IP addresses citing government sanctions (news report quoting the site's block message).,Official help: accepted payment options depend on device and territory.,https://help.mixcloud.com/hc/en-us/articles/21347869878172-Updating-my-payment-method; https://help.mixcloud.com/hc/en-us/articles/360004030700-Which-subscription-is-right-for-me; https://mixed.news/news/1165745,2026-09,/en/payment-passport-mixcloud,/pasport-oplaty-mixcloud
napster,Napster,music-audio,https://www.napster.com,Napster music subscription (price not verified on official pages checked),,,,unknown,unknown,unknown,Russia availability not documented on official pages checked.,,https://help.napster.com/hc/en-us/articles/6314431817741-Changing-Payment-Method; https://help.napster.com/hc/en-us/categories/44424954104077-Napster-Music,2026-09,/en/payment-passport-napster,/pasport-oplaty-napster
native-instruments,Native Instruments,music-audio,https://www.native-instruments.com,Native Instruments 360 subscription (price not verified) / perpetual products,,visa; mastercard; amex; jcb; diners; paypal; gift_card; ideal; sofort,,unknown,yes,unknown,,"Billing and shipping country must match; subscriptions accept only Visa/Mastercard/PayPal, prepaid cards not accepted; gift cards redeemable only in NI shop.",https://www.native-instruments.com/pages/payment-methods-and-shipping; https://www.native-instruments.com/pages/gift-card-terms-and-conditions; https://support.native-instruments.com/support/solutions/articles/69000879178-native-instruments-360-faq; https://support.native-instruments.com/support/solutions/articles/69000879184-native-instruments-i-cannot-choose-a-shipping-address-in-a-different-country-than-my-billing-countr,2026-09,/en/payment-passport-native-instruments,/pasport-oplaty-native-instruments
nextory,Nextory,music-audio,https://www.nextory.com,Nextory subscription (price varies by market),,,,no,yes,unknown,Russia not among official markets.,Official help: the market (country) of an existing account cannot be changed; operates only in listed European markets.,https://support.nextory.se/hc/en-us/articles/33971784792082-How-do-I-change-the-market-country-in-Nextory; https://support.nextory.se/hc/fi/articles/4420135944850-Miten-lunastan-lahjakortin; https://support.nextory.se/hc/en-us/articles/207176205-What-do-our-subscriptions-cost-and-which-one-should-I-choose,2026-09,/en/payment-passport-nextory,/pasport-oplaty-nextory
overcast,Overcast,music-audio,https://overcast.fm,"Overcast Premium (annual, charged via Apple ID; price not verified)",,app_store,,unknown,unknown,unknown,,Terms: payment charged to Apple ID account.,https://overcast.fm/terms,2026-09,/en/payment-passport-overcast,/pasport-oplaty-overcast
pandora,Pandora,music-audio,https://www.pandora.com,Pandora Premium $10.99/month (Plus $4.99/month),10.99,,,no,yes,unknown,US-only service per official terms; not available in Russia.,Terms: services are available only in the United States and its territories.,https://help.pandora.com/s/article/Upgrade-to-Pandora-Plus-or-Pandora-Premium-1519949306612?language=en_US; https://live.pandora.com/legal; https://pandora.com/subscription/gift,2026-09,/en/payment-passport-pandora,/pasport-oplaty-pandora
pocket-casts,Pocket Casts,music-audio,https://pocketcasts.com,Pocket Casts Plus USD 3.99/month or USD 39.99/year (base price before taxes),3.99,app_store; google_play; local,paddle web checkout,unknown,unknown,unknown,,Official pricing page: payment processors may add taxes/fees based on location.,https://support.pocketcasts.com/knowledge-base/pocket-casts-plus-pricing/; https://support.pocketcasts.com/knowledge-base/payments-troubleshooting-and-faqs/,2026-09,/en/payment-passport-pocket-casts,/pasport-oplaty-pocket-casts
podimo,Podimo,music-audio,https://podimo.com,Podimo Premium (e.g. 99 kr/month in Nordic markets; varies by country),,card; paypal; app_store; google_play,,no,no,unknown,Russia not among officially supported countries.,"Official help: payment methods vary by country; service available only in listed countries (Denmark, Germany, Netherlands, Norway, Finland, Spain, Mexico + Spanish-language LatAm).",https://support.podimo.com/hc/en-001/articles/35269834882961-How-can-I-pay-for-my-subscription; https://support.podimo.com/hc/en-001/articles/35004734807825-How-to-buy-gift-cards; https://support.podimo.com/hc/en-001/articles/34999188304145-What-is-Podimo-and-in-which-countries-is-it-available,2026-09,/en/payment-passport-podimo,/pasport-oplaty-podimo
pro-tools,Pro Tools (Avid),music-audio,https://www.avid.com/pro-tools,Pro Tools subscription (USD price not verified on official pages checked),,visa; mastercard; amex; discover; jcb; unionpay; paypal; google_pay,,unknown,yes,unknown,Selected subscriptions can be purchased as gifts per Avid KB.,Store processes USD/EUR/GBP/CAD/JPY; payment method must match subscription currency; issuer country not restricted for renewals; Avid publishes a list of countries it sells to.,https://kb.avid.com/pkb/articles/en_US/Knowledge/Which-payment-methods-can-I-choose; https://kb.avid.com/pkb/articles/en_US/Knowledge/Can-I-use-card-issued-by-different-country; https://kb.avid.com/articles/en_US/Knowledge/AVID-Online-Store-List-of-Countries-we-offer-Avid-Products-to,2026-09,/en/payment-passport-pro-tools,/pasport-oplaty-pro-tools
qobuz,Qobuz,music-audio,https://www.qobuz.com,Studio (Solo) $12.99/month monthly or $10.83/month billed annually (US),12.99,,,unknown,unknown,unknown,Russia is not documented as an available market on official pages checked.,Official offers page: a valid payment method is required to confirm your country of origin before subscribing; prices differ per country storefront.,https://www.qobuz.com/us-en/music/streaming/offers/studio; https://www.qobuz.com/ca-en/music/streaming/offers,2026-09,/en/payment-passport-qobuz,/pasport-oplaty-qobuz
reaper,REAPER (Cockos),music-audio,https://www.reaper.fm,Discounted license $60 / commercial license $225 (perpetual),,card; paypal,,unknown,unknown,unknown,,,https://cockos.com/reaper/purchase.php,2026-09,/en/payment-passport-reaper,/pasport-oplaty-reaper
reason-plus,Reason+ (Reason Studios),music-audio,https://www.reasonstudios.com,Reason+ monthly/annual subscription (USD price not verified),,card; paypal,,unknown,unknown,unknown,,,https://www.reasonstudios.com/get-reason; https://help.reasonstudios.com/hc/en-us/articles/34303194325138-How-do-I-switch-from-a-Monthly-to-an-Annual-Reason-subscription,2026-09,/en/payment-passport-reason-plus,/pasport-oplaty-reason-plus
rekordbox,rekordbox (AlphaTheta),music-audio,https://rekordbox.com,rekordbox Core/Creative/Professional subscription (USD price not verified),,card; paypal,,unknown,unknown,unknown,,Plan page: payment by credit card or PayPal; prices shown per currency during order.,https://rekordbox.com/en/plan/; https://support.alphatheta.com/en-us/articles/8139024102169; https://support.alphatheta.com/en-US/articles/8176320303385,2026-09,/en/payment-passport-rekordbox,/pasport-oplaty-rekordbox
serato-dj-pro,Serato DJ Pro,music-audio,https://serato.com,Serato DJ Pro subscription $11.99/month,11.99,card; paypal,,unknown,unknown,unknown,,Terms of sale: availability may vary by location; Serato may restrict availability for certain countries/regions.,https://checkout.serato.com/; https://serato.com/dj/pro/pricing; https://serato.com/legal/terms-of-sale; https://support.serato.com/hc/en-us/articles/360001150255-How-to-redeem-Serato-Studio-using-a-voucher-code,2026-09,/en/payment-passport-serato-dj-pro,/pasport-oplaty-serato-dj-pro
siriusxm,SiriusXM,music-audio,https://www.siriusxm.com,Streaming plan $11.99/month after promotional period (promo: $1 for 3 months),11.99,visa; mastercard; amex; discover; jcb; diners; unionpay; gift_card,,no,yes,unknown,US/Canada-only service; not available in Russia.,"Service provided in the 50 US states, DC and Puerto Rico (Canada via SiriusXM Canada); streaming access blocked from selected countries.",https://listenercare.siriusxm.com/prweb/autoredirect/app/ExternalKM/help/SupportCenter/article/KC-2126/What-payment-and-billing-options-does-SiriusXM-provide%3F; https://www.siriusxm.com/ways-to-listen?intcmp=Global+Nav_NA_www%3AHome_WaystoListen; https://www.siriusxm.com/plans?intcmp=FullFooter_NA_www%3AHome_AllPlans; https://listenercare.siriusxm.com/prweb/autoredirect/app/ExternalKM/help/SupportCenter/article/KC-1945/Where-can-I-purchase-SiriusXM-Gift-Cards%253F; https://listenercare.siriusxm.ca/prweb/PRRestService/seoCa/km/help/SupportCenterExCA/KC-2937,2026-09,/en/payment-passport-siriusxm,/pasport-oplaty-siriusxm
spitfire-audio,Spitfire Audio,music-audio,https://www.spitfireaudio.com,Perpetual sample libraries (per-product pricing),,visa; mastercard; amex; paypal; apple_pay; gift_card,,unknown,yes,unknown,,Gift cards must be bought and redeemed in the same currency; VAT charged by country (list includes Russia).,https://support.spitfireaudio.com/en/articles/11815231-my-card-keeps-getting-declined; https://admin-new.spitfireaudio.com/gift-card; https://spitfireaudio.zendesk.com/hc/en-us/articles/205042745-What-is-VAT-and-why-am-I-being-charged-this,2026-09,/en/payment-passport-spitfire-audio,/pasport-oplaty-spitfire-audio
splice,Splice,music-audio,https://splice.com,Splice Sounds $12.99/month,12.99,card; paypal,,unknown,unknown,unknown,,Help: billing address must validate at checkout; sales tax/VAT by location.,https://support.splice.com/en/articles/8652607-how-does-billing-and-renewal-work; https://support.splice.com/en/articles/8652605-what-should-i-do-if-my-payment-is-being-declined; https://splice.com/plans,2026-09,/en/payment-passport-splice,/pasport-oplaty-splice
storytel,Storytel,music-audio,https://www.storytel.com,Storytel Unlimited (about EUR 9.99/month in international markets; varies by country),,visa; mastercard; paypal; app_store; google_play; gift_card,,no,yes,unknown,Exited Russia in 2022 (Meduza report).,Terms: user must be a resident of a country where the service is available and provide a valid payment method.,https://support.storytel.com/hc/de/articles/4665479479836-Welche-Zahlungsarten-akzeptiert-Storytel; https://www.storytel.com/sg/giftcards; https://www.storytel.com/sg/en/documents/terms-and-conditions; https://meduza.io/news/2022/08/22/servis-audioknig-storytel-prekratit-rabotu-v-rossii; https://www.storytel.com/legal-docs/terms-and-conditions/sg/latest; https://www.storytelgroup.com/en/wp-content/uploads/sites/2/2022/02/storytel-storytel-pauses-its-russian-operations-until-further-notice-220304.pdf,2026-09,/en/payment-passport-storytel,/pasport-oplaty-storytel
studio-one,Studio One (PreSonus),music-audio,https://www.presonus.com,Studio One Pro+ subscription / perpetual (not verified from official billing pages),,,,unknown,unknown,unknown,,,https://intl.presonus.com/pages/studio-one-pro-faq; https://eu.presonus.com/pages/studio-one-pro-plus,2026-09,/en/payment-passport-studio-one,/pasport-oplaty-studio-one
virtualdj,VirtualDJ,music-audio,https://www.virtualdj.com,VirtualDJ Home Plus $4/month; Pro $19/month or one-time license,19.0,card; paypal,,unknown,unknown,unknown,,,https://virtualdj.com/products/virtualdj/price.html,2026-09,/en/payment-passport-virtualdj,/pasport-oplaty-virtualdj
waves-audio,Waves Audio,music-audio,https://www.waves.com,Waves Essential subscription $14.99/month,14.99,,,unknown,unknown,unknown,,Terms prohibit use from US-embargoed countries/regions and by restricted parties.,https://www.waves.com/subscriptions; https://www.waves.com/legal/waves-terms-of-use,2026-09,/en/payment-passport-waves-audio,/pasport-oplaty-waves-audio
afk-journey,AFK Journey (Farlight/Lilith),online-games,https://afkjourney.farlightgames.com,Diamonds / passes,,app_store; google_play,,unknown,unknown,no,Listed on Russian App Store per Apple page; official web store methods not verified.,,https://apps.apple.com/ru/app/afk-journey/id1628970855; https://play.google.com/store/apps/details?id=com.farlightgames.igame.gp&hl=en_US,2026-09,/en/payment-passport-afk-journey,/pasport-oplaty-afk-journey
aion-classic,Aion Classic (NCSoft),online-games,https://www.aiononline.com,Siel's Aura subscription / NCoin,,,,partial,yes,unknown,Russia/CIS historically served by separate publisher (Innova/4game).,,https://www.aiononline.com/en-us/news/purple-shop-guide-february-2024; https://assets.playnccdn.com/static-global-unified-store/unifiedstore/202403/20240308062009130-3017.html,2026-09,/en/payment-passport-aion-classic,/pasport-oplaty-aion-classic
albion-online,Albion Online,online-games,https://albiononline.com,Premium 30 days US$14.95 (1-month),14.95,visa; mastercard; paypal; app_store; google_play; paysafecard; local,Instant transfer,unknown,no,no,,"Methods may differ by region, esp. via third-party app stores.",https://albiononline.com/consumer-information; https://albiononline.com/shop/subscriptions,2026-09,/en/payment-passport-albion-online,/pasport-oplaty-albion-online
arknights,Arknights,online-games,https://arknights.global,Originium Prime top-ups (app stores); Yostar Official Store sells merchandise only,,app_store; google_play,,unknown,unknown,no,,,https://yostar.store/collections/arknights; https://play.google.com/store/apps/details?hl=ru&id=com.YoStarEN.Arknights,2026-09,/en/payment-passport-arknights,/pasport-oplaty-arknights
black-desert-online,Black Desert Online,online-games,https://www.naeu.playblackdesert.com,Pearls / Value Pack (30 days = 2000 Pearls; regional pricing),,visa; mastercard; google_pay; local,Xsolla,unknown,unknown,no,Pearl Abyss operates a separate Russian-language service site (ru.playblackdesert.com); payment methods there not verified.,"Separate regional services (NA/EU, TR/MENA, Asia, RU) each with own shop; methods documented per region.",https://blackdesert.pearlabyss.com/TR/en-us/News/Notice/Detail?_boardNo=17741; https://payment.naeu.playblackdesert.com/en-US/Pay/Package; https://www.ru.playblackdesert.com/Main/Index,2026-09,/en/payment-passport-black-desert-online,/pasport-oplaty-black-desert-online
blade-and-soul-neo,Blade & Soul NEO (NCSoft PURPLE),online-games,https://bladeandsoulneo.plaync.com,NCoin (PURPLE only),,,,partial,unknown,unknown,Russia/CIS served by a separate publisher (Fogame/4game); NCSoft West store region-split.,Shop items are region-specific (NA vs EU shop).,https://assets.playnccdn.com/static-global-unified-store/unifiedstore/202501/20250116091133113-4317.html; https://bns-neo.ru/release-russia/,2026-09,/en/payment-passport-blade-and-soul-neo,/pasport-oplaty-blade-and-soul-neo
candy-crush-saga,Candy Crush Saga (King),online-games,https://www.king.com,Gold Bars (in-game packages),,card; app_store; google_play; gift_card,,unknown,yes,no,,,https://www.king.com/faq/purchases/; https://kingcare.zendesk.com/hc/en-us/articles/12524327557533-Gift-cards-FAQ; https://store.king.com/en/termsAndConditions,2026-09,/en/payment-passport-candy-crush-saga,/pasport-oplaty-candy-crush-saga
crossout,Crossout (Gaijin.Net Store),online-games,https://crossout.net,Crosscrowns / packs via Gaijin Coins (1 GC = 1 USD/EUR),,card; paypal; google_pay; amazon_pay; alipay; wechat_pay; store_wallet,,partial,no,no,Same Gaijin.Net Store rules as War Thunder; CIS players served via local distributor accounts.,Gaijin Coin currency depends on country of residence; gifts only within same currency.,https://store.gaijin.net/page.php?page=faq; https://support.gaijin.net/hc/en-us/articles/115000706645-Replenishment-of-the-Gaijin-Store-Balance,2026-09,/en/payment-passport-crossout,/pasport-oplaty-crossout
destiny-2,Destiny 2,online-games,https://www.bungie.net,Silver: 500 Silver $4.99 (platform stores),,store_wallet; local,Epic Games; PlayStation Store; Xbox Store,no,no,no,Bungie (Mar 2022) suspended all Destiny 2 sales and commerce in Russia and Belarus.,"Silver is bought via platform marketplaces, not Bungie directly.",https://help.bungie.net/hc/en-us/articles/360049023712-Silver-and-Eververse-Guide; https://www.bungie.net/7/en/News/article/51156,2026-09,/en/payment-passport-destiny-2,/pasport-oplaty-destiny-2
dofus,Dofus (Ankama),online-games,https://www.dofus.com,1-Month subscription pack (GBP 4.89 shown),,card; paypal; paysafecard,,unknown,unknown,no,,Available payment methods depend on geographic location; payments may be blocked for countries on the FATF list.,https://support.ankama.com/hc/en-us/articles/201188206-Paying-via-Credit-Card; https://support.ankama.com/hc/en-us/articles/201377183-Paying-via-Paypal; https://support.ankama.com/hc/en-us/articles/28449168798481-Unable-to-pay-with-my-payment-method; https://store.ankama.com/en/729-dofus/860-auto-renewing-subscriptions/a-17130-1-month-pack-with-auto-renew,2026-09,/en/payment-passport-dofus,/pasport-oplaty-dofus
escape-from-tarkov,Escape from Tarkov,online-games,https://www.escapefromtarkov.com,Standard Edition (one-time; Arena from $35),,,,yes,yes,unknown,Battlestate Games sells directly in Russia via its own site (Russian-language store); region-locked pricing. Card brands not enumerated officially.,Purchases are locked to the geographic region where bought; game launches only in that region (Europe-region purchases work worldwide).,https://www.escapefromtarkov.com/purchase; https://arena.tarkov.com/support/knowledge/490; https://arena.tarkov.com/preorder-page?lang=en,2026-09,/en/payment-passport-escape-from-tarkov,/pasport-oplaty-escape-from-tarkov
eve-online,EVE Online (Omega),online-games,https://www.eveonline.com,1 Month Omega $20,20.0,visa; mastercard; amex; jcb; unionpay; paypal; bank_transfer; gift_card; alipay; wechat_pay; paysafecard,,partial,yes,no,CCP (Mar 2022): RUB payments suspended indefinitely; players in Russia can still buy but are charged in USD.,"Card payments are recurring; billing servers located in the UK, cards must be enabled for international use. PLEX Activation Codes sold by authorized resellers.",https://support.eveonline.com/hc/en-us/articles/203523782-Credit-or-Debit-Card; https://support.eveonline.com/hc/en-us/sections/201161442; https://support.eveonline.com/hc/en-us/articles/8404069389724-Subscription-Costs; https://store.eveonline.com/?path=omega; https://support.eveonline.com/hc/en-us/articles/203523802-PLEX-Activation-Code-PAC; https://forums.eveonline.com/t/eve-online/351850/1,2026-09,/en/payment-passport-eve-online,/pasport-oplaty-eve-online
final-fantasy-xiv,Final Fantasy XIV,online-games,https://www.finalfantasyxiv.com,"Standard/Entry subscription (30 days; Entry 10.99 EUR/30 days on EU page), 60-day Game Time Card",,visa; mastercard; gift_card; paysafecard; store_wallet; local,Square Enix Crysta,unknown,yes,no,No official statement on Russia found; card brands beyond 'credit card' not enumerated on the FAQ.,Support FAQ: available payment options differ by registered country; Crysta only in some countries; software region must match account's registered region.,https://support.eu.square-enix.com/faqarticle.php?c=0&id=5383&kid=78828&la=2&page=0&pv=20&ret=faq&sc=0&so=0; https://eu.finalfantasyxiv.com/product/; https://na.store.square-enix-games.com/final-fantasy-xiv-online-60-day-game-time-card---digital; https://secure.square-enix.com/account/app/svc/ffxivregister,2026-09,/en/payment-passport-final-fantasy-xiv,/pasport-oplaty-final-fantasy-xiv
guild-wars-2,Guild Wars 2,online-games,https://www.guildwars2.com,"Gem packs / expansions (buy-to-play, no subscription)",,visa; mastercard; paypal; gift_card,,yes,yes,no,"Russia is not on the current official Blocked Countries list (list: Crimea, Cuba, DR Congo, DPR/LPR, Haiti, Iran, Iraq, Liberia, Myanmar, North Korea, Rwanda, Sudan).",Payments via Braintree (PayPal); some Gem Store items are region-restricted; official Blocked Countries page lists countries where purchase/account creation is unavailable.,https://help.guildwars2.com/hc/en-us/articles/4409409725075-Changed-Payment-Processors; https://help.guildwars2.com/hc/en-us/articles/230890448-How-to-use-a-Gem-Card; https://help.guildwars2.com/hc/en-us/articles/7528146325779-Blocked-Countries; https://help.guildwars2.com/hc/en-us/articles/360001978607-FAQ-This-Item-is-Not-Available-for-Purchase-in-your-Region,2026-09,/en/payment-passport-guild-wars-2,/pasport-oplaty-guild-wars-2
habbo,Habbo,online-games,https://www.habbo.com,Habbo Club 31 days $3.99,3.99,visa; mastercard; diners,,unknown,unknown,no,,Shop offers payment methods per selected country from a country dropdown.,https://help.habbo.com/hc/en-us/articles/360011512280-What-are-Habbo-Credits; https://help.habbo.com/hc/en-us/articles/360011512320-What-types-of-payment-methods-are-there-for-my-country; https://www.habbo.com/shop?country=us,2026-09,/en/payment-passport-habbo,/pasport-oplaty-habbo
honor-of-kings,Honor of Kings (Midasbuy),online-games,https://www.midasbuy.com,Tokens top-up,,card; bank_transfer; wechat_pay; local,AlipayHK; ShopeePay; Touch 'n Go,unknown,unknown,no,,Payment channels shown per country on Midasbuy (Tencent's official recharge store).,https://www.midasbuy.com/midasbuy/hk/buy/hok?lang=en; https://www.midasbuy.com/zia/my/buy/hok; https://www.levelinfinite.com/game/honor-of-kings/,2026-09,/en/payment-passport-honor-of-kings,/pasport-oplaty-honor-of-kings
identity-v,Identity V (NetEase top-up),online-games,https://pay.neteasegames.com/identityv/topup,Echoes top-up,,card; paypal; local,Paidy; PayPay; konbini,unknown,unknown,no,,Payment channels shown depend on selected region.,https://pay.neteasegames.com/identityv/topup?c=m2.55en.web,2026-09,/en/payment-passport-identity-v,/pasport-oplaty-identity-v
lineage-2,Lineage 2 (NCSoft West / 4game),online-games,https://www.lineage2.com,L2 Coin / NCoin packs,,,,partial,yes,unknown,Russia/CIS served by a separate publisher (Innova / 4game) rather than NCSoft West.,,https://store.plaync.com/store/lin2classicncw; https://www.aiononline.com/en-us/news/purple-shop-guide-february-2024; https://ru.4game.ru/lineage2all/,2026-09,/en/payment-passport-lineage-2,/pasport-oplaty-lineage-2
lords-mobile,Lords Mobile (IGG),online-games,https://lordsmobile.igg.com,Diamonds / Monthly Pass,,,,unknown,unknown,unknown,,,https://lordsmobile.igg.com/diamondshop/?lang=en; https://store.igg.com/,2026-09,/en/payment-passport-lords-mobile,/pasport-oplaty-lords-mobile
lost-ark,Lost Ark,online-games,https://www.playlostark.com,Royal Crystals via in-game store (Steam Wallet),,store_wallet,,no,no,no,Russia is not among the countries listed in the official availability FAQ.,Official FAQ lists the exact countries where the Amazon Games version is available; purchases only via Steam Wallet/Steam codes; unauthorized purchases can trigger Commerce Locks.,https://www.playlostark.com/en-gb/game/faq; https://www.amazongames.com/en-gb/support/lost-ark/articles/in-game-purchases; https://www.amazongames.com/en-us/support/lost-ark/articles/commerce-locks-where-to-buy-lost-ark-content,2026-09,/en/payment-passport-lost-ark,/pasport-oplaty-lost-ark
maplestory,MapleStory (Nexon),online-games,https://maplestory.nexon.net,NX Cash,,visa; mastercard; amex; unionpay; maestro; apple_pay; gift_card; store_wallet; local,Elo; Skrill; Xsolla Pay Station,unknown,unknown,no,Nexon's country selection FAQ states game availability depends on country; Russia not a serviced region for MapleStory Global per player forums (official list not found) - treat as unverified.,Methods vary by country/currency; account country must match physical location and determines currency and game availability; accounts cannot be used across regions.,https://support-maplestory.nexon.com/hc/en-us/articles/360050589771-What-payment-methods-do-you-accept; https://playersupport.nexon.com/hc/en-us/articles/360001135906-Nexon-Account-Country-Selection-FAQ,2026-09,/en/payment-passport-maplestory,/pasport-oplaty-maplestory
marvel-snap,Marvel Snap (Web Shop),online-games,https://shop.marvelsnap.com,Gold / Season Pass,,,,unknown,unknown,unknown,Web shop operated with Xsolla; methods not enumerated; no Russia statement found.,,https://shop.marvelsnap.com/; https://xsolla.com/newsroom/xsolla-and-second-dinner-launch-new-marvel-snap-web-shop-to-enhance-player-experience-and-rewards,2026-09,/en/payment-passport-marvel-snap,/pasport-oplaty-marvel-snap
naraka-bladepoint,NARAKA: BLADEPOINT,online-games,https://www.narakathegame.com,Gold top-ups,,,,unknown,unknown,unknown,,,https://www.narakathegame.com/news/guide/20230707/35647_1092868.html; https://www.narakathegame.com/helpcenter/,2026-09,/en/payment-passport-naraka-bladepoint,/pasport-oplaty-naraka-bladepoint
neverwinter-star-trek-online,Neverwinter / Star Trek Online (Arc Games),online-games,https://www.arcgames.com,ZEN: 1000 ZEN $10,,,,unknown,unknown,unknown,,Currency used for purchase is based on the player's physical location.,https://www.arcgames.com/en/storefront/star-trek-online/vc; https://support.arcgames.com/hc/en-us/articles/360017785073-Billed-in-the-wrong-currency,2026-09,/en/payment-passport-neverwinter-star-trek-online,/pasport-oplaty-neverwinter-star-trek-online
new-world-aeternum,New World: Aeternum,online-games,https://www.newworld.com,Base game + Marks of Fortune via in-game store,,amazon_pay; store_wallet; local,PlayStation Store; Xbox Store,unknown,no,no,,"Content can only be purchased via Amazon, Steam, Xbox and PlayStation stores; unauthorized sources can trigger Commerce Locks.",https://help.newworld.com/hc/en-us/articles/36415255620891-Commerce-Locks-Where-to-Buy-New-World-Aeternum-Content; https://help.newworld.com/hc/en-us/categories/36299126136347-Purchasing,2026-09,/en/payment-passport-new-world-aeternum,/pasport-oplaty-new-world-aeternum
once-human,Once Human (NetEase top-up),online-games,https://pay.neteasegames.com/oncehuman/topup,Crystgin top-up,,wechat_pay; local,Cash App Pay,unknown,unknown,no,,,https://pay.neteasegames.com/oncehuman/topup?from=home,2026-09,/en/payment-passport-once-human,/pasport-oplaty-once-human
path-of-exile-path-of-exile-2,Path of Exile / Path of Exile 2,online-games,https://www.pathofexile.com,Points: 100 Points $10,,card; paypal; store_wallet; local,Epic Games,unknown,unknown,no,Official Russian-language site exists (ru.pathofexile.com); no official restriction statement found.,,https://www.pathofexile.com/purchase; https://www.pathofexile.com/forum/view-thread/3362495; https://ru.pathofexile.com/game,2026-09,/en/payment-passport-path-of-exile-path-of-exile-2,/pasport-oplaty-path-of-exile-path-of-exile-2
phantasy-star-online-2-new-genesis,Phantasy Star Online 2: New Genesis,online-games,https://ngs.pso2.com,ARKS Cash (AC),,store_wallet; local,Xsolla Web Shop,unknown,unknown,no,Official global web shop runs on Xsolla; no Russia statement found.,,https://pso2ngs-store.sega.com/,2026-09,/en/payment-passport-phantasy-star-online-2-new-genesis,/pasport-oplaty-phantasy-star-online-2-new-genesis
pokemon-go,Pokemon GO (Web Store),online-games,https://store.pokemongo.com,"PokeCoins: 15,500 PokeCoins $99.99",,visa; mastercard; amex; discover; maestro; local,Cash App,unknown,no,no,,Xsolla is merchant of record; error 3030 = payment method unavailable in your region.,https://niantic.helpshift.com/hc/en/48-web-store/faq/3901-what-forms-of-payment-can-i-use-to-make-a-purchase/?l=en; https://store.pokemongo.com/purchase/item/coin-bundle-xlarge; https://niantic.helpshift.com/hc/en/48-web-store/faq/5447-identifying-the-merchant-of-record-for-web-store-transactions/?p=web,2026-09,/en/payment-passport-pokemon-go,/pasport-oplaty-pokemon-go
ragnarok-online,Ragnarok Online (WarpPortal),online-games,https://www.warpportal.com,WarpPortal Energy / Kafra Points,,card; store_wallet,,unknown,unknown,no,,,https://support.warpportal.com/kb/a183/how-to-purchase-warp-portal-energy-wpe-and-use-it.aspx; https://support.warpportal.com/kb/c57/ragnarok-payment.aspx; https://support.warpportal.com/kb/a627/how-to-purchase-kafra-points-using-steam.aspx,2026-09,/en/payment-passport-ragnarok-online,/pasport-oplaty-ragnarok-online
raid-shadow-legends,Raid: Shadow Legends (Plarium Play / Web Store),online-games,https://plarium.com,Gems / packs,,card; paypal; local,100+ methods; Ozow,no,unknown,no,Plarium removed games from Russian/Belarusian app stores and stopped accepting payments there (Mar 2022); later closed Russian business (news).,,https://platforms.raidshadowlegends.com/en/; https://forum.plarium.com/en/raid-shadow-legends/843_news/42372_new-payment-options-for-plarium-play/; https://plariumplay-support.plarium.com/hc/en-us/articles/360009559379-How-do-I-save-or-unlink-my-PayPal-account; https://ixbt.games/news/2022/03/11/plarium-udalyaet-raid-shadow-legends-i-drugie-iz-magazinov-prilozenii-i-prekrashhaet-prinimat-platez.html,2026-09,/en/payment-passport-raid-shadow-legends,/pasport-oplaty-raid-shadow-legends
rise-of-kingdoms,Rise of Kingdoms (Lilith),online-games,https://rok.lilith.com,Gems,,app_store; google_play,,unknown,unknown,no,Official web store methods not verified; no Russia statement found.,,https://play.google.com/store/apps/details?id=com.lilithgames.rok.gp.jp&hl=en,2026-09,/en/payment-passport-rise-of-kingdoms,/pasport-oplaty-rise-of-kingdoms
runescape-old-school-runescape,RuneScape / Old School RuneScape,online-games,https://www.runescape.com,1 Month Membership (price per official membership page; news reports $14.99),,visa; mastercard; paypal; app_store; google_play; gift_card; store_wallet; local,BoaCompra/PagSeguro; Boku,unknown,yes,no,,,https://support.runescape.com/hc/en-gb/articles/43699154194705-Managing-Subscriptions; https://support.runescape.com/hc/en-gb/articles/207480615-Pre-Paid-cards-and-Membership-passcodes; https://www.runescape.com/a=102/store_locator; https://secure.runescape.com/m=news/membership-and-bonds-price-change,2026-09,/en/payment-passport-runescape-old-school-runescape,/pasport-oplaty-runescape-old-school-runescape
second-life,Second Life,online-games,https://secondlife.com,Premium membership US$12.99/month,12.99,card; paypal,,unknown,no,no,,All fees charged in USD; VAT/GST applied based on billing country.,https://community.secondlife.com/knowledgebase/english/billing-r11/; https://secondlife.com/corporate/pricing,2026-09,/en/payment-passport-second-life,/pasport-oplaty-second-life
smite-2,SMITE 2 (Hi-Rez),online-games,https://www.smite2.com,"Diamonds: 2,700 Diamonds $19.99",,store_wallet; local,Epic Games; PlayStation Store; Xbox Store,unknown,no,no,,,https://support.hirezstudios.com/en/articles/9516169-smite-2; https://www.xbox.com/en-US/games/store/2700-currency-pack/9N68LDR31KL0,2026-09,/en/payment-passport-smite-2,/pasport-oplaty-smite-2
standoff-2,Standoff 2,online-games,https://standoff2.com,"Gold packs / skins (web store prices in USD, e.g. $24.99)",,app_store; google_play,,unknown,unknown,no,,Help center: available methods are those of the app store you use.,https://help.standoff2.com/en/collections/3850926-payments; https://help.standoff2.com/en/articles/5490282-why-can-t-i-make-a-purchase; https://store.standoff2.com/,2026-09,/en/payment-passport-standoff-2,/pasport-oplaty-standoff-2
star-citizen,Star Citizen (RSI Pledge Store),online-games,https://robertsspaceindustries.com,Starter game package (one-time pledge),,card; paypal; apple_pay; google_pay; bank_transfer; alipay; wechat_pay,,unknown,yes,no,,Tax is calculated from the billing address of the payment method; cards via Stripe/Adyen; digital wallets and bank redirects region-specific.,https://support.robertsspaceindustries.com/hc/en-us/articles/115013326748-Accepted-Payment-Methods; https://support.robertsspaceindustries.com/hc/en-us/articles/360051914473-Taxes-and-the-RSI-Pledge-Store; https://robertsspaceindustries.com/en/pledge/Packages/Citizen-Starter-Pack,2026-09,/en/payment-passport-star-citizen,/pasport-oplaty-star-citizen
star-wars-the-old-republic,Star Wars: The Old Republic,online-games,https://www.swtor.com,Subscription $14.99/month,14.99,card; store_wallet,,unknown,unknown,no,,Prices shown VAT/GST inclusive where applicable.,https://www.swtor.com/buy/user/subscription; https://help.ea.com/en/articles/star-wars/star-wars-the-old-republic/subscription-guide/; https://store.steampowered.com/app/1333220/STAR_WARS_The_Old_Republic___Subscriptions/,2026-09,/en/payment-passport-star-wars-the-old-republic,/pasport-oplaty-star-wars-the-old-republic
supercell-store,"Supercell Store (Clash of Clans, Brawl Stars, Clash Royale)",online-games,https://store.supercell.com,In-game gems/passes,,card; app_store; google_play,,no,unknown,no,Supercell removed its games from app stores in Russia and Belarus (Mar 2022) and halted new downloads.,Accepted payment methods vary by country (per support portal).,https://support.supercell.com/supercell-store/en/payment/index.html; https://supercell.zendesk.com/hc/en-us/articles/54567498038683-Payment-Methods-on-iOS; https://www.gamesindustry.biz/supercell-and-ci-games-stop-sales-in-russia-and-belarus,2026-09,/en/payment-passport-supercell-store,/pasport-oplaty-supercell-store
the-elder-scrolls-online,The Elder Scrolls Online (ESO Plus),online-games,https://www.elderscrollsonline.com,ESO Plus 30-day membership $14.99,14.99,visa; mastercard; amex; discover; paypal; google_pay; gift_card; ideal; paysafecard,,unknown,yes,no,,Payment methods vary by region; Eurozone players are billed in EUR and cannot pay in USD (and vice versa).,https://help.elderscrollsonline.com/app/answers/detail/a_id/450/~/what-payment-methods-do-you-accept; https://help.elderscrollsonline.com/app/answers/detail/a_id/335/~/does-the-elder-scrolls-online-have-a-lifetime-eso-plus-membership-option; https://help.elderscrollsonline.com/app/answers/detail/a_id/5730/~/can-i-pay-in-usd-or-another-currency-when-i%E2%80%99m-in-europe%3F,2026-09,/en/payment-passport-the-elder-scrolls-online,/pasport-oplaty-the-elder-scrolls-online
throne-and-liberty,Throne and Liberty,online-games,https://www.playthroneandliberty.com,Lucent (premium currency),,store_wallet; local,PlayStation Store; Xbox Store,partial,no,no,"Amazon Games version's supported-regions list does not include Russia; NCSoft announced a separate Russia/CIS service via Astrum Entertainment (launch May 19, 2026).",Official Supported Regions page lists the countries per platform; game only available in those regions.,https://help.playthroneandliberty.com/hc/en-us/articles/33092535376283-Supported-Regions; https://about.ncsoft.com/en/news/article/tl_update_260507; https://www.playthroneandliberty.com/en-us/shop,2026-09,/en/payment-passport-throne-and-liberty,/pasport-oplaty-throne-and-liberty
tibia,Tibia,online-games,https://www.tibia.com,Premium Time 30 days,,,,unknown,unknown,unknown,,,https://payments.cipsoft.com/tibiame/?CustomerID=&Language=en&ServiceCategoryID=20&action=entrySelectService&lan=en&markup=xhtmlmp&page=OrderService&section=payment,2026-09,/en/payment-passport-tibia,/pasport-oplaty-tibia
tower-of-fantasy,Tower of Fantasy,online-games,https://tof.perfectworld.com,Tanium top-up,,,,unknown,unknown,unknown,,"Official top-up requires a Perfect World Games account (publisher changed from Level Infinite to Perfect World, Feb 2025).",https://tof.perfectworld.com/payment/en/index.html; https://toweroffantasy-global.playerinfinite.com/events/accounttransfer/en/index.html,2026-09,/en/payment-passport-tower-of-fantasy,/pasport-oplaty-tower-of-fantasy
war-thunder,War Thunder (Gaijin.Net Store),online-games,https://store.gaijin.net,"Golden Eagles / Premium account packs (Gaijin Coins, 1 GC = 1 USD/EUR)",,card; paypal; google_pay; amazon_pay; alipay; wechat_pay; store_wallet; local,DMM points,partial,no,no,Gaijin introduced a separate local distributor/accounts for CIS players (per official forum); global store rules above apply to global accounts.,Gaijin Coin currency depends on country of residence; gifts only within same currency; payments processed by third-party platforms.,https://store.gaijin.net/page.php?page=faq; https://support.gaijin.net/hc/en-us/articles/115000706645-Replenishment-of-the-Gaijin-Store-Balance; https://legal.gaijin.net/en/storepolicy,2026-09,/en/payment-passport-war-thunder,/pasport-oplaty-war-thunder
warface,Warface (MY.GAMES / Warface: Clutch),online-games,https://pc.wfclutch.com,Kredits,,,,partial,unknown,unknown,MY.GAMES left the Russian market; Russian assets and the Russian Warface service were transferred to Astrum Entertainment (official RU site notice).,,https://pc.wfclutch.com/en/shop; https://support.my.games/wf_int/account/3198; https://ru.warface.com/news/1011550.html,2026-09,/en/payment-passport-warface,/pasport-oplaty-warface
warframe,Warframe,online-games,https://www.warframe.com,Platinum: 75 Platinum $4.99,,visa; mastercard; amex; discover; paypal; store_wallet; local,mobile payment,no,unknown,no,"Digital Extremes (Mar 2022) suspended all payment options in Russia and Belarus, including Platinum via Warframe.com and first-party partners; game itself remains playable.",,https://www.warframe.com/en/news/important-update; https://www.warframe.com/en/shop; https://support.warframe.com/hc/en-us/articles/200183300-Platinum-FAQ; https://store.warframe.com/pages/policies,2026-09,/en/payment-passport-warframe,/pasport-oplaty-warframe
whiteout-survival,Whiteout Survival (Century Games),online-games,https://pay.whiteoutsurvival.com,Gems / packs,,app_store; google_play,,unknown,unknown,no,,Payment methods depend on country/region and the app store used.,https://centurygames.helpshift.com/hc/en/64-whiteout-survival/faq/7031-3-which-payment-methods-can-i-use-in-the-game/?p=web; https://pay.whiteoutsurvival.com/static/terms/EN.html,2026-09,/en/payment-passport-whiteout-survival,/pasport-oplaty-whiteout-survival
world-of-tanks,World of Tanks,online-games,https://worldoftanks.com,Gold / WoT Premium Account (bundles in Premium Shop),,card; paypal; amazon_pay; gift_card; local,Gift Cards for Gold; Karma Koin,no,yes,no,Wargaming announced (2022) it is leaving Russia and Belarus; operations there transferred to Lesta Studio (separate company).,,https://worldoftanks.com/en/content/guide/payments_instruction/; https://wargaming.com/en/news/business-operations-worldwide/; https://worldoftanks.com/en/news/general-news/russia-belarus-operations/,2026-09,/en/payment-passport-world-of-tanks,/pasport-oplaty-world-of-tanks
world-of-warships,World of Warships,online-games,https://worldofwarships.com,Doubloons / Premium Account,,visa; mastercard; amex; discover; jcb; diners; unionpay; maestro; paypal; paysafecard,,no,unknown,no,Wargaming left Russia and Belarus (2022); Russian operations handed to Lesta Studio.,,https://worldofwarships.com/en/news/general-news/ways2pay/; https://www.wargaming.net/support/en/products/wows/article/10202/; https://wargaming.com/en/news/business-operations-worldwide/,2026-09,/en/payment-passport-world-of-warships,/pasport-oplaty-world-of-warships
wuthering-waves,Wuthering Waves,online-games,https://wutheringwaves.kurogames.com,Lunite top-ups / Lunite Subscription,,,,unknown,unknown,unknown,Official top-up channel payment methods not verified; no official Russia statement found.,,https://www.midasbuy.com/midasbuy/buy/wuwa,2026-09,/en/payment-passport-wuthering-waves,/pasport-oplaty-wuthering-waves
airtable,Airtable,productivity,https://airtable.com,Team plan $20/seat/month billed annually,20,card; apple_pay; google_pay; bank_transfer,,no,unknown,unknown,"Official billing overview: Airtable is not available in U.S.-sanctioned/export-controlled regions and states it will no longer be available to users in or associated with Russia beginning February 19, 2026.",All plans billed in USD regardless of location; regional restrictions for sanctioned/export-controlled regions.,https://support.airtable.com/docs/en/airtable-billing-overview; https://airtable.com/pricing,2026-09,/en/payment-passport-airtable,/pasport-oplaty-airtable
any-do,Any.do,productivity,https://www.any.do,Premium $4.99/month billed annually ($7.99 monthly),4.99,card; app_store; google_play; local,Huawei AppGallery,unknown,unknown,unknown,,Billing platform depends on where the plan was purchased; Huawei offers Premium only.,https://support.any.do/en/articles/9501851-how-any-do-billing-works-billing-cycles-renewals-and-payment-platforms; https://www.any.do/pricing,2026-09,/en/payment-passport-any-do,/pasport-oplaty-any-do
asana,Asana,productivity,https://asana.com,Starter plan $10.99/user/month billed annually ($13.49 monthly),10.99,card; paypal,,unknown,unknown,unknown,"Official trade-compliance page lists embargoed regions (Cuba, Iran, North Korea, Syria, Crimea/Donetsk/Luhansk) and denied parties; Russia as a whole is not listed and no Russia-specific statement was found.",Trade-compliance page restricts access from embargoed countries/regions and denied parties; no card-country rule documented.,https://asana.com/pricing; https://asana.com/pricing/client-management; https://help.asana.com/s/article/asana-and-global-trade-compliance; https://help.asana.com/s/article/billing-and-invoices,2026-09,/en/payment-passport-asana,/pasport-oplaty-asana
basecamp,Basecamp,productivity,https://basecamp.com,Freelancer $25/month; Studio $59/month; Pro $99/month; Unlimited $299/month (annual billing),25,card; bank_transfer; local,check,unknown,unknown,unknown,Official sanctions page says access is blocked from countries under U.S. sanctions but does not name specific countries; no Russia-specific statement found.,Access blocked from sanctioned locations per official sanctions page; annual invoices payable by check/ACH/wire.,https://basecamp.com/pricing; https://5.basecamp-help.com/article/1137-handling-billing-and-invoices; https://basecamp.com/sanctions,2026-09,/en/payment-passport-basecamp,/pasport-oplaty-basecamp
bear,Bear,productivity,https://bear.app,Bear Pro $2.99/month or $29.99/year (App Store),2.99,app_store,,unknown,unknown,unknown,,Sold only via Apple App Store / Mac App Store; price varies by location due to tax and currency.,https://bear.app/faq/features-and-price-of-bear-pro/,2026-09,/en/payment-passport-bear,/pasport-oplaty-bear
bitwarden,Bitwarden,productivity,https://bitwarden.com,Premium $1.65/month billed annually at $19.80; Families $3.99/month,1.65,visa; mastercard; amex; discover; paypal; bank_transfer; crypto,,unknown,unknown,yes,,ACH for eligible US plans; wire/check for invoiced annual business plans; crypto via BitPay account credit.,https://bitwarden.com/help/payment-methods/; https://bitwarden.com/pricing/; https://bitwarden.com/help/password-manager-plans/; https://bitwarden.com/en-gb/blog/now-accepting-bitcoin/; https://bitwarden.com/en-gb/pricing/,2026-09,/en/payment-passport-bitwarden,/pasport-oplaty-bitwarden
box,Box,productivity,https://www.box.com,Business plan $15/user/month billed annually (min 3 users); Business Starter $5,15,visa; mastercard; amex; jcb; bank_transfer; local,direct debit (Germany),unknown,unknown,unknown,,"JCB accepted in Japan only; direct debit only for Germany; wire/check for invoices of at least $1,000.",https://support.box.com/hc/en-us/articles/360044193453-Payment-Methods-Accepted-by-Box; https://www.box.com/pricing,2026-09,/en/payment-passport-box,/pasport-oplaty-box
calendly,Calendly,productivity,https://calendly.com,Standard plan $10/seat/month billed annually ($12 monthly),10,card; paypal,,unknown,unknown,unknown,Acceptable Use Policy prohibits use from US-embargoed countries; no Russia-specific statement found.,,https://calendly.com/pricing; https://community.calendly.com/how-do-i-40/legacy-professional-plan-vs-current-standard-plan-1610; https://calendly.com/help/billing-overview; https://calendly.com/legal/acceptable-use-policy; https://calendly.com/help/payments-faq,2026-09,/en/payment-passport-calendly,/pasport-oplaty-calendly
clockify,Clockify,productivity,https://clockify.me,Basic $3.99/seat/month billed annually; Standard $5.49; Pro $7.99,3.99,card; bank_transfer,,unknown,unknown,unknown,,Credit card standard; wire transfer for larger purchases; billing country affects currency.,https://clockify.me/help/troubleshooting/clockify-subscription-management; https://clockify.me/pricing,2026-09,/en/payment-passport-clockify,/pasport-oplaty-clockify
coda,Coda,productivity,https://coda.io,Pro $12/Doc Maker/month billed annually ($15 monthly); Team $33/month annual,12,card; bank_transfer,,unknown,unknown,unknown,,Pro/Team accept credit cards only; Enterprise adds ACH/bank transfer; invoice details include country and tax ID.,https://help.coda.io/hc/en-us/articles/39555725230989-Billing-and-pricing-basics; https://coda.io/pricing,2026-09,/en/payment-passport-coda,/pasport-oplaty-coda
confluence,Confluence,productivity,https://www.atlassian.com/software/confluence,Standard $5.42/user/month billed annually; Premium $10.44/user/month,5.42,visa; mastercard; amex; paypal; bank_transfer,,no,unknown,unknown,"Atlassian stopped new sales in Russia/Belarus (March 2022) and renewals for customers located there after Oct 31, 2022.",Same Atlassian billing rules as Jira: card/PayPal/ACH/wire/check depending on plan and term; Russia/Belarus customers cannot buy or renew.,https://www.atlassian.com/software/confluence/pricing; https://www.atlassian.com/licensing/purchase-licensing/howtopay; https://www.atlassian.com/blog/announcements/atlassian-stands-with-ukraine,2026-09,/en/payment-passport-confluence,/pasport-oplaty-confluence
craft,Craft,productivity,https://www.craft.do,Craft Plus subscription (web billing via Stripe or Apple App Store); localized pricing,,card; paypal; app_store; local,other Stripe methods,unknown,unknown,unknown,,"Web subscriptions via Stripe accept cards, PayPal and other local methods; App Store subscriptions billed by Apple; pricing localized by country.",https://support.craft.do/en/account-and-subscription/billing/payment-methods; https://www.craft.do/pricing; https://support.craft.do/en/account-and-subscription/subscription-plans/plans-and-pricing,2026-09,/en/payment-passport-craft,/pasport-oplaty-craft
dashlane,Dashlane,productivity,https://www.dashlane.com,Premium (individual) annual subscription,,card; app_store; google_play,,unknown,unknown,unknown,,US billing ZIP determines sales tax; PayPal no longer available for new personal plans.,https://support.dashlane.com/hc/en-us/articles/202699341-Manage-subscription-and-billing-for-Dashlane; https://support.dashlane.com/hc/en-us/articles/13651271180050-Change-the-payment-method-credit-card-or-billing-address-I-use-to-pay-for-Dashlane; https://www.dashlane.com/pricing-personal,2026-09,/en/payment-passport-dashlane,/pasport-oplaty-dashlane
docusign,Docusign,productivity,https://www.docusign.com,eSignature Personal plan (5 envelopes/month); Standard and Business Pro plans,,,,unknown,unknown,unknown,,,https://ecom.docusign.com/plans/esignature; https://support.docusign.com/s/articles/Docusign-Plans-and-Limits?language=en_US,2026-09,/en/payment-passport-docusign,/pasport-oplaty-docusign
doodle,Doodle,productivity,https://doodle.com,Professional $15/month or $132/year,15,card; paypal; apple_pay; bank_transfer,,unknown,unknown,unknown,,Currency automatically localized by region; wire/PO only for Teams/Enterprise.,https://help.doodle.com/en/articles/9457310-what-forms-of-payment-do-you-accept-for-doodle-professional; https://help.doodle.com/en/articles/9457366-how-much-does-doodle-cost,2026-09,/en/payment-passport-doodle,/pasport-oplaty-doodle
evernote,Evernote,productivity,https://evernote.com,Evernote Starter $14.99/month or $99/year (USD),14.99,card; paypal; app_store; google_play,,unknown,no,unknown,,Prices published per currency (USD/AUD/BRL/CAD/EUR/GBP/JPY/KRW); app-store purchases billed by Apple/Google. Gift codes no longer offered.,https://help.evernote.com/hc/en-us/articles/28267325211795-Subscriptions-Payments-FAQ; https://help.evernote.com/hc/en-us/articles/46317642175763-Discontinuing-Evernote-Personal-Professional-Introducing-Starter-Advanced-FAQ; https://help.evernote.com/hc/en-us/articles/35152771442451-Can-I-purchase-a-gift-code,2026-09,/en/payment-passport-evernote,/pasport-oplaty-evernote
goodnotes,Goodnotes,productivity,https://www.goodnotes.com,Goodnotes Pro $35.99/year (US); Essential $11.99/year,3.0,card; paypal; app_store; google_play; bank_transfer,,partial,unknown,unknown,Official availability table lists Russia as available on Apple App Store and Google Play but not on Samsung Galaxy Store or Microsoft Store.,"Availability varies by store and country per official table; Teams admin console accepts card/PayPal, invoiced wire for teams.",https://support.goodnotes.com/hc/en-us/articles/7629815569295-Is-Goodnotes-app-available-where-I-m-based; https://support.goodnotes.com/hc/en-us/articles/13808767840015-Introducing-Our-New-Payment-Plans; https://go.goodnotes.com/support/what-payment-options-are-available-when-using-the-goodnotes-admin-console,2026-09,/en/payment-passport-goodnotes,/pasport-oplaty-goodnotes
ilovepdf,iLovePDF,productivity,https://www.ilovepdf.com,Premium $5/month billed annually ($60/year; $9 monthly),5,visa; mastercard; amex; paypal; apple_pay; google_pay; app_store; google_play; bank_transfer; sepa; local,Huawei AppGallery; Microsoft Store,unknown,unknown,unknown,,VAT handled per location (included or reverse-charge); bank transfer for Business plan; SEPA in some cases.,https://www.ilovepdf.com/pricing; https://www.ilovepdf.com/help/terms,2026-09,/en/payment-passport-ilovepdf,/pasport-oplaty-ilovepdf
internxt,Internxt,productivity,https://internxt.com,"Premium 3 TB (annual or lifetime one-time payment, priced in EUR)",,visa; mastercard; amex; paypal; crypto; klarna,,unknown,unknown,yes,,Klarna installments for lifetime plans; no card-country rule documented.,https://help.internxt.com/en/articles/5358810-what-payment-methods-do-you-accept; https://internxt.com/pricing,2026-09,/en/payment-passport-internxt,/pasport-oplaty-internxt
jotform,Jotform,productivity,https://www.jotform.com,Bronze $34/month billed annually ($39 monthly),34,card; paypal; apple_pay; google_pay; bank_transfer,,no,unknown,unknown,"Official Jotform support answers state signups from Russia have been disabled since May 20, 2023 to comply with OFAC sanctions.","Signups blocked from Russia, Iran, Syria per official support answers.",https://www.jotform.com/pricing/; https://www.jotform.com/answers/10263651-unable-to-use-jotform-due-to-country-restriction; https://www.jotform.com/answers/28753711-appeal-to-restore-access-for-russian-citizens,2026-09,/en/payment-passport-jotform,/pasport-oplaty-jotform
lastpass,LastPass,productivity,https://www.lastpass.com,LastPass Premium (individual) subscription,,card; app_store; google_play; local,bank card,unknown,unknown,no,,Payment card or mobile in-app purchase; no card-country rule documented.,https://www.lastpass.com/pricing; https://community.lastpass.com/kb/articles/43-update-payment-method%EF%BB%BF,2026-09,/en/payment-passport-lastpass,/pasport-oplaty-lastpass
loom,Loom,productivity,https://www.loom.com,Business plan (per creator/month; annual saves 17%),,card; bank_transfer,,partial,unknown,unknown,Official Atlassian/Loom support: certain customers in Russia and Belarus may be unable to transact because of payment-processor sanctions.,Credit card standard; ACH via sales for eligible customers.,https://support.atlassian.com/loom/docs/loom-billing-faq/; https://support.atlassian.com/loom/docs/why-cant-i-access-loom-in-my-country/; https://www.loom.com/pricing; https://www.atlassian.com/software/loom/pricing; https://support.atlassian.com/loom/docs/update-payment-information/; https://www.atlassian.com/blog/announcements/atlassian-stands-with-ukraine,2026-09,/en/payment-passport-loom,/pasport-oplaty-loom
lucidchart,Lucidchart,productivity,https://www.lucidchart.com,Individual plan $9/month plus tax,9,card; paypal,,unknown,unknown,unknown,,Sales tax assessed based on billing address; payment address must match bank records.,https://lucid.co/lucidchart/trial; https://help.lucid.co/hc/en-us/articles/360049861431-Plans-and-billing-overview; https://help.lucid.co/hc/en-us/articles/7413871071380-Failed-payment,2026-09,/en/payment-passport-lucidchart,/pasport-oplaty-lucidchart
make,Make,productivity,https://www.make.com,Core plan (credit-based monthly/annual subscription),,card; apple_pay; google_pay; amazon_pay; bank_transfer; klarna; local,Cash App Pay,unknown,unknown,unknown,,ACH direct debit and Klarna availability depend on region; Enterprise via invoicing.,https://help.make.com/change-payment-details; https://help.make.com/new-payment-methods-for-greater-flexibility; https://www.make.com/en/pricing,2026-09,/en/payment-passport-make,/pasport-oplaty-make
mega,MEGA,productivity,https://mega.io,Pro I (2 TB) monthly/annual subscription; all transactions charged in EUR,,visa; mastercard; unionpay; google_pay; app_store; google_play; crypto; local,other regional methods,unknown,unknown,yes,,Charged in euros; Bitcoin is the only cryptocurrency accepted; PayPal not accepted on website; available methods depend on location.,https://mega.io/pricing; https://help.mega.io/plans-storage/payments-billing/pay-with-bitcoin; https://help.mega.io/plans-storage/payments-billing/mega-accept-paypal,2026-09,/en/payment-passport-mega,/pasport-oplaty-mega
mindmeister,MindMeister,productivity,https://www.mindmeister.com,Personal plan €6.50/user/month (12-month billing); €7.50 on 6-month billing,,card; paypal,,unknown,unknown,unknown,,Pricing based on region and may change at checkout if billing address differs.,https://support.mindmeister.com/hc/en-us/articles/8032151151122-What-Payment-Methods-Do-You-Accept; https://www.mindmeister.com/pricing,2026-09,/en/payment-passport-mindmeister,/pasport-oplaty-mindmeister
monday-com,monday.com,productivity,https://monday.com,Basic $9/seat/month; Standard $12/seat/month; Pro $19/seat/month (annual billing),9,visa; mastercard; amex; discover; jcb; diners; unionpay; paypal; local,carte bleue,unknown,unknown,unknown,Partner sanctions-compliance training exists; no public statement on Russia availability found.,"Billing details require country/address and, depending on country, VAT ID.",https://monday.com/pricing; https://support.monday.com/hc/en-us/articles/360018098000-Managing-your-billing; https://support.monday.com/hc/en-us/articles/115005321229-Why-did-my-payment-fail; https://monday.com/w/faqs; https://partners.monday.com/lessons/sanctions-compliance-for-partners/,2026-09,/en/payment-passport-monday-com,/pasport-oplaty-monday-com
nordpass,NordPass,productivity,https://nordpass.com,NordPass Premium from €1.23/month (multi-year billing),,card; paypal; apple_pay; google_pay; app_store; google_play; crypto; klarna; sofort; local,Sofort/Klarna,unknown,yes,yes,,Retail activation codes can be redeemed on the official site; no card-country rule documented.,https://support.nordpass.com/hc/en-us/articles/360002449077-What-payment-methods-do-you-accept; https://nordpass.com/plans/; https://nordpass.com/password-manager/; https://support.nordpass.com/hc/en-us/articles/4403073033617-How-to-redeem-your-activation-code; https://support.nordpass.com/hc/en-us/articles/360002453298-How-to-purchase-a-NordPass-subscription,2026-09,/en/payment-passport-nordpass,/pasport-oplaty-nordpass
notability,Notability,productivity,https://notability.com,Notability Plus $60/year per user,5.0,card; app_store; google_play,,unknown,unknown,unknown,,"iOS via Apple App Store, web via Stripe, Android via Google Play; no card-country rule documented.",https://intercom.help/notability/en-us/articles/16300172-notability-subscription-faq; https://notability.com/pricing,2026-09,/en/payment-passport-notability,/pasport-oplaty-notability
obsidian,Obsidian,productivity,https://obsidian.md,Obsidian Sync Standard $4/user/month billed annually ($5 monthly),4,,,unknown,yes,unknown,,Obsidian Credit can be purchased and gifted to another person by email or shareable link; no card-country rule documented.,https://obsidian.md/pricing; https://obsidian.md/blog/standard-plan/; https://obsidian.md/help/payment,2026-09,/en/payment-passport-obsidian,/pasport-oplaty-obsidian
pandadoc,PandaDoc,productivity,https://www.pandadoc.com,Starter $19/user/month billed annually; Business $49/user/month,19,visa; mastercard; amex; paypal,,unknown,unknown,unknown,Acceptable Use Policy prohibits use from US-embargoed jurisdictions; no Russia-specific statement found.,AUP location-of-access clause; no card-country rule documented.,https://www.pandadoc.com/pricing/; https://support.pandadoc.com/en/articles/9715032-account-billing-and-ownership; https://www.pandadoc.com/legal/acceptable-use-policy/,2026-09,/en/payment-passport-pandadoc,/pasport-oplaty-pandadoc
pcloud,pCloud,productivity,https://www.pcloud.com,Premium 500 GB: $49.99/year (or $4.99/month); lifetime $199 one-time,4.99,card; paypal; app_store; google_play; alipay,,unknown,unknown,unknown,,"Alipay available only in select regions; monthly, annual and lifetime billing cycles.",https://help.pcloud.com/article/payment-methods-billing-cycles; https://www.pcloud.com/cloud-storage-pricing-plans.html,2026-09,/en/payment-passport-pcloud,/pasport-oplaty-pcloud
proton,Proton,productivity,https://proton.me,Proton Mail Plus €4.99/month or €47.88/year (€3.99/month),,card; paypal; apple_pay; google_pay; bank_transfer; gift_card; crypto; local,cash,partial,yes,yes,"Official 'pay-russia' guide: Proton remains committed to serving users in Russia, but standard payment methods may fail because of sanctions; alternative methods are documented.",Billing country must be set to tax-residency country; Bitcoin (on-chain only) accepted; official gift cards ($50/$100) add account credits.,https://proton.me/support/payment-options; https://proton.me/support/pay-with-bitcoin; https://proton.me/support/pay-russia; https://proton.me/support/proton-plans; https://shop.proton.me/collections/proton-gift-cards,2026-09,/en/payment-passport-proton,/pasport-oplaty-proton
signnow,SignNow,productivity,https://www.signnow.com,Business plan $8/user/month billed annually ($20 monthly),8,,,no,unknown,unknown,airSlate (SignNow's parent) states it stopped access from IP addresses originating in Russia and will not generate revenue from customers located in Russia while the war continues.,,https://www.signnow.com/features/signnow-plans-and-pricing; https://product.airslate.com/blog/we-stand-with-ukraine/,2026-09,/en/payment-passport-signnow,/pasport-oplaty-signnow
smallpdf,Smallpdf,productivity,https://smallpdf.com,Smallpdf Pro monthly or annual subscription,,visa; mastercard; paypal,,unknown,unknown,unknown,,,https://smallpdf.com/pricing; https://smallpdf.com/support,2026-09,/en/payment-passport-smallpdf,/pasport-oplaty-smallpdf
smartsheet,Smartsheet,productivity,https://www.smartsheet.com,Pro plan $9/user/month billed annually ($12 monthly),9,visa; mastercard; amex; discover; paypal; bank_transfer,,no,unknown,unknown,Official help article 'Smartsheet Access Blocked: Prohibited Location' lists Russia and Belarus among prohibited locations.,Cards charged in USD; access blocked from prohibited locations including Russia/Belarus; invoiced annual plans can pay by wire/ACH.,https://help.smartsheet.com/articles/807556-accepted-payment-types-currencies; https://www.smartsheet.com/pricing; https://help.smartsheet.com/articles/2476716-Smartsheet-Access-Blocked-Prohibited-Location,2026-09,/en/payment-passport-smartsheet,/pasport-oplaty-smartsheet
surveymonkey,SurveyMonkey,productivity,https://www.surveymonkey.com,Advantage Annual $46/month billed $552 annually; Standard Monthly $99/month,46,card; paypal; bank_transfer; sepa; local,credit/debit card; paypal (some countries/plans); sepa direct debit (renewals); wire/ACH (invoice),no,unknown,unknown,Official Export Control Policy: services not available in Russia and Belarus; respondents in prohibited jurisdictions are blocked.,Payment methods depend on billing country and purchase type; PayPal only in relevant locations.,https://help.surveymonkey.com/en/surveymonkey/billing/payment-methods/; https://www.surveymonkey.com/pricing/individual/; https://help.surveymonkey.com/en/surveymonkey/policy/export-control-policy/; https://www.surveymonkey.com/pricing/,2026-09,/en/payment-passport-surveymonkey,/pasport-oplaty-surveymonkey
sync-com,Sync.com,productivity,https://www.sync.com,Solo Basic 2 TB $8/month billed annually; Solo Professional 5TB $14/month,8,visa; mastercard; amex; discover; paypal,,unknown,unknown,unknown,,Billing profile includes billing address; no card-country rule documented.,https://www.sync.com/pricing-individual/; https://www.sync.com/pricing/,2026-09,/en/payment-passport-sync-com,/pasport-oplaty-sync-com
ticktick,TickTick,productivity,https://ticktick.com,TickTick Premium US$49.99/year,4.17,card; paypal; app_store; google_play; gift_card,,unknown,yes,unknown,,Web payments via Stripe or PayPal; official gift cards sold on ticktick.com with emailed redemption codes.,https://help.ticktick.com/articles/7055781420970541056; https://ticktick.com/upgrade; https://ticktick.com/terms/subscription,2026-09,/en/payment-passport-ticktick,/pasport-oplaty-ticktick
toggl-track,Toggl Track,productivity,https://toggl.com/track/,Starter $9/license/month billed annually ($12 monthly); Premium $18,9,card; apple_pay; google_pay; bank_transfer,,unknown,unknown,unknown,,Wire transfer only for annual prepayment; prices in USD/EUR.,https://support.toggl.com/en-us/article/which-payment-methods-do-you-support-9i8wbj/; https://support.toggl.com/en-us/article/basic-information-on-toggl-track-pricing-1jk9e2l/; https://toggl.com/track/pricing/,2026-09,/en/payment-passport-toggl-track,/pasport-oplaty-toggl-track
tresorit,Tresorit,productivity,https://tresorit.com,Personal plans from €3.99/month (50 GB); Personal Essential 1 TB,,visa; mastercard; amex; paypal; bank_transfer,,no,unknown,no,Official blog: Tresorit suspended its services to Russia and Belarus in accordance with EU sanctions.,Wire transfer only for annual team plans with 3+ users; cryptocurrencies explicitly not accepted.,https://support.tresorit.com/hc/en-us/articles/216114007-Payment-options; https://tresorit.com/pricing/personal; https://tresorit.com/tresorit-securecloud-for-individual; https://tresorit.com/blog/in-accordance-with-eu-sanctions-tresorit-suspends-its-services-to-russia-and-belarus,2026-09,/en/payment-passport-tresorit,/pasport-oplaty-tresorit
typeform,Typeform,productivity,https://www.typeform.com,Basic plan $28/month billed annually ($39 monthly),28,visa; mastercard; amex; paypal; apple_pay; google_pay; local,invoice/bank transfer (Enterprise); paypal (EUR subscriptions),unknown,unknown,unknown,Terms require users not to be in US-embargoed countries; no Russia-specific statement found.,PayPal only in Europe; billing/VAT based on selected country; POs not supported outside Enterprise.,https://help.typeform.com/hc/en-us/articles/360038886452-How-can-you-pay-for-a-Typeform-subscription; https://help.typeform.com/hc/en-us/articles/5369806110868-Pay-for-your-Typeform-subscription-with-Apple-or-Google-Pay; https://www.typeform.com/pricing; https://www.typeform.com/legal/legal-notice-terms-of-use; https://www.typeform.com/help/a/payment-methods-360029266331/,2026-09,/en/payment-passport-typeform,/pasport-oplaty-typeform
wetransfer,WeTransfer,productivity,https://wetransfer.com,Starter plan $6.99/month; Ultimate (unlimited) plan,6.99,card; paypal; ideal; sofort,,unknown,unknown,unknown,Terms require compliance with US/EU/UK sanctions and export laws; no Russia-specific statement found.,"Localized methods (iDEAL, SOFORT) in some countries; direct bank payment not supported except custom Enterprise.",https://wetransfer.com/help-center/subscriptions/payment-methods; https://wetransfer.com/blog/story/2025-wetransfer-plans-remix-see-our-latest-plans; https://wetransfer.com/explore/legal/terms,2026-09,/en/payment-passport-wetransfer,/pasport-oplaty-wetransfer
wrike,Wrike,productivity,https://www.wrike.com,Team plan $10/user/month billed annually; Business $25/user/month,10,card,,no,unknown,unknown,Official newsroom notice: access prohibited for customers based in Russia and Belarus due to sanctions; help article documents the resulting access error.,Card setup requires billing address including country; access restricted for Russia/Belarus.,https://www.wrike.com/price/; https://help.wrike.com/hc/en-us/articles/1500005220582-Adding-a-New-Credit-Card; https://www.wrike.com/newsroom/restrictions-for-customers-based-in-russia-and-belarus/; https://help.wrike.com/hc/en-us/articles/18692250114071-Resolve-Error-Sorry-We-Can-t-Let-You-Access-Wrike,2026-09,/en/payment-passport-wrike,/pasport-oplaty-wrike
xmind,Xmind,productivity,https://xmind.com,Xmind Premium $4.29/month billed annually,4.29,card; paypal; app_store; google_play; bank_transfer,,unknown,unknown,unknown,,Taxes calculated from billing address; PayPal/bank transfer via sales.,https://xmind.com/help/payment-methods-available; https://xmind.com/pricing; https://xmind.com/premium,2026-09,/en/payment-passport-xmind,/pasport-oplaty-xmind
zapier,Zapier,productivity,https://zapier.com,Professional plan from $19.99/month billed annually (750 tasks; $29.99 monthly),19.99,card; paypal; bank_transfer; local,paypal (where PayPal operates),unknown,unknown,unknown,Zapier donated all revenue from Russian/Belarusian accounts; no official statement on current availability found.,Credit card accepted in listed countries; PayPal where PayPal operates; ACH US only; currency options vary by location.,https://help.zapier.com/hc/en-us/articles/8496292353037-How-to-pay-for-your-Zapier-account; https://zapier.com/pricing; https://zapier.com/blog/zapier-pricing/; https://zapier.com/blog/zapier-stands-with-ukraine/,2026-09,/en/payment-passport-zapier,/pasport-oplaty-zapier
zoho-workplace,Zoho Workplace,productivity,https://www.zoho.com/workplace/,Workplace Standard per-user/month (annual billing); Mail Lite from $1/user/month,,card; local,net banking/UPI/wallets (country-dependent),no,unknown,unknown,Official Zoho help: account sign-up is restricted from Russia and other sanctioned countries/regions.,Currency and payment options depend on the country selected; sign-up blocked for sanctioned countries including Russia.,https://www.zoho.com/store/customer/country-currency-and-supported-payments.html; https://www.zoho.com/workplace/pricing.html; https://help.zoho.com/portal/en/kb/accounts/faqs-troubleshooting/faqs/account/articles/account-restrictions-for-sanctioned-countries-regions,2026-09,/en/payment-passport-zoho-workplace,/pasport-oplaty-zoho-workplace
adguard-vpn,AdGuard VPN,security-vpn,https://adguard-vpn.com/,VPN monthly subscription $11.99,11.99,paypal; crypto; local,bank card; ethereum; litecoin; tether,unknown,unknown,yes,AdGuard states that AdGuard VPN was blocked in Russia; a separate official page discusses collateral access problems for related AdGuard products.,Crypto subscriptions are not auto-renewed; official terms also collect country of residence and payment method availability can vary.,https://adguard-vpn.com/en/blog/crypto-payments.html; https://adguard-vpn.com/en/blog/supermassive-adguard-vpn-releases.html; https://adguard-vpn.com/en/blog/adguard-vpn-gets-banned-in-russia.html,2026-09,/en/payment-passport-adguard-vpn,/pasport-oplaty-adguard-vpn
avast,Avast,security-vpn,https://www.avast.com/,Premium Security offers advertised around $4.58/month on selected annual offers,4.58,card; paypal; google_play; bank_transfer; local,apple app store,no,unknown,no,Avast states its products are unavailable for download and purchase in Russia and Belarus.,Official billing support says methods vary by country and purchase channel.,https://support.avast.com/en-us/article/76; https://www.avast.com/en-us/store; https://www.avast.com/ru-ru/information-customers-russia-belarus,2026-09,/en/payment-passport-avast,/pasport-oplaty-avast
avg,AVG,security-vpn,https://www.avg.com/,AVG paid security products; current USD monthly price not extracted,,card; paypal; google_play; bank_transfer; local,apple app store,unknown,unknown,no,"AVG says products are unavailable for purchase or download in Russia and Belarus, while existing customers may continue until license expiration.","Official billing support lists country-dependent website, app-store, and wire-payment routes.",https://support.avg.com/supportarticleview?l=en&urlName=avg-sale-billing-faq; https://www.avg.com/ru-ru/information-customers-russia-belarus,2026-09,/en/payment-passport-avg,/pasport-oplaty-avg
avira-prime,Avira Prime,security-vpn,https://www.avira.com/,Prime security bundle; current USD monthly price not extracted,,visa; mastercard; amex; paypal; direct_debit,,unknown,unknown,no,,Avira says payment methods vary by location; its terms cover regional sales conditions.,https://support.avira.com/hc/en-us/articles/360002939213-What-payment-options-does-Avira-offer; https://www.avira.com/en/avira-terms-of-sale; https://www.avira.com/en/buy-antivirus,2026-09,/en/payment-passport-avira-prime,/pasport-oplaty-avira-prime
bitdefender-total-security,Bitdefender Total Security,security-vpn,https://www.bitdefender.com/,Total Security Individual $59.99 for the displayed term,,visa; mastercard; amex; discover; unionpay; paypal; google_pay; ideal; direct_debit,,no,unknown,unknown,Bitdefender stated that it suspended trading/sales in response to the invasion; the strongest direct support available is the official announcement and support material.,"Checkout exposes country-dependent methods; Bitdefender's official Russia-related statement says sales were interrupted, while support also documents regional VPN restrictions.",https://www.bitdefender.com/en-us/consumer/total-security; https://www.bitdefender.com/en-us/blog/hotforsecurity/bitdefender-responds-to-ukraine-invasion; https://www.bitdefender.com/consumer/support/answer/8249/,2026-09,/en/payment-passport-bitdefender-total-security,/pasport-oplaty-bitdefender-total-security
cyberghost,CyberGhost,security-vpn,https://www.cyberghostvpn.com/,VPN monthly plan advertised at $12.99/month,12.99,card; paypal; apple_pay; google_pay; local,bitpay; local methods,unknown,unknown,yes,,Official payment documentation lists different methods by country.,https://support.cyberghostvpn.com/hc/en-us/articles/360013734499-Payment-possibilities-sorted-by-countries; https://support.cyberghostvpn.com/hc/en-us/articles/213650885-How-to-purchase-a-subscription; https://www.cyberghostvpn.com/,2026-09,/en/payment-passport-cyberghost,/pasport-oplaty-cyberghost
deleteme,DeleteMe,security-vpn,https://joindeleteme.com/,Solo plan approximately $11/month when billed annually,11.0,card,,unknown,unknown,no,,Official signup help says a credit card is required; consumer availability outside supported markets is not clearly documented.,https://help.joindeleteme.com/hc/en-us/articles/26605377008531-DeleteMe-Pricing; https://help.joindeleteme.com/hc/en-us/articles/8171796303507-Do-I-need-a-credit-card-to-sign-up,2026-09,/en/payment-passport-deleteme,/pasport-oplaty-deleteme
duckduckgo-privacy-pro,DuckDuckGo Privacy Pro,security-vpn,https://duckduckgo.com/pro,Plus plan $9.99/month or $99.99/year,9.99,apple_pay; google_play; local,stripe methods,no,unknown,no,Russia is not listed among the supported subscription regions.,"The subscription is officially available in Canada, the EU, UK, and US; website payments are handled by Stripe and app payments by Apple or Google.",https://duckduckgo.com/duckduckgo-help-pages/privacy-pro/payments; https://duckduckgo.com/duckduckgo-help-pages/get-duckduckgo/how-much-does-duckduckgo-cost; https://duckduckgo.com/duckduckgo-help-pages/privacy-pro/using-privacy-pro-outside-us,2026-09,/en/payment-passport-duckduckgo-privacy-pro,/pasport-oplaty-duckduckgo-privacy-pro
enpass,Enpass,security-vpn,https://www.enpass.io/,Premium subscription $1.99/month on the advertised plan,1.99,card; app_store; google_play,,unknown,unknown,no,,Subscription and payment handling differs between direct purchase and platform purchases.,https://www.enpass.io/pricing/; https://help.enpass.io/personal/latest/all/managing-subscriptions-or-payments,2026-09,/en/payment-passport-enpass,/pasport-oplaty-enpass
eset,ESET,security-vpn,https://www.eset.com/,ESET consumer protection plans; current USD monthly price not extracted,,visa; mastercard; amex; paypal,,no,unknown,no,ESET stopped all new sales in Russia.,Payment methods and PayPal availability vary by country and purchase type.,https://www.eset.com/sg/policy-hub/terms-of-service/; https://www.eset.com/us/about/newsroom/press-releases/eset-stops-all-new-sales-in-russia-2/; https://www.eset.com/us/home/protection-plans/,2026-09,/en/payment-passport-eset,/pasport-oplaty-eset
expressvpn,ExpressVPN,security-vpn,https://www.expressvpn.com/,Basic VPN plan advertised from $2.99/month on an introductory long-term term,2.99,card; paypal; apple_pay; google_pay,,unknown,unknown,no,,Payment options depend on checkout and region; the current renewal help page says cryptocurrency is no longer supported.,https://www.expressvpn.com/features/vpn-payments; https://www.expressvpn.com/support/manage-account/renew-expressvpn-account/; https://www.expressvpn.com/pricing,2026-09,/en/payment-passport-expressvpn,/pasport-oplaty-expressvpn
f-secure-total,F-Secure Total,security-vpn,https://www.f-secure.com/,F-Secure Total from €4.99/month on the displayed offer; USD equivalent not normalized,,card; paypal; sepa,,unknown,unknown,no,,Payment methods and prices are localized by market.,https://www.f-secure.com/en/total; https://kb.f-secure.com/s/article/How-to-Change-Payment-Method-on-F-Secure-SAFE-portal,2026-09,/en/payment-passport-f-secure-total,/pasport-oplaty-f-secure-total
hide-me,hide.me,security-vpn,https://hide.me/,Premium VPN $11.99/month,11.99,card; paypal; apple_pay; google_pay; bank_transfer; sepa; crypto; sofort; local,dogecoin; ethereum; litecoin; monero; solana,yes,unknown,yes,"hide.me's official article says its VPN service was running in China and Russia; this is evidence of stated availability, not a guarantee of uninterrupted access.","Official payment help lists card, wallet, bank-transfer, and cryptocurrency options; some options depend on checkout country.",https://hide.me/en/knowledgebase/which-payment-methods-do-you-support/; https://hide.me/en/pricing; https://hide.me/en/blog/hide-vpn-service-running-china-russia/,2026-09,/en/payment-passport-hide-me,/pasport-oplaty-hide-me
hotspot-shield,Hotspot Shield,security-vpn,https://www.hotspotshield.com/,Premium VPN plan $12.99/month,12.99,card; paypal; app_store; google_play,,no,unknown,no,Hotspot Shield's official support lists Russia among known blocked countries.,Payment route depends on whether subscription is purchased on the website or through an app store.,https://support.hotspotshield.com/hc/en-us/articles/202996834-What-are-the-known-blocked-countries; https://www.hotspotshield.com/select-plan/,2026-09,/en/payment-passport-hotspot-shield,/pasport-oplaty-hotspot-shield
incogni,Incogni,security-vpn,https://incogni.com/,Standard individual annual plan $7.99/month equivalent,7.99,card; paypal,,no,unknown,no,Incogni's official help says the Protect plan is only available to US residents.,The Protect plan is documented as available only to US residents.,https://incogni.com/pricing; https://support.incogni.com/hc/en-us/articles/26753632381970-Plans-and-prices-of-Incogni-service,2026-09,/en/payment-passport-incogni,/pasport-oplaty-incogni
ipvanish,IPVanish,security-vpn,https://www.ipvanish.com/,Essential VPN plan from $2.39/month on a two-year introductory term,2.39,card; paypal; apple_pay; google_pay; amazon_pay,,unknown,unknown,no,IPVanish removed Russian VPN servers from Moscow; server removal alone does not establish that the service is unavailable in Russia.,Checkout supports platform and wallet methods that can vary by region.,https://www.ipvanish.com/gb/pricing/; https://support.ipvanish.com/hc/en-us/articles/8867713532955-Using-the-IPVanish-Checkout; https://www.ipvanish.com/blog/ipvanish-removes-russian-vpn-servers-from-moscow/,2026-09,/en/payment-passport-ipvanish,/pasport-oplaty-ipvanish
ivacy-vpn,Ivacy VPN,security-vpn,https://www.ivacy.com/,VPN plan; current USD monthly price not directly verified,,card; paypal; crypto; local,electronic wallets; paymentwall,unknown,unknown,yes,,Paymentwall provides multiple country-dependent payment options.,https://support.ivacy.com/accountbilling/how-to-pay-for-ivacy-subscription/; https://www.ivacy.com/buy-vpn,2026-09,/en/payment-passport-ivacy-vpn,/pasport-oplaty-ivacy-vpn
keeper,Keeper,security-vpn,https://www.keepersecurity.com/,Personal password manager plan; current USD monthly price not extracted reliably,,card; paypal; local,charge card,unknown,unknown,no,,"Official terms refer to valid credit, debit, or charge cards; payment-processing documentation also references PayPal.",https://www.keepersecurity.com/legal/terms-of-use/; https://www.keepersecurity.com/pricing/personal-and-family.html,2026-09,/en/payment-passport-keeper,/pasport-oplaty-keeper
mailfence,Mailfence,security-vpn,https://mailfence.com/,Paid Base/Entry email plans priced in euros; USD monthly price not normalized,,visa; mastercard; paypal; bank_transfer; crypto,,unknown,unknown,yes,"Mailfence says its services remain accessible in Russia, but delivery to Russian-based email services may be restricted.",Official FAQ and renewal help list payment methods and euro-denominated plans.,https://mailfence.com/en/faq.jsp; https://kb.mailfence.com/kb/annual-subscription-payment-method/; https://blog.mailfence.com/email-servers-blocked-russia/,2026-09,/en/payment-passport-mailfence,/pasport-oplaty-mailfence
malwarebytes,Malwarebytes,security-vpn,https://www.malwarebytes.com/,Premium consumer plan shown at $59.99 annual pricing in official checkout evidence,,card; paypal,,no,unknown,unknown,Malwarebytes currently does not sell consumer products in the Russian Federation.,Malwarebytes limits consumer sales by territory for export-control and sanctions compliance.,https://www.malwarebytes.com/territory-notice; https://help.malwarebytes.com/hc/en-us/articles/31589614601499-Manage-payment-information-in-your-Malwarebytes-account; https://www.malwarebytes.com/pricing-a,2026-09,/en/payment-passport-malwarebytes,/pasport-oplaty-malwarebytes
mcafee-total-protection,McAfee Total Protection,security-vpn,https://www.mcafee.com/,Total Protection; current USD monthly price not reliably extracted,,card; local,other available methods,unknown,unknown,no,,Official legal terms refer to card or other payment types made available in the applicable market.,https://www.mcafee.com/en-us/antivirus/mcafee-total-protection.html; https://home.mcafee.com/root/aboutus.aspx?id=eula&culture=en-us,2026-09,/en/payment-passport-mcafee-total-protection,/pasport-oplaty-mcafee-total-protection
mozilla-vpn,Mozilla VPN,security-vpn,https://www.mozilla.org/products/vpn/,VPN subscription $4.99/month,4.99,card; paypal; apple_pay; google_pay; local,link,no,unknown,no,Russia is absent from Mozilla's official list of countries where Mozilla VPN can be subscribed.,Mozilla publishes a supported-country list; some listed countries can subscribe only on mobile.,https://support.mozilla.org/en-US/kb/mozilla-vpn-countries-available-subscribe; https://support.mozilla.org/en-US/kb/choose-mozilla-vpn-plan-right-you; https://www.mozilla.org/en-US/privacy/subscription-services/,2026-09,/en/payment-passport-mozilla-vpn,/pasport-oplaty-mozilla-vpn
mullvad-vpn,Mullvad VPN,security-vpn,https://mullvad.net/,VPN subscription approximately €5/month; USD equivalent not used,,card; paypal; bank_transfer; sepa; crypto; local,bitcoin cash; cash; monero; swish,unknown,unknown,yes,Mullvad says Russia blocks most Mullvad servers and that iOS app/in-app purchases were removed or disabled in Russia.,Mullvad documents multiple regional payment routes and a flat subscription price; iOS in-app purchase availability is region-dependent.,https://mullvad.net/en/pricing; https://mullvad.net/en/help/connecting-to-mullvad-vpn-from-restrictive-locations; https://mullvad.net/en/help/terms-service,2026-09,/en/payment-passport-mullvad-vpn,/pasport-oplaty-mullvad-vpn
nordvpn,NordVPN,security-vpn,https://nordvpn.com/,VPN plans from $12.99/month monthly; lower long-term offers are advertised,12.99,card; paypal; apple_pay; google_pay; amazon_pay; bank_transfer; crypto; local,local methods,unknown,yes,yes,NordVPN describes Roskomnadzor demands and Russia-related server restrictions; the evidence does not establish a complete service exit.,Payment methods and local payment options vary by country; the plan and tax country are selected during checkout.,https://support.nordvpn.com/hc/en-us/articles/19685782821265-What-payment-methods-does-NordVPN-accept; https://support.nordvpn.com/hc/en-us/articles/19744251757841/How-to-check-the-plans-and-prices-of-NordVPN; https://nordvpn.com/blog/nordvpn-servers-roskomnadzor-russia/,2026-09,/en/payment-passport-nordvpn,/pasport-oplaty-nordvpn
norton-360,Norton 360,security-vpn,https://us.norton.com/,Norton 360 Deluxe $119.99 first year,,card; paypal; apple_pay; google_pay; local,regional methods,no,unknown,no,Norton suspended all new sales of products and services in Russia and Belarus.,Payment methods and product offers are region-specific; Norton documents export-control restrictions.,https://support.norton.com/sp/en/home/current/solutions/v117675374; https://support.norton.com/sp/en/us/home/current/solutions/v20220310154540384; https://us.norton.com/products/norton-360-deluxe,2026-09,/en/payment-passport-norton-360,/pasport-oplaty-norton-360
panda-dome-premium,Panda Dome Premium,security-vpn,https://www.pandasecurity.com/,Panda Dome Premium; current monthly USD price not reliably extracted,,card; paypal,,unknown,unknown,no,,Offers and checkout are market-specific.,https://www.pandasecurity.com/en/homeusers/offers/,2026-09,/en/payment-passport-panda-dome-premium,/pasport-oplaty-panda-dome-premium
privadovpn,PrivadoVPN,security-vpn,https://www.privadovpn.com/,Unlimited VPN plan from $1.11/month on a displayed 24-month offer,1.11,card; local,crypto debit card; crypto wallet,unknown,unknown,yes,,Privado says payment processing is handled by a PCI DSS-compliant third party; the crypto option is documented through Coinbase integration.,https://www.privadovpn.com/pricing/; https://blog.privadovpn.com/privadovpn-announces-coinbase-integration/; https://support.privadovpn.com/kb/article/146-who-is-handling-your-payments-do-you-store-my-card-data/,2026-09,/en/payment-passport-privadovpn,/pasport-oplaty-privadovpn
private-internet-access,Private Internet Access,security-vpn,https://www.privateinternetaccess.com/,VPN monthly plan $11.95/month,11.95,card; paypal; gift_card; crypto,,unknown,yes,unknown,,Official payment pages conflict on current cryptocurrency availability; gift-card and prepaid options are documented.,https://helpdesk.privateinternetaccess.com/hc/en-us/articles/46701550179995-What-Payment-Methods-Do-You-Accept; https://helpdesk.privateinternetaccess.com/hc/en-us/articles/46565350547739/How-Do-I-Pay-with-Bitcoin; https://www.privateinternetaccess.com/,2026-09,/en/payment-passport-private-internet-access,/pasport-oplaty-private-internet-access
proton-pass,Proton Pass,security-vpn,https://proton.me/pass,Pass Plus plan; current USD monthly price not normalized,,card; paypal; apple_pay; google_pay; bank_transfer; crypto,,unknown,unknown,yes,Proton states it remains committed to serving users in Russia while sanctions and payment limitations may affect access.,Proton's general and Russia-specific payment documentation applies to Pass subscriptions.,https://proton.me/support/payment-options; https://proton.me/support/pay-russia; https://proton.me/pass/pricing,2026-09,/en/payment-passport-proton-pass,/pasport-oplaty-proton-pass
proton-vpn,Proton VPN,security-vpn,https://protonvpn.com/,VPN Plus plan; current USD monthly price not directly normalized here,,card; paypal; google_pay; bank_transfer; crypto; local,cash or account credit,unknown,unknown,yes,Proton says it remains committed to serving users in Russia while sanctions and access conditions can limit payment or availability.,Proton documents country-specific payment limitations and provides Russia-specific payment guidance.,https://protonvpn.com/support/payment-options; https://protonvpn.com/support/pay-russia; https://protonvpn.com/support/vpn-bitcoin-payments; https://protonvpn.com/pricing,2026-09,/en/payment-passport-proton-vpn,/pasport-oplaty-proton-vpn
purevpn,PureVPN,security-vpn,https://www.purevpn.com/,VPN long-term offers; current monthly USD plan not normalized,,card; paypal; crypto,,unknown,no,yes,,Official billing pages describe payment processors and region-dependent methods.,https://support.purevpn.com/en_US/billing/how-to-pay-for-purevpn-subscription; https://support.purevpn.com/en_US/subscription-faqs/payment-processors-refundable-non-refundable; https://www.purevpn.com/order,2026-09,/en/payment-passport-purevpn,/pasport-oplaty-purevpn
roboform,RoboForm,security-vpn,https://www.roboform.com/,Premium individual plan $2.49/month billed annually,2.49,card,,unknown,yes,no,,Billing help covers card and billing-information updates; app-store subscriptions cannot be gifted.,https://www.roboform.com/pricing-personal; https://help.roboform.com/hc/en-us/articles/360058827652-How-to-update-your-credit-card-or-billing-information; https://help.roboform.com/hc/en-us/articles/115003333228-How-can-I-buy-RoboForm-Premium-as-a-gift,2026-09,/en/payment-passport-roboform,/pasport-oplaty-roboform
sophos-home,Sophos Home,security-vpn,https://home.sophos.com/,Sophos Home Premium $59.99/year for up to 10 devices,,card; paypal,,no,unknown,no,"Sophos ceased operations, sales, support, and updates in Russia and Belarus.",Billing information is managed through the Sophos Home subscription account.,https://support.home.sophos.com/hc/en-us/articles/360022219792-How-to-change-or-review-your-billing-and-payment-information-for-Sophos-Home-Premium-subscriptions; https://support.home.sophos.com/hc/en-us/articles/4691260729748-Sophos-Home-Ceasing-Operations-in-the-Russian-Federation-and-Belarus,2026-09,/en/payment-passport-sophos-home,/pasport-oplaty-sophos-home
startmail,StartMail,security-vpn,https://www.startmail.com/,Personal plan $4.99/month billed annually,4.99,card; paypal; sepa; crypto; ideal,,no,unknown,yes,StartMail says its website and email servers are blocked from Russia and Belarus.,Payment options differ by plan and region; Bitcoin is documented for annual plans.,https://support.startmail.com/hc/en-us/categories/18091082771485-Payments; https://www.startmail.com/pricing; https://support.startmail.com/hc/en-us/articles/360007927038-Blocked-in-Russia,2026-09,/en/payment-passport-startmail,/pasport-oplaty-startmail
sticky-password,Sticky Password,security-vpn,https://www.stickypassword.com/,Premium password manager; current USD monthly price not directly verified,,card; paypal,,unknown,unknown,no,,Payment and consumer terms are governed by the official purchase and terms pages.,https://www.stickypassword.com/buy-premium; https://www.stickypassword.com/terms-and-conditions,2026-09,/en/payment-passport-sticky-password,/pasport-oplaty-sticky-password
surfshark,Surfshark,security-vpn,https://surfshark.com/,Starter VPN plan from $2.49/month on the longest term,2.49,card; paypal; crypto,,unknown,unknown,yes,,"Payment options vary by region; official support says ordinary gift cards are not generally accepted, with limited prepaid-card exceptions.",https://support.surfshark.com/hc/en-us/articles/360003069034-What-payment-options-do-you-offer; https://surfshark.com/vpn-with-bitcoin; https://surfshark.com/pricing,2026-09,/en/payment-passport-surfshark,/pasport-oplaty-surfshark
totalav,TotalAV,security-vpn,https://www.totalav.com/,TotalAV paid antivirus plans; current primary USD monthly price not normalized,,visa; mastercard; amex; discover,,unknown,unknown,no,,Official help lists accepted card networks; subscription pricing varies by market and promotion.,https://help.totalav.com/en/billing/-/accepted-payment-methods; https://dashboard.totalav.com/subscription-pricing-matrix,2026-09,/en/payment-passport-totalav,/pasport-oplaty-totalav
trend-micro-maximum-security,Trend Micro Maximum Security,security-vpn,https://www.trendmicro.com/,Maximum Security for 5 devices $74.95 for 12 months in the displayed US checkout,,card,,unknown,unknown,no,,Official shop and checkout are localized by country and currency.,https://shop.trendmicro.com/en_US/; https://checkout.trendmicro.com/en_us/?currency=USD&plan=nabu_mc_pss_24m_10_01; https://www.trendmicro.com/en_us/forHome/products/maximum-security.html,2026-09,/en/payment-passport-trend-micro-maximum-security,/pasport-oplaty-trend-micro-maximum-security
tunnelbear,TunnelBear,security-vpn,https://www.tunnelbear.com/,Unlimited VPN plan; current USD monthly price not directly verified,,card; app_store; google_play,,unknown,unknown,no,TunnelBear explains that it does not operate Russian servers because of local logging requirements; this does not by itself prove user access is unavailable.,Website purchases use card billing; app subscriptions use platform billing. PayPal is no longer offered directly.,https://help.tunnelbear.com/hc/en-us/articles/360059783972-What-payment-platforms-do-you-offer; https://help.tunnelbear.com/hc/en-us/articles/42924277775771-Can-I-tunnel-to-Russia,2026-09,/en/payment-passport-tunnelbear,/pasport-oplaty-tunnelbear
webroot,Webroot,security-vpn,https://www.webroot.com/,Webroot Essentials $49.99 annual offer,,card,,unknown,unknown,no,,Pricing and invoicing pages are localized by country.,https://www.webroot.com/products/pricing/; https://www.webroot.com/ca/en/business/pay-your-invoice,2026-09,/en/payment-passport-webroot,/pasport-oplaty-webroot
windscribe,Windscribe,security-vpn,https://windscribe.com/,Pro VPN plan $9/month,9.0,card; paypal; apple_pay; google_pay; amazon_pay; crypto; local,paymentwall,unknown,unknown,yes,,Official support lists payment providers and regional options; custom plans have a minimum purchase.,https://windscribe.com/knowledge-base/articles/what-type-of-payment-options-do-you-accept/; https://windscribe.com/knowledge-base/articles/which-cryptocurrencies-do-you-support; https://windscribe.com/knowledge-base/articles/how-much-does-windscribe-cost/,2026-09,/en/payment-passport-windscribe,/pasport-oplaty-windscribe
adidas,adidas,shopping,https://www.adidas.com,"Retail store/marketplace; pay per order, no subscription",,visa; mastercard; amex; paypal; gift_card,,no,yes,unknown,adidas closed its Russian stores and online sales in March 2022 (Reuters/Bloomberg).,Delivery and billing addresses may differ only if both are in the same country (regional help pages).,https://www.adidas.com/qa/en/help-page.html; https://www.adidas.com/bh/en/help-page.html; https://www.adidas.com/us/egift-card/GC2784.html; https://www.reuters.com/business/retail-consumer/adidas-expects-russia-hit-2022-china-recovery-2022-03-09/; https://www.bloomberg.com/news/articles/2022-03-08/adidas-follows-puma-nike-in-closing-stores-in-russian-market,2026-09,/en/payment-passport-adidas,/pasport-oplaty-adidas
alibaba-com,Alibaba.com,shopping,https://www.alibaba.com,"Retail store/marketplace; pay per order, no subscription",,visa; mastercard; paypal; apple_pay; bank_transfer; local,boleto; digital wallets; pay later; western union,unknown,unknown,unknown,No official Alibaba.com page documenting Russia buyer restrictions found.,,https://tradeassurance.alibaba.com/lp/buyer/ta/Payment.htm; https://buyer.alibaba.com/page/tradeassurance/buyer/story.html,2026-09,/en/payment-passport-alibaba-com,/pasport-oplaty-alibaba-com
aliexpress,AliExpress,shopping,https://www.aliexpress.com,"Retail store/marketplace; pay per order, no subscription",,,,partial,unknown,unknown,Separate localized platform aliexpress.ru operates for Russia; in May 2024 Alibaba-side restrictions were reported for Russian business while AliExpress Russia said payment and delivery on its platform continued as normal (Lenta.ru). Official global-site documentation of Russia availability not found.,,https://aliexpress.ru/; https://lenta.ru/news/2024/05/29/vladelets-aliexpress-uzhestochil-usloviya-dlya-rossiyskih-klientov-kak-eto-otrazitsya-na-pokupatelyah/,2026-09,/en/payment-passport-aliexpress,/pasport-oplaty-aliexpress
b-and-h-photo,B&H Photo,shopping,https://www.bhphotovideo.com,"Retail store/marketplace; pay per order, no subscription",,visa; mastercard; amex; discover; jcb; diners; unionpay; paypal; apple_pay; google_pay; bank_transfer; gift_card; local,check money order; paypal credit,unknown,yes,unknown,B&H ships worldwide with exceptions; Russia-specific status not documented on official page.,Import duties/taxes never included; some products blocked from shipping outside USA.,https://www.bhphotovideo.com/find/HelpCenter/Payments.jsp; https://www.bhphotovideo.com/a/giftcards/eGiftCard; https://www.bhphotovideo.com/find/HelpCenter/International.jsp,2026-09,/en/payment-passport-b-and-h-photo,/pasport-oplaty-b-and-h-photo
banggood,Banggood,shopping,https://www.banggood.com,"Retail store/marketplace; pay per order, no subscription",,paypal; local,cash on delivery selected countries,partial,unknown,unknown,Official help center lists Russian Federation among selectable shipping countries and an 'RU Warehouse'; warehouse-to-country availability varies per item.,,https://www.banggood.com/help_center/question_category.html?artid=1627&catid=289; https://ru.banggood.com/help_center/question_category.html; https://my.banggood.com/snapupprocess.html; https://www.banggood.com/help_center/question_category.html?catid=211,2026-09,/en/payment-passport-banggood,/pasport-oplaty-banggood
best-buy,Best Buy,shopping,https://www.bestbuy.com,"Retail store/marketplace; pay per order, no subscription",,gift_card,,no,yes,unknown,"BestBuy.com ships only within the 50 US states, US Virgin Islands, Guam and APO/FPO addresses (official terms).",Shipping limited to US addresses per terms.,https://www.bestbuy.com/site/help-topics/terms-and-conditions/pcmcat204400050067.c?id=pcmcat204400050067&intl=nosplash; https://www.bestbuy.com/site/shop/card-gifts,2026-09,/en/payment-passport-best-buy,/pasport-oplaty-best-buy
cult-beauty,Cult Beauty,shopping,https://www.cultbeauty.com,"Retail store/marketplace; pay per order, no subscription",,visa; mastercard; amex; paypal; amazon_pay; gift_card; klarna; bnpl; local,clearpay,no,yes,unknown,Official delivery page for Russia marked 'TEMPORARILY UNAVAILABLE'.,Clearpay only for UK residents with UK billing address; contracting entity depends on currency.,https://www.cultbeauty.com/c/info/terms-and-conditions/; https://www.cultbeauty.com/p/customer-gift-voucher/cult-beauty-gift-e-voucher-25/13466896/; https://www.cultbeauty.com/c/info/clearpay/; https://www.cultbeauty.com/c/info/delivery-information/europe/russia/,2026-09,/en/payment-passport-cult-beauty,/pasport-oplaty-cult-beauty
decathlon,Decathlon,shopping,https://www.decathlon.com,"Retail store/marketplace; pay per order, no subscription",,visa; mastercard; paypal; gift_card,,no,yes,unknown,Decathlon suspended activities and closed its stores in Russia in 2022 (Reuters); national sites generally do not ship internationally.,Customer must provide accurate billing information (US terms).,https://www.decathlon.com/pages/terms-of-sale; https://www.decathlon.com/pages/terms-conditions-decathlon-gift-cards; https://www.decathlon.com/pages/terms-of-use; https://www.reuters.com/business/retail-consumer/french-sportswear-retailer-decathlon-suspends-activities-russia-2022-03-29/; https://www.decathlon.in/support/89/does-decathlon-ship-internationally,2026-09,/en/payment-passport-decathlon,/pasport-oplaty-decathlon
depop,Depop,shopping,https://www.depop.com,"Retail store/marketplace; pay per order, no subscription",,visa; mastercard; paypal; apple_pay,,partial,unknown,unknown,Depop sanctions policy (as Etsy subsidiary) restricts certain activities including exportation of certain items to Russia and Belarus.,,https://sellers.depop.com/SellerHandbook_UK_Digital_June2020.pdf; https://depophelp.zendesk.com/hc/en-gb/articles/11935414206353-Sanctions-Policy,2026-09,/en/payment-passport-depop,/pasport-oplaty-depop
dhgate,DHgate,shopping,https://www.dhgate.com,"Retail store/marketplace; pay per order, no subscription",,visa; mastercard; paypal; bank_transfer; local,western union,partial,unknown,unknown,Official seller logistics tables still list Russia as a served (remote) destination with committed delivery times; no buyer-facing Russia restriction page found.,Payment may be denied when billing address does not match card (official blog).,https://seller.dhgate.com/html/helpfile_en/help-32.htm; https://www.dhgate.com/blog/solutions-for-payment-failure/; https://seller.dhgate.com/help/c9401/525801.html,2026-09,/en/payment-passport-dhgate,/pasport-oplaty-dhgate
end-clothing,END. Clothing,shopping,https://www.endclothing.com,"Retail store/marketplace; pay per order, no subscription",,visa; mastercard; amex; discover; jcb; diners; maestro; paypal; apple_pay; google_pay; gift_card; alipay; klarna; ideal; local,afterpay clearpay,unknown,yes,unknown,No official END. page documenting Russia shipping status found.,Available payment methods depend on shipping country (terms).,https://www.endclothing.com/eu/terms-and-conditions; https://www.endclothing.com/us/gift-card.html; https://www.endclothing.com/gb/gift-card.html,2026-09,/en/payment-passport-end-clothing,/pasport-oplaty-end-clothing
farfetch,Farfetch,shopping,https://www.farfetch.com,"Retail store/marketplace; pay per order, no subscription",,visa; mastercard; amex; discover; jcb; diners; maestro; paypal; apple_pay; crypto; alipay; wechat_pay; klarna; bnpl; ideal; local,boleto; tamara,no,unknown,yes,Farfetch paused shipping to Russia in March 2022 (Vogue Business); Russia not among listed delivery destinations in official FAQ.,"Payment taken at order for debit card, crypto and PayPal; DDP/DAP destination lists in FAQ.",https://www.farfetch.com/faqs/; https://www.farfetch.com/uk/faqs/; https://www.farfetch.com/payment-and-pricing/; https://www.vogue.com/article/luxury-retailers-matchesfashion-mytheresa-farfetch-dhl-and-fedex-halt-shipping-to-russia,2026-09,/en/payment-passport-farfetch,/pasport-oplaty-farfetch
goat,GOAT,shopping,https://www.goat.com,"Retail store/marketplace; pay per order, no subscription",,visa; mastercard; amex; discover; jcb; paypal; apple_pay; google_pay; gift_card; alipay; klarna; bnpl; local,zip,unknown,yes,unknown,No official GOAT page documenting Russia shipping status found.,Billing information must match what is on file with issuing bank; tax based on shipping address.,https://support.goat.com/hc/en-us/articles/115004610327-What-payment-options-do-you-accept; https://support.goat.com/hc/en-us/articles/11110450765197-What-are-GOAT-Gift-Cards; https://www.goat.com/en-ca/returns,2026-09,/en/payment-passport-goat,/pasport-oplaty-goat
grailed,Grailed,shopping,https://www.grailed.com,"Retail store/marketplace; pay per order, no subscription",,bnpl,,unknown,unknown,unknown,No official Grailed page documenting Russia status found.,Purchases may fail on wrong billing zip code (help center).,https://support.grailed.com/hc/en-us/articles/30298773864077-What-is-Affirm-and-how-does-it-work; https://support.grailed.com/hc/en-us/articles/33919770120589-I-m-having-issues-purchasing-What-do-I-do,2026-09,/en/payment-passport-grailed,/pasport-oplaty-grailed
h-and-m,H&M,shopping,https://www2.hm.com,"Retail store/marketplace; pay per order, no subscription",,visa; mastercard; jcb; unionpay; google_pay; gift_card; local,regional wallets bnpl,no,yes,unknown,H&M Group announced exit from Russia in July 2022; all Russian stores closed Nov 2022 (Reuters).,Market sites require in-market delivery and billing addresses (e.g. Thailand); gift cards usable only in country purchased.,https://th.hm.com/th_en/customer-service/payments-info.html; https://th.hm.com/th_en/customer-service/online-shopping.html; https://www2.hm.com/en_gb/customer-service/gift-card/gift-card.html; https://hmgroup.com/news/hm-group-takes-steps-to-exit-russia/; https://www.reuters.com/world/europe/russians-visit-hm-last-time-retailer-closes-stores-good-2022-11-30/,2026-09,/en/payment-passport-h-and-m,/pasport-oplaty-h-and-m
iherb,iHerb,shopping,https://www.iherb.com,"Retail store/marketplace; pay per order, no subscription",,visa; mastercard; amex; discover; paypal; apple_pay; google_pay; gift_card; local,klarna bnpl,no,yes,unknown,"iHerb Russia site states shipping orders and processing payments have been severely impacted by banking restrictions, sanctions and airspace restrictions; Rewards program for Russia suspended; RBC reported iHerb stopped accepting new orders from Russia in Feb 2022.",Saved card billing address can be edited in account; e-gift cards launched for US shoppers.,https://information.iherb.com/hc/en-us/articles/360051735232-Available-Payment-Methods; https://www.iherb.com/lp/gift-cards; https://www.iherb.com/pressreleases/iherb-egift-cards/1653; https://information.iherb.com/hc/en-us/articles/360041643872-Can-I-Save-Change-or-Delete-My-Payment-Information; https://ru.iherb.com/c/vitacost; https://www.rbc.ru/business/25/02/2022/621810029a794760bfd86140,2026-09,/en/payment-passport-iherb,/pasport-oplaty-iherb
ikea,IKEA,shopping,https://www.ikea.com,"Retail store/marketplace; pay per order, no subscription",,visa; mastercard; amex; discover; paypal; apple_pay; google_pay; gift_card; bnpl,,no,yes,unknown,"IKEA paused all retail operations in Russia in March 2022; Ingka sold its Russian MEGA malls in 2023 and no longer has operational business there (IKEA newsroom, Reuters).",IKEA US website does not accept cards with a foreign billing address (phone orders only).,https://www.ikea.com/us/en/customer-service/knowledge/articles/5e9e2dc9-f12e-4c1b-g129-e65bee160dbe.html; https://www.ikea.com/us/en/customer-service/gift-cards-pub3d1efe50/; https://www.ikea.com/us/en/customer-service/knowledge/articles/9349bc7g-d364-4060-9190-0f66d16d054f.html; https://www.ikea.com/global/en/newsroom/corporate/ikea-pauses-operations-in-russia-and-belarus-220303/; https://www.reuters.com/markets/deals/gazprombank-buys-ikea-stores-owner-ingkas-russian-shopping-centres-2023-09-28/,2026-09,/en/payment-passport-ikea,/pasport-oplaty-ikea
jd-com,JD.com,shopping,https://www.jd.com,"Retail store/marketplace; pay per order, no subscription",,unionpay; bank_transfer; gift_card; local,cash on delivery; installments; online bank payment,no,yes,unknown,JD closed its cross-border B2C sites Joybuy.com and jd.ru on 9 Dec 2021 (Jiemian); mainland JD.com is a domestic China platform.,,https://help.jd.com/o/help/question-334.html; https://help.jd.com/user/issue/231-258.html; https://mall.jd.com/index-1000125422.html?from=pc; https://www.jiemian.com/article/6850380.html,2026-09,/en/payment-passport-jd-com,/pasport-oplaty-jd-com
joom,Joom,shopping,https://www.joom.com,"Retail store/marketplace; pay per order, no subscription",,local,joom points,unknown,unknown,unknown,No official documentation of current Russia availability found.,Joom states it does not itself provide payment services and uses designated payment service providers.,https://www.joom.com/en/faq/article/67ceb98230b8411f44809824; https://merchant.joom.com/merchant/terms/2026-03-30,2026-09,/en/payment-passport-joom,/pasport-oplaty-joom
lego,LEGO,shopping,https://www.lego.com,"Retail store/marketplace; pay per order, no subscription",,visa; mastercard; amex; discover; unionpay; paypal; apple_pay; gift_card; klarna,,no,yes,unknown,"LEGO paused shipments of products to Russia (official statement, March 2022).",Billing address must match card's billing address; Amex/Discover only in US and Canada.,https://www.lego.com/en-us/page/payment-methods; https://www.lego.com/en-us/service/help-topics/article/payment-methods-we-accept; https://www.lego.com/en-us/gift-cards/buy; https://www.lego.com/en-us/aboutus/news/2022/march/statement-on-ukraine-russia,2026-09,/en/payment-passport-lego,/pasport-oplaty-lego
levi-s,Levi's,shopping,https://www.levi.com,"Retail store/marketplace; pay per order, no subscription",,visa; mastercard; amex; discover; paypal; apple_pay; google_pay; gift_card; bnpl; venmo,,no,yes,unknown,"Levi Strauss & Co. suspended commercial operations in Russia in March 2022 (official release, Reuters).","Billing name, address and phone must match the card; mismatched orders may be cancelled (US payment policy).",https://www.levi.com/US/en_US/legal/payment-policy; https://help.levi.com/hc/en-us/articles/46225545686797-What-Kind-of-Payment-Does-Levi-com-Accept; https://www.levi.com/US/en_US/gift-cards; https://investors.levistrauss.com/news/financial-news/news-details/2022/Levi-Strauss--Co.-Announces-More-Than-300000-in-Humanitarian-Aid-for-Refugees-in-Eastern-Europe-and-a-Temporary-Suspension-of-Commercial-Operations-in-Russia/default.aspx; https://www.reuters.com/article/business/levi-strauss-suspends-commercial-operations-in-russia-idUSL3N2VA2W4/,2026-09,/en/payment-passport-levi-s,/pasport-oplaty-levi-s
lookfantastic,Lookfantastic,shopping,https://www.lookfantastic.com,"Retail store/marketplace; pay per order, no subscription",,visa; mastercard; amex; paypal; gift_card; local,clearpay,unknown,yes,unknown,Russia not found in the visible official international delivery list; a lookfantastic.ru domain exists.,Clearpay only for UK residents with UK billing address; contracting entity depends on currency (terms).,https://eu.lookfantastic.com/c/info/clearpay/; https://www.lookfantastic.com/p/15861510/; https://www.lookfantastic.com/c/info/terms-conditions/; https://www.lookfantastic.com/c/info/international-delivery/,2026-09,/en/payment-passport-lookfantastic,/pasport-oplaty-lookfantastic
lululemon,Lululemon,shopping,https://shop.lululemon.com,"Retail store/marketplace; pay per order, no subscription",,visa; mastercard; amex; paypal; apple_pay; google_pay; gift_card; klarna; bnpl; local,prepaid cards,no,yes,unknown,Russia is not in lululemon's official ship-to country lists (EU site).,"Afterpay/Klarna require US/Canada billing address, card and phone; EU site ships only to listed countries.",https://shop.lululemon.com/help/payments/methods; https://shop.lululemon.com/help/payments/gift-cards; https://shop.lululemon.com/help/payments/klarna-and-afterpay; https://www.eu.lululemon.com/en-lu/shipping-and-deliveries/shippingdeliveries.html,2026-09,/en/payment-passport-lululemon,/pasport-oplaty-lululemon
macy-s,Macy's,shopping,https://www.macys.com,"Retail store/marketplace; pay per order, no subscription",,visa; mastercard; amex; discover; paypal; apple_pay; google_pay; gift_card; klarna; local,paze,no,yes,unknown,International shipping paused since 17 Dec 2025; orders require US billing and delivery addresses (official page).,Currently orders only with U.S. billing and delivery addresses.,https://www.macys.com/customer-service/articles/which-payment-methods-can-i-use-for-my-macyscom-purchases; https://www.macys.com/shop/gift-guide/gift-cards?id=1405; https://www.macys.com/customer-service/articles/about-international-orders,2026-09,/en/payment-passport-macy-s,/pasport-oplaty-macy-s
myprotein,Myprotein,shopping,https://www.myprotein.com,"Retail store/marketplace; pay per order, no subscription",,visa; mastercard; amex; paypal; gift_card,,partial,yes,unknown,"Official myprotein.ru delivery page describes delivery to Russia from the UK via Skynet/Pony Express and Boxberry; page appears dated (COVID-era text), current status unverified.",Card/PayPal account must belong to the customer; cardholders subject to issuer validation (terms).,https://us.myprotein.com/c/customer-services/terms-and-conditions/; https://au.myprotein.com/c/customer-services/terms-and-conditions/; https://www.myprotein.com/p/protein-accessories/myprotein-gift-card-10/10879648/; https://www.myprotein.ru/c/customer-services/delivery-information/,2026-09,/en/payment-passport-myprotein,/pasport-oplaty-myprotein
mytheresa,Mytheresa,shopping,https://www.mytheresa.com,"Retail store/marketplace; pay per order, no subscription",,visa; mastercard; amex; discover; diners; unionpay; paypal; gift_card,,no,yes,unknown,Mytheresa paused shipping to Russia in March 2022 (Vogue Business).,"Credit cards accepted for all countries, subject to country-specific methods (FAQ).",https://www.mytheresa.com/us/en/customer-care/payment; https://www.mytheresa.com/us/en/customer-care/gift-card; https://www.mytheresa.com/us/en/customer-care/faq; https://www.vogue.com/article/luxury-retailers-matchesfashion-mytheresa-farfetch-dhl-and-fedex-halt-shipping-to-russia,2026-09,/en/payment-passport-mytheresa,/pasport-oplaty-mytheresa
net-a-porter,NET-A-PORTER,shopping,https://www.net-a-porter.com,"Retail store/marketplace; pay per order, no subscription",,visa; mastercard; amex; jcb; maestro; paypal; apple_pay; local,store credit,no,no,unknown,Official en-ru site states new orders are suspended until further notice.,,https://www.net-a-porter.com/en-us/content/help/payment/; https://www.net-a-porter.com/en-us/content/gift-cards/; https://www.net-a-porter.com/en-ru/content/gift-cards/,2026-09,/en/payment-passport-net-a-porter,/pasport-oplaty-net-a-porter
newegg,Newegg,shopping,https://www.newegg.com,"Retail store/marketplace; pay per order, no subscription",,visa; mastercard; amex; discover; paypal; gift_card; crypto,,partial,yes,yes,Newegg Global page lists Russia as a shipping destination with duties/VAT unpaid by Newegg; current order availability not separately confirmed.,Major credit cards accepted internationally; PayPal in most countries (Newegg Global).,https://www.newegg.com/bitcoinaccepted; https://www.newegg.com/p/N82E16888891002; https://promotions.newegg.com/international/global/index.html,2026-09,/en/payment-passport-newegg,/pasport-oplaty-newegg
nike,Nike,shopping,https://www.nike.com,"Retail store/marketplace; pay per order, no subscription",,visa; mastercard; amex; discover; diners; maestro; paypal; apple_pay; google_pay; gift_card; klarna; local,visa electron,no,yes,unknown,Nike halted sales via website and app in Russia in March 2022 (Bloomberg).,Terms of Sale: only cards issued in countries/territories selectable at checkout are accepted; card must be in purchaser's name.,https://www.nike.com/no/en/help/a/payment-options; https://agreementservice.svs.nike.com/rest/agreement?agreementType=TermsOfSale&country=JP&language=en&requestType=redirect&uxId=default; https://www.nike.com/gift-cards; https://www.bloomberg.com/news/articles/2022-03-01/nike-temporarily-halts-sales-in-russia-via-website-app,2026-09,/en/payment-passport-nike,/pasport-oplaty-nike
notino,Notino,shopping,https://www.notino.com,"Retail store/marketplace; pay per order, no subscription",,visa; mastercard; paypal; apple_pay; google_pay; klarna,,no,unknown,unknown,Notino switched off ordering and delivery for the Russian Federation in Feb 2022 (Seznam Zprávy interview with Notino).,,https://www.notino.co.uk/shipping-info/; https://i.notino.com/files/17/terms_and_conditions_uk.pdf; https://www.seznamzpravy.cz/clanek/ekonomika-firmy-rusky-e-shop-jsme-vypnuli-rika-nejvetsi-cesky-prodejce-kosmetiky-190094,2026-09,/en/payment-passport-notino,/pasport-oplaty-notino
poshmark,Poshmark,shopping,https://poshmark.com,"Retail store/marketplace; pay per order, no subscription",,visa; mastercard; amex; discover; paypal; apple_pay; google_pay; gift_card; venmo,,no,yes,unknown,Poshmark operates only in the US and Canada after closing UK/Australia/India marketplaces in Oct 2023 (official blog).,,https://poshmark.com/posh_guide/how_to_change_payment_info; https://poshmark.com/gift-cards; https://blog.poshmark.com/2023/10/19/a-letter-from-the-ceo-an-update-on-international-marketplaces/,2026-09,/en/payment-passport-poshmark,/pasport-oplaty-poshmark
rakuten,Rakuten (Rakuten Global Express),shopping,https://globalexpress.rakuten.co.jp,"Retail store/marketplace; pay per order, no subscription",,visa; mastercard; paypal; local,rakuten points,no,yes,unknown,Rakuten Global Express suspended all shipment methods to Russia (Jan 2022 notice); Russia country page states no shipping methods available.,Some Rakuten shops accept only Japan-issued cards; proxy payment service offered.,https://globalexpress.rakuten.co.jp/help/payment; https://giftcard.cash.rakuten.co.jp/; https://globalexpress.rakuten.co.jp/faq/detail?id=146&lang=en; https://globalexpress.rakuten.co.jp/information?lang=en; https://globalexpress.rakuten.co.jp/help/country/detail?country=RU&lang=en,2026-09,/en/payment-passport-rakuten,/pasport-oplaty-rakuten
samsung-shop,Samsung Shop,shopping,https://www.samsung.com,"Retail store/marketplace; pay per order, no subscription",,visa; mastercard; amex; discover; paypal; google_pay; amazon_pay; klarna; bnpl; venmo; local,samsung pay,no,unknown,unknown,samsung.com/ru states products are currently unavailable to order; Samsung suspended shipments to Russia in March 2022 (Reuters).,US store: card billing address must be in the contiguous United States.,https://order-help.us.samsung.com/articles/payments/how-can-i-pay/669e317679828c791e799f6a; https://www.samsung.com/ru/delivery/; https://www.reuters.com/technology/samsung-elec-says-shipments-russia-suspended-donating-6-mln-aid-2022-03-04/,2026-09,/en/payment-passport-samsung-shop,/pasport-oplaty-samsung-shop
sephora,Sephora,shopping,https://www.sephora.com,"Retail store/marketplace; pay per order, no subscription",,visa; mastercard; amex; discover; paypal; apple_pay; gift_card; klarna; venmo,,no,yes,unknown,"Sephora (LVMH) sold its Russian subsidiary in 2022, exiting Russia (LVMH release, Bloomberg).",Billing address must exactly match the card's billing address (US billing help).,https://www.sephora.com/beauty/payment-methods; https://www.sephora.com/beauty/giftcards; https://www.sephora.com/beauty/billing; https://www.lvmh.com/en/publications/sephora-enters-into-an-agreement-for-the-sale-of-100-of-the-shares-of-its-subsidiary-in-russia; https://www.bloomberg.com/news/articles/2022-07-11/lvmh-s-beauty-retailer-sephora-announces-permanent-russia-exit,2026-09,/en/payment-passport-sephora,/pasport-oplaty-sephora
shein,SHEIN,shopping,https://www.shein.com,"Retail store/marketplace; pay per order, no subscription",,visa; mastercard; amex; discover; paypal; gift_card; klarna; bnpl; venmo; local,cash app pay,partial,yes,unknown,SHEIN's Russian storefront announced on 10 March 2022 that no payment channels were available to support transactions (statement quoted by FederalPress); current official status not documented.,Billing address information is required for card payment (official payment page). Gift cards limited to non-marketplace items.,https://m.shein.com/us/Payment-Method-a-278.html; https://eur.shein.com/How-to-Pay-a-278.html; https://m.shein.com/us/giftcard.html; https://fedpress.ru/news/25/society/2953425,2026-09,/en/payment-passport-shein,/pasport-oplaty-shein
ssense,SSENSE,shopping,https://www.ssense.com,"Retail store/marketplace; pay per order, no subscription",,visa; mastercard; paypal; alipay; klarna,,no,unknown,unknown,Official shipping page: SSENSE is unable to fulfil new orders to Russia until further notice.,,https://www.ssense.com/en-us/customer-service/payment-info; https://www.ssense.com/en-us/customer-service/shipping,2026-09,/en/payment-passport-ssense,/pasport-oplaty-ssense
stockx,StockX,shopping,https://stockx.com,"Retail store/marketplace; pay per order, no subscription",,visa; mastercard; amex; discover; jcb; unionpay; paypal; apple_pay; google_pay; gift_card; alipay; wechat_pay; ideal; local,cash app pay; kakaopay; stockx balance,unknown,yes,unknown,StockX publishes an eligible-countries list; Russia's status not confirmed from official pages retrieved.,Gift cards only US/UK/DE/FR/NL/IT and must match account currency; StockX Balance requires US billing address.,https://stockx.com/help/articles/how-do-i-pay-for-an-item-on-stockx; https://stockx.com/help/articles/how-do-i-buy-or-use-stockx-gift-cards; https://stockx.com/help/en-GB/articles/what-is-stockx-balance/lI8xcPGxQAmAcCcLN-1hyw; https://stockx.com/help/articles/where-do-i-have-to-live-to-buy-and-sell-on-stockx,2026-09,/en/payment-passport-stockx,/pasport-oplaty-stockx
taobao,Taobao,shopping,https://world.taobao.com,"Retail store/marketplace; pay per order, no subscription",,visa; mastercard; jcb; alipay,,unknown,unknown,unknown,No official Taobao page documenting Russia availability found.,,https://world.taobao.com/markets/all/payment_tw; https://www.taobao.com/market/tw/help/creditcard.php,2026-09,/en/payment-passport-taobao,/pasport-oplaty-taobao
target,Target,shopping,https://www.target.com,"Retail store/marketplace; pay per order, no subscription",,visa; mastercard; amex; discover; paypal; apple_pay; gift_card; klarna; bnpl; local,cash app pay; sezzle; target circle card; zip,no,yes,unknown,US-only retailer; no international/Russia shipping offered.,Accepts credit cards from foreign banks (official payment page).,https://www.target.com/help/articles/payment-options/accepted-payment-options; https://www.target.com/help/articles/gift-cards/prepaid-gift-cards,2026-09,/en/payment-passport-target,/pasport-oplaty-target
temu,Temu,shopping,https://www.temu.com,"Retail store/marketplace; pay per order, no subscription",,visa; mastercard; amex; discover; jcb; diners; maestro; paypal; apple_pay; google_pay; local,bnpl klarna afterpay affirm; temu credit,unknown,unknown,unknown,No official Temu page documenting Russia availability was found.,Card billing address is collected with card details; payment may fail if card info/billing address do not match (Temu support).,https://www.temu.com/ca/support/c3/what-payment---accept-f-56-s-140.html; https://www.temu.com/ca/support/c3/why-has-my-payment---f-56-s-145.html,2026-09,/en/payment-passport-temu,/pasport-oplaty-temu
trendyol,Trendyol,shopping,https://www.trendyol.com,"Retail store/marketplace; pay per order, no subscription",,visa; mastercard; paypal; apple_pay; google_pay; local,cash on delivery; tabby; tamara; trendyol coin,no,unknown,unknown,"Trendyol storefronts are limited to Türkiye, Germany, Gulf and CEE countries (official developer docs); Russia is not a storefront.",Payment methods vary per storefront (KSA/UAE lists).,https://developers.trendyol.com/v3.0/docs/4-frequently-asked-questions; https://developers.trendyol.com/v3.0/docs/5-regions-and-store-front-codes,2026-09,/en/payment-passport-trendyol,/pasport-oplaty-trendyol
uniqlo,UNIQLO,shopping,https://www.uniqlo.com,"Retail store/marketplace; pay per order, no subscription",,visa; mastercard; amex; maestro; paypal; apple_pay; google_pay; gift_card; klarna; ideal; local,visa electron,no,yes,unknown,Fast Retailing suspended UNIQLO Russia operations in March 2022; status unchanged per May 2023 statement.,Billing address must be registered in a deliverable country (EU/UK); Canada requires billing address to match card statement.,https://faq-eu.uniqlo.com/articles/en_US/FAQ/Which-forms-of-payment-do-you-accept-EU; https://faq-uk.uniqlo.com/articles/en_US/FAQ/Which-forms-of-payment-do-you-accept; https://www.uniqlo.com/eu/en/special-feature/gift-card; https://www.fastretailing.com/eng/ir/news/2203101800.html; https://www.fastretailing.com/eng/group/news/2305241600.html,2026-09,/en/payment-passport-uniqlo,/pasport-oplaty-uniqlo
vinted,Vinted,shopping,https://www.vinted.com,"Retail store/marketplace; pay per order, no subscription",,visa; mastercard; amex; discover; jcb; diners; apple_pay; google_pay; local,prepaid cards; vinted wallet,no,unknown,unknown,"Official help: Vinted cannot be accessed from Russia (and Belarus) under its sanctions policy, including browsing, buying and selling.",,https://www.vinted.com/help/94-payment-methods; https://www.vinted.com/help/1416-using-vinted-from-sanctioned-countries,2026-09,/en/payment-passport-vinted,/pasport-oplaty-vinted
vitacost,Vitacost,shopping,https://www.vitacost.com,"Retail store/marketplace; pay per order, no subscription",,visa; mastercard; paypal; apple_pay,,unknown,unknown,unknown,Vitacost has an international FAQ page for Russia but its content could not be verified.,,https://www.vitacost.com/pages/contact; https://www.vitacost.com/international-faqs-russia,2026-09,/en/payment-passport-vitacost,/pasport-oplaty-vitacost
walmart,Walmart,shopping,https://www.walmart.com,"Retail store/marketplace; pay per order, no subscription",,gift_card,,no,yes,unknown,US-focused retailer; Walmart.com does not ship to Russia (no international consumer shipping documented).,,https://www.walmart.com/cp/gift-cards/96894,2026-09,/en/payment-passport-walmart,/pasport-oplaty-walmart
wish,Wish,shopping,https://www.wish.com,"Retail store/marketplace; pay per order, no subscription",,visa; mastercard; amex; discover; gift_card; klarna; bnpl,,unknown,yes,unknown,Wish exited 79 destination countries effective 1 March 2022 (official merchant blog); Russia's inclusion not confirmed from the visible list.,,https://cs-help.wish.com/hc/en-us/articles/8510108306327-Installment-payment-options; https://cs-help.wish.com/hc/en-us/articles/360038875074-How-do-I-redeem-my-Wish-Gift-Card; https://merchantfaq.wish.com/hc/en-us/articles/4416217782299-Destination-Countries-Regions-Where-Wish-Does-Not-Support-Purchases; https://merchantblog.wish.com/wish-focuses-on-growth-markets,2026-09,/en/payment-passport-wish,/pasport-oplaty-wish
xiaomi-store,Xiaomi Store,shopping,https://www.mi.com,"Retail store/marketplace; pay per order, no subscription",,visa; mastercard; amex; diners; paypal; gift_card; klarna; local,net banking upi india,yes,yes,unknown,Official mi.com/ru store lists delivery across Russian regions via DPD (excluding Crimea).,Payment methods are set per country store (e.g. India cards issued by Indian banks; HK via PayPal).,https://www.mi.com/in/service/paymentfaq; https://www.mi.com/uk/service/support/payment.html; https://www.mi.com/in/giftcard/introduce; https://www.mi.com/ru/service/support/shipping.html; https://www.mi.com/ru/,2026-09,/en/payment-passport-xiaomi-store,/pasport-oplaty-xiaomi-store
yoox,YOOX,shopping,https://www.yoox.com,"Retail store/marketplace; pay per order, no subscription",,visa; mastercard; paypal; local,cash on delivery,no,unknown,unknown,YOOX suspended delivery to Russia in March 2022 (AdIndex); a Russian-language storefront remains online.,,https://www.yoox.com/fi/Footer/SecurePayments; https://www.yoox.com/Footer/Countries?hasAbsoluteUrl=False; https://adindex.ru/news/digital/2022/03/1/303069.phtml,2026-09,/en/payment-passport-yoox,/pasport-oplaty-yoox
zalando,Zalando,shopping,https://www.zalando.com,"Retail store/marketplace; pay per order, no subscription",,visa; mastercard; paypal; invoice; gift_card; local,advance payment,no,yes,unknown,Zalando operates only in listed European countries; Russia is not a served market.,Terms: payments accepted only from accounts within the European Union.,https://en.zalando.de/zalando-terms/; https://en.zalando.de/giftvouchers/; https://www.zalando.com/faq/what-are-my-payment-options.html,2026-09,/en/payment-passport-zalando,/pasport-oplaty-zalando
zara,Zara,shopping,https://www.zara.com,"Retail store/marketplace; pay per order, no subscription",,visa; mastercard; gift_card; local,installments; regional methods,no,yes,unknown,"Inditex halted trading in Russia, closing stores and online platform in March 2022 (Reuters).",Shipping and billing addresses must be in the same market/region; gift cards usable only in market where purchased.,https://www.zara.com/us/en/help-center/PaymentMethods; https://www.zara.com/us/en/help-center/GiftCard; https://www.zara.com/ww/en/help-center/OnlinePurchases; https://www.reuters.com/business/retail-consumer/zara-owner-inditex-halts-trading-russia-closing-stores-online-platform-2022-03-05/,2026-09,/en/payment-passport-zara,/pasport-oplaty-zara
accor-all,Accor ALL,travel,https://all.accor.com,Pay-per-stay; loyalty programme free,,visa; mastercard; amex; gift_card,,partial,yes,unknown,Accor halted new Russia developments in 2022 while keeping existing hotels open.,ALL gift cards payable by Visa and Mastercard only.,https://all.accor.com/a/en/information/internet-sales-conditions.html; https://all.accor.com/a/en/information/frequently-asked-questions-giftcard.html; https://www.bloomberg.com/news/articles/2022-03-09/accor-halts-future-russia-projects-while-keeping-hotels-open,2026-09,/en/payment-passport-accor-all,/pasport-oplaty-accor-all
air-france,Air France,travel,https://www.airfrance.com,Pay-per-ticket,,visa; mastercard; amex; discover; jcb; diners; maestro; paypal; apple_pay; google_pay; bank_transfer; alipay; wechat_pay; ideal; local,fpx; kakaopay; pix; trustly; uatp; visa electron; wero,no,unknown,unknown,Suspended all flights to/from Russia and Russian overflights from 27 Feb 2022 until further notice.,Payment page: bank transfer availability depends on country/region and booking lead time.,https://russia.airfrance.com/en/information/legal/moyens-de-paiement; https://www.euronews.com/2022/02/28/us-ukraine-crisis-france-air-france; https://www.reuters.com/business/aerospace-defense/europe-moves-close-its-skies-russian-planes-2022-02-27/,2026-09,/en/payment-passport-air-france,/pasport-oplaty-air-france
air-serbia,Air Serbia,travel,https://www.airserbia.com,Pay-per-ticket,,visa; mastercard; amex; gift_card,,yes,yes,unknown,"Operates Belgrade-Russia flights (Moscow, Sochi, etc.).",Payments applied in currency of the selected country of residence on airserbia.com.,https://www.airserbia.com/en/explore/services/gift-voucher; https://www.airserbia.com/en/flights-to-russian-federation; https://blog.airserbia.com/en/flights-from-belgrade-to-russian-federation,2026-09,/en/payment-passport-air-serbia,/pasport-oplaty-air-serbia
airasia,AirAsia,travel,https://www.airasia.com,Pay-per-ticket,,visa; mastercard; amex; jcb; unionpay; alipay; wechat_pay; local,internet banking,unknown,yes,unknown,,Support pages: payment methods depend on booking currency.,https://support.airasia.com/s/article/AirAsia-Gifts-Frequently-Asked-Questions?language=id_ID; https://www.airasia.com/aa/rewards/en/gb/terms-and-conditions.html,2026-09,/en/payment-passport-airasia,/pasport-oplaty-airasia
avis,Avis,travel,https://www.avis.com,Pay-per-rental,,visa; mastercard; amex; discover; jcb; diners; unionpay; local,avis charge card,no,yes,unknown,Avis suspended all car rentals in Russia from 11 March 2022 (Autonews/RBC).,Prepaid debit/gift cards not accepted as credit identification at pick-up; gift certificates sold by phone (US).,https://www.avis.com/en/help/usa-faqs/rental-requirements; https://www.avis.com/en/customer-service/faqs/usa/customer-service; https://www.autonews.ru/news/624b12659a794700f84f2557,2026-09,/en/payment-passport-avis,/pasport-oplaty-avis
blablacar,BlaBlaCar,travel,https://www.blablacar.com,Pay-per-ride (carpool booking fee / bus tickets),,visa; mastercard; amex; paypal,,yes,unknown,unknown,Operates a Russian site (blablacar.ru) with Russian routes.,,https://legal.blablacar.com/en-gb/general-conditions-of-sale-bus/; https://www.blablacar.ru/,2026-09,/en/payment-passport-blablacar,/pasport-oplaty-blablacar
bolt,Bolt,travel,https://bolt.eu,Pay-per-ride,,visa; mastercard; local,mpesa,no,unknown,unknown,Bolt states it ceased operating in Russia (ERR).,,https://bolt.eu/en/support/sections/360001742379/; https://bolt.eu/en/support/articles/95002/; https://news.err.ee/1608981617/bolt-we-have-long-since-ceased-operating-in-russia,2026-09,/en/payment-passport-bolt,/pasport-oplaty-bolt
deutsche-bahn,Deutsche Bahn,travel,https://int.bahn.de,Pay-per-ticket; BahnCard subscriptions sold separately,,visa; mastercard; amex; diners; paypal; apple_pay; sepa; gift_card,,unknown,yes,unknown,No official Russia statement for passenger ticket sales found.,DB gift vouchers (EUR 10/20/50/100) require a DB customer account and cannot be paid by direct debit or voucher.,https://int.bahn.de/en/booking-information/payment-options; https://int.bahn.de/en/booking-information; https://www.bahn.de/angebot/zusatzticket/geschenkgutschein; https://www.bahn.de/faq/wie-kann-ich-einen-db-geschenkgutschein-kaufen,2026-09,/en/payment-passport-deutsche-bahn,/pasport-oplaty-deutsche-bahn
discover-cars,Discover Cars,travel,https://www.discovercars.com,Pay-per-rental (booking intermediary),,visa; mastercard; paypal; apple_pay; google_pay; local,revolut pay,unknown,unknown,unknown,,Help: online payment currency depends on paying online vs at rental desk.,https://www.discovercars.com/help/articles/payments/payment-methods-prepayment/what-payment-options-do-you-offer; https://www.discovercars.com/help/articles/payments/payment-methods-prepayment/can-i-choose-the-currency-in-which-i-will-pay; https://www.discovercars.com/blog/revolut-pay,2026-09,/en/payment-passport-discover-cars,/pasport-oplaty-discover-cars
emirates,Emirates,travel,https://www.emirates.com,Pay-per-ticket,,visa; mastercard; amex; diners; unionpay; paypal; bank_transfer; alipay; local,emirates pay; western union,yes,unknown,unknown,Operates flights from Russia (Moscow) and maintains a Moscow office.,FAQ: payment options depend on country of departure; in some countries the cardholder must be a traveller; fare valid only for payment in country of departure.,https://www.emirates.com/ae/english/help/faq-topics/booking-with-emirates/faq/what-payment-methods-are-available-when-booking-online-at-emirates-com/; https://www.emirates.com/ae/english/book/about-booking-online/payment-options/; https://www.emirates.com/my/english/destinations/flights-from-russia/; https://www.emirates.com/ru/english/help/offices/mow/moscow/,2026-09,/en/payment-passport-emirates,/pasport-oplaty-emirates
etihad-airways,Etihad Airways,travel,https://www.etihad.com,Pay-per-ticket,,visa; mastercard; amex; jcb; diners; unionpay; paypal; apple_pay; bank_transfer; alipay; wechat_pay; ideal; sofort; local,knet; mada; trustly; uatp; upi,yes,unknown,unknown,Operates Abu Dhabi-Moscow flights; official 'flights from Russia' pages live.,Payment FAQ: available methods depend on country of purchase and currency; only one payment method per transaction (except Etihad Credit/voucher).,https://www.etihad.com/en-ru/flights/flights-from-russia; https://www.wam.ae/en/article/bipm5yo-etihad-airways-adds-third-daily-flight-moscow,2026-09,/en/payment-passport-etihad-airways,/pasport-oplaty-etihad-airways
eurail,Eurail,travel,https://www.eurail.com,"Eurail Pass (one-off purchase, price varies by pass type)",,visa; mastercard; amex; discover; jcb; diners; unionpay; maestro; paypal; apple_pay; google_pay; alipay,,partial,unknown,unknown,"Pass conditions tie eligibility to country of residence (Eurail for non-European residents, Interrail for European residents); Russia is not a covered travel country.",Pass eligibility depends on official country of residence per Pass Conditions of Use.,https://www.eurail.com/en/eurail-passes/ordering-info/payment-methods; https://www.eurail.com/content/dam/_new-structure/doc/terms/Pass%20Conditions%20of%20Use%20(updated%2030%20October%202025).pdf,2026-09,/en/payment-passport-eurail,/pasport-oplaty-eurail
europcar,Europcar,travel,https://www.europcar.com,Pay-per-rental,,visa; mastercard; amex; diners; gift_card; local,europcar charge card,no,yes,unknown,Official notice: all Russian destinations no longer bookable.,Gift vouchers sold in EUR (50/100); accepted payment methods vary by country.,https://www.europcar.com/en-us/p/legal-information/payment-methods; https://www.europcar.com/en-us/p/gift-voucher; https://www.europcar.com/en-us/p/help/useful-information/ukraine-crisis,2026-09,/en/payment-passport-europcar,/pasport-oplaty-europcar
eurostar,Eurostar,travel,https://www.eurostar.com,Pay-per-ticket,,visa; mastercard; amex; maestro; paypal; apple_pay; gift_card; local,bancontact; paypal pay in 3,unknown,yes,unknown,,Help: currency (GBP/EUR/USD) and payment methods depend on the country site used.,https://help.eurostar.com/faq/uk-en/question/How-can-I-pay-for-my-Eurostar-ticket; https://vouchers.eurostar.com/; https://help.eurostar.com/faq/uk-en/question/Can-I-choose-which-currency-I-pay-with-on-eurostar-com,2026-09,/en/payment-passport-eurostar,/pasport-oplaty-eurostar
flixbus,FlixBus,travel,https://www.flixbus.com,Pay-per-ticket,,visa; mastercard; amex; discover; jcb; diners; maestro; paypal; apple_pay; google_pay; klarna; local,paysafecash; revolut pay,unknown,unknown,unknown,Current official status of Russian routes not documented on help pages.,Help: available payment methods depend on the country shop used.,https://help.flixbus.com/s/topic/0TO3X000000VUTCWA4/payment-methods?language=en_IE; https://support.flixbus.com/us/en-us/making-a-booking; https://support.flixbus.com/us/en-us/vouchers,2026-09,/en/payment-passport-flixbus,/pasport-oplaty-flixbus
flydubai,flydubai,travel,https://www.flydubai.com,Pay-per-ticket,,visa; mastercard; amex; discover; diners; apple_pay; google_pay; bank_transfer; local,flydubai voucher; uatp,yes,unknown,unknown,"Operates flights to multiple Russian cities (Moscow, Kazan, Krasnodar, Makhachkala, etc.).",Ways-to-pay page: options depend on country travelling to/from.,https://www.flydubai.com/en/flying-with-us/ways-to-pay/; https://www.flydubai.com/en-md/flights-to-russian-federation/?carousel_en=,2026-09,/en/payment-passport-flydubai,/pasport-oplaty-flydubai
getyourguide,GetYourGuide,travel,https://www.getyourguide.com,Pay-per-booking (tours and activities),,visa; mastercard; amex; paypal; apple_pay; google_pay; gift_card,,unknown,yes,unknown,,"Terms: 'Reserve now, pay later' requires a credit card valid to the activity date; gift cards redeemable only on GetYourGuide platform, expire after 3 years.",https://www.getyourguide.com/contact/; https://www.getyourguide.com/c/general-terms-and-conditions/,2026-09,/en/payment-passport-getyourguide,/pasport-oplaty-getyourguide
hertz,Hertz,travel,https://www.hertz.com,Pay-per-rental,,visa; mastercard; amex; discover; jcb; diners; unionpay; local,carte blanche; hertz charge card,no,unknown,unknown,Hertz exited the Russian market in 2017 (Moscow Times).,Card must be in renter's own name; debit cards accepted under conditions.,https://www.hertz.com/us/en/about-us/form-of-payment; https://www.themoscowtimes.com/2017/08/24/hertz-car-rental-exists-russian-market-a58747,2026-09,/en/payment-passport-hertz,/pasport-oplaty-hertz
hilton-honors,Hilton Honors,travel,https://www.hilton.com,Pay-per-stay; loyalty programme free,,visa; mastercard; amex; gift_card,,partial,yes,unknown,Closed Moscow corporate office and suspended new development in Russia (2022); Russian-market hotels still listed on hilton.com.,Accepted payment types vary by hotel; gift card usable only at Hilton properties accepting American Express cards.,https://www.hilton.com/en/hilton-honors/payment-security/; https://www.hilton.com/en/p/holiday-gift-guide/gift-card-terms/; https://stories.hilton.com/releases/hilton-statement-on-ukraine; https://www.hilton.com/ru/locations/russian-federation/,2026-09,/en/payment-passport-hilton-honors,/pasport-oplaty-hilton-honors
holafly,Holafly,travel,https://esim.holafly.com,Prepaid travel eSIM (per-destination plans); monthly plan also offered,,visa; mastercard; paypal; google_pay,,yes,unknown,unknown,Sells a Russia eSIM and publishes a Russia connectivity FAQ.,,https://esim.holafly.com/how-to/buying-guide-esim-usa/; https://esim.holafly.com/terms-and-conditions/; https://esim.holafly.com/esim-russia/; https://esim.holafly.com/faq/connection-or-qr-issues/russia-internet/,2026-09,/en/payment-passport-holafly,/pasport-oplaty-holafly
hopper,Hopper,travel,https://www.hopper.com,"Pay-per-booking (flights, hotels, cars) plus optional fintech add-ons (price freeze, cancel-for-any-reason)",,visa; mastercard; amex; discover; apple_pay; google_pay; gift_card,,unknown,yes,unknown,App-only service; help centre has a country-availability article but Russia is not specifically documented.,,https://www.hopper.com/gift-cards; https://media.hopper.com/news/give-the-gift-of-travel-this-holiday-season-with-hopper-gift-cards; https://help.hopper.com/en_us/is-hopper-available-where-i-live-rkn88t_FP,2026-09,/en/payment-passport-hopper,/pasport-oplaty-hopper
hostelworld,Hostelworld,travel,https://www.hostelworld.com,Pay-per-booking (deposit at booking),,visa; mastercard,,partial,unknown,unknown,Platform globally accessible but official Russia listing pages show no bookable properties; no formal exit statement found.,,https://www.hostelworld.com/legal/security-privacy/; https://www.hostelworld.com/legal/voucher-terms-and-conditions/; https://www.hostelworld.com/hostels/europe/russia/,2026-09,/en/payment-passport-hostelworld,/pasport-oplaty-hostelworld
ihg-one-rewards,IHG One Rewards,travel,https://www.ihg.com,Pay-per-stay; loyalty programme free,,visa; mastercard; amex,,no,unknown,unknown,IHG announced it is ceasing all operations in Russia (2022 update).,,https://www.ihg.com/content/us/en/customer-care/member-tc; https://www.ihgplc.com/en/news-and-media/news-releases/2022/ihg-update-on-russia,2026-09,/en/payment-passport-ihg-one-rewards,/pasport-oplaty-ihg-one-rewards
kiwi-com,Kiwi.com,travel,https://www.kiwi.com,"Pay-per-booking (flight tickets, Kiwi.com Guarantee)",,visa; mastercard; amex; discover; jcb; diners; maestro; paypal; apple_pay; google_pay; bank_transfer; local,elo; pix; revolut pay; volt open banking,unknown,unknown,unknown,Russian-language site exists; no official statement on Russia availability found.,Help page: available payment options depend on currency/market selected at checkout.,https://www.kiwi.com/us/help/payments-and-invoices-264/article/payment-options-161/; https://www.kiwi.com/ru/,2026-09,/en/payment-passport-kiwi-com,/pasport-oplaty-kiwi-com
klm,KLM,travel,https://www.klm.com,Pay-per-ticket,,visa; mastercard; amex; discover; jcb; diners; maestro; paypal; apple_pay; google_pay; bank_transfer; alipay; wechat_pay; ideal; local,fpx; kakaopay; pix; trustly; uatp; visa electron; wero,no,unknown,unknown,Official travel alert: flights to/from Russia and through Russian airspace suspended until further notice as of 26 Feb 2022.,Payment page: bank transfer availability depends on country/region; e-wallet availability varies.,https://www.klm.com/information/ticket-services/payment-methods; https://www.klm.com/information/travel-alerts; https://news.klm.com/klm-cancelling-flights-to-russia/,2026-09,/en/payment-passport-klm,/pasport-oplaty-klm
klook,Klook,travel,https://www.klook.com,"Pay-per-booking (tours, attractions, transport)",,visa; mastercard; amex; discover; jcb; diners; unionpay; apple_pay; google_pay; local,line pay,unknown,unknown,unknown,,FAQ: available payment methods vary by region/site and currency.,https://www.klook.com/en-US/faq/category-56-question-920/; https://www.klook.com/en-HK/faq/category-2-question-133/,2026-09,/en/payment-passport-klook,/pasport-oplaty-klook
lufthansa,Lufthansa,travel,https://www.lufthansa.com,Pay-per-ticket,,visa; mastercard; amex; gift_card; local,visa electron,no,yes,unknown,Cancelled all flights to Russia from Feb 2022; Lufthansa Group states it complies with sanctions and suspended ticket sales in Russia.,"Gift cards issued in EUR (10-1,000), payable by Mastercard/Visa/Amex with 3D Secure.",https://www.lufthansa.com/ir/en/payment-options.html; https://www.lufthansa.com/de/en/book-and-manage/flights/giftvoucher/faq-giftvoucher; https://politikbrief.lufthansagroup.com/fileadmin/user_upload/2022-feb/art0/LHG-PB_2022-1_ukraine_EN.pdf; https://www.reuters.com/world/lufthansa-halts-flights-russia-week-2022-02-26/,2026-09,/en/payment-passport-lufthansa,/pasport-oplaty-lufthansa
lyft,Lyft,travel,https://www.lyft.com,Pay-per-ride; Lyft Pink membership optional,,visa; mastercard; amex; discover; gift_card; venmo; local,cash app; lyft cash; prepaid cards,no,yes,unknown,Operates only in US and Canada coverage areas; not offered in Russia.,Gift cards redeemable for rides in the US and Canada only.,https://help.lyft.com/hc/en-us/all/articles/115013080408-How-to-add-or-update-payment-info; https://www.lyft.com/gift; https://help.lyft.com/hc/en-us/all/articles/115013081248,2026-09,/en/payment-passport-lyft,/pasport-oplaty-lyft
marriott-bonvoy,Marriott Bonvoy,travel,https://www.marriott.com,Pay-per-stay; loyalty programme free,,visa; mastercard; amex; gift_card,,no,yes,unknown,Marriott suspended all hotel operations in Russia (June 2022 statement).,"Gift cards sold in USD (US$25-2,000); cannot be used to guarantee or prepay Advance Purchase rates.",https://www.marriott.com/reservation/creditCardInfoText.mi; https://support.marriott.com/s/article/purchase-marriott-gift-cards; https://news.marriott.com/news/2022/06/03/marriott-international-statement,2026-09,/en/payment-passport-marriott-bonvoy,/pasport-oplaty-marriott-bonvoy
nomad-esim,Nomad eSIM,travel,https://www.nomadesim.com,Prepaid travel eSIM plans (Russia plans from US$6),,visa; mastercard; amex; discover; jcb; paypal; apple_pay; google_pay,,yes,unknown,unknown,Sells a Russian Federation eSIM (Tele2 network).,,https://www.nomadesim.com/help-center/en/articles/9886349-what-payment-methods-can-i-use; https://www.nomadesim.com/russian-federation-eSIM,2026-09,/en/payment-passport-nomad-esim,/pasport-oplaty-nomad-esim
omio,Omio,travel,https://www.omio.com,Pay-per-booking (train/bus/flight/ferry tickets),,visa; mastercard; amex; discover; jcb; diners; unionpay; maestro; paypal; apple_pay; google_pay; alipay; wechat_pay; klarna; ideal; sofort; local,pix; przelewy24; revolut pay; trustly,unknown,unknown,unknown,Russian-language site exists; no official statement on Russia found.,"Help: availability of payment options varies by country of residence, currency, departure time and device.",https://help.omio.com/hc/en-us/articles/203726841-How-can-I-pay,2026-09,/en/payment-passport-omio,/pasport-oplaty-omio
pegasus-airlines,Pegasus Airlines,travel,https://www.flypgs.com,Pay-per-ticket,,visa; mastercard; discover; jcb; diners; unionpay; maestro; bank_transfer; gift_card; ideal; local,bancontact; masterpass; troy; visa electron,yes,yes,unknown,"Operates regular flights to Moscow, St Petersburg and other Russian airports.","Card payments accepted in listed currencies (TL, EUR, USD, GBP, etc.); gift cards purchasable only via flypgs.com/app.",https://www.flypgs.com/en/payment-options; https://www.flypgs.com/en/travel-services/other-travel-services/flight-tickets-gift-card; https://www.flypgs.com/en/countries/flights-to-russia,2026-09,/en/payment-passport-pegasus-airlines,/pasport-oplaty-pegasus-airlines
priceline,Priceline,travel,https://www.priceline.com,"Pay-per-booking (hotels, flights, cars); Priceline VIP is free",,visa; mastercard; amex; discover; apple_pay,,unknown,unknown,unknown,,,https://www.priceline.com/static-pages/terms_en.html; https://www.priceline.com/partner/promo-apple-pay-2025,2026-09,/en/payment-passport-priceline,/pasport-oplaty-priceline
qatar-airways,Qatar Airways,travel,https://www.qatarairways.com,Pay-per-ticket,,visa; mastercard; amex; apple_pay; google_pay; local,avios; click to pay; mpesa; naps,partial,unknown,unknown,Serves Moscow with a reduced schedule (news reports of cuts and planned resumption of direct service); Russia holiday packages listed officially.,Payment options page: local payment options depend on country of purchase.,https://www.qatarairways.com/en-us/payment-options.html; https://www.qatarairwaysholidays.com/qa-en/destinations/europe/russia/; https://www.kommersant.ru/doc/7497431; https://ria.ru/20260314/katar-2080695991.html,2026-09,/en/payment-passport-qatar-airways,/pasport-oplaty-qatar-airways
rentalcars-com,Rentalcars.com,travel,https://www.rentalcars.com,Pay-per-rental (booking intermediary),,visa; mastercard,,unknown,unknown,unknown,,,https://www.rentalcars.com/; https://www.rentalcars.com/en/terms-and-conditions,2026-09,/en/payment-passport-rentalcars-com,/pasport-oplaty-rentalcars-com
safetywing,SafetyWing,travel,https://safetywing.com,Nomad Insurance Essential US$62.72 per 4 weeks (ages 18-39),,visa; mastercard; amex; discover,,no,unknown,unknown,Russia excluded from Nomad Insurance Essential coverage and not eligible as country of residence for Nomad Insurance Complete.,Help: PayPal or other methods not possible; plan cannot be bought for another person.,https://intercom.help/safetywing/en/articles/9806859-nomad-insurance-essential-how-can-i-pay-for-the-plan; https://intercom.help/safetywing/en/articles/9778064-nomad-insurance-what-is-the-nomad-insurance-essential-plan; https://intercom.help/safetywing/en/articles/9818248-nomad-insurance-complete-what-is-it-and-how-does-it-work; https://safetywing.com/nomad-insurance,2026-09,/en/payment-passport-safetywing,/pasport-oplaty-safetywing
saily,Saily,travel,https://saily.com,Prepaid travel eSIM plans (Global from US$7.64),,visa; mastercard; paypal; apple_pay; google_pay,,unknown,unknown,unknown,No Russia plan found in official coverage lists; no explicit Russia statement.,,https://saily.com/blog/saily-refund/; https://saily.com/legal/terms-of-service/; https://saily.com/esim-global/,2026-09,/en/payment-passport-saily,/pasport-oplaty-saily
sixt,Sixt,travel,https://www.sixt.com,Pay-per-rental,,visa; mastercard; amex; discover; jcb; diners; unionpay; paypal; apple_pay,,unknown,no,unknown,,"Payment method must be in renter's name and physically presented at pick-up; prepaid, gift and virtual cards not accepted.",https://www.sixt.com/help-center/app/articles/payment-methods/; https://www.sixt.com/php/terms/view?language=en_US&liso=IT&rtar=000&view=EPP,2026-09,/en/payment-passport-sixt,/pasport-oplaty-sixt
sncf-connect,SNCF Connect,travel,https://www.sncf-connect.com,Pay-per-ticket,,visa; mastercard; amex; paypal; apple_pay; google_pay; local,alma; cheques vacances,unknown,unknown,unknown,,,https://www.sncf-connect.com/en-en/help/payment-methods-accepted-pay-your-ticket,2026-09,/en/payment-passport-sncf-connect,/pasport-oplaty-sncf-connect
trainline,Trainline,travel,https://www.thetrainline.com,Pay-per-booking (rail/coach tickets); UK Railcards sold separately,,visa; mastercard; amex; diners; maestro; paypal; apple_pay; google_pay; ideal; sofort; local,satispay,unknown,unknown,unknown,,Terms: some payment methods limited by country site/currency.,https://www.thetrainline.com/terms; https://support.thetrainline.com/hc/fr/articles/5171143854623-Quels-moyens-de-paiement-acceptez-vous,2026-09,/en/payment-passport-trainline,/pasport-oplaty-trainline
trenitalia,Trenitalia,travel,https://www.trenitalia.com,Pay-per-ticket,,visa; mastercard; amex; diners; paypal; google_pay; amazon_pay; bank_transfer; gift_card; local,satispay,unknown,yes,unknown,,Gift cards sold in EUR (25/50/100/150).,https://www.trenitalia.com/en/information/faq-for-mobile-ticketingandapptrenitalia.html; https://www.trenitalia.com/it/abbonamenti-pass-e-carnet/acquista-la-carta-regalo.html,2026-09,/en/payment-passport-trenitalia,/pasport-oplaty-trenitalia
trip-com,Trip.com,travel,https://www.trip.com,"Pay-per-booking (flights, hotels, trains)",,visa; mastercard; amex; discover; jcb; diners; unionpay; paypal; apple_pay; google_pay; gift_card; local,trip coins,yes,yes,unknown,Operates a Russian-language site (ru.trip.com) with RUB pricing; no official exit or block documented.,"Official gift cards sold in USD denominations (US$10-4,000); payment options shown vary by site/currency.",https://www.trip.com/ask/questions/trip.com-payment-methods.html; https://us.trip.com/giftcard?curr=USD&locale=en-US; https://ru.trip.com/flights/?curr=RUB&locale=en-XX,2026-09,/en/payment-passport-trip-com,/pasport-oplaty-trip-com
turkish-airlines,Turkish Airlines,travel,https://www.turkishairlines.com,Pay-per-ticket,,visa; mastercard; amex; discover; jcb; diners; unionpay; maestro; mir; paypal; apple_pay; google_pay; bank_transfer; gift_card; alipay; klarna; ideal; local,bancontact; bkm express; postepay; shetab; tk wallet; troy; uatp,yes,yes,unknown,Operates scheduled flights to Russia; official Russia destination pages live.,Payment methods listed as available depending on country site; gift cards valid 2 years.,https://www.turkishairlines.com/en-gb/legal-notice/conditions-of-online-services/; https://www.turkishairlines.com/en-us/gift-card/; https://www.turkishairlines.com/en-us/turkish-airlines-gift-card-terms-and-conditions/; https://www.turkishairlines.com/en-us/book-flights-to-russia,2026-09,/en/payment-passport-turkish-airlines,/pasport-oplaty-turkish-airlines
turo,Turo,travel,https://turo.com,Pay-per-trip,,visa; mastercard; amex; discover; apple_pay; google_pay; gift_card,,no,yes,unknown,"Operates only in US, Canada, UK, France and Australia; not offered in Russia.",,https://help.turo.com/en_us/payment-methods-turo-accepts-B1kfEutwee; https://turo.com/us/en/car-rental/united-states/gift-cards-landing; https://help.turo.com/en_us/booking-a-car-uk-HJHcScP0p,2026-09,/en/payment-passport-turo,/pasport-oplaty-turo
viator,Viator,travel,https://www.viator.com,Pay-per-booking (tours and activities),,visa; mastercard; amex,,unknown,unknown,unknown,,,https://fcg.partner.viator.com/support/termsAndConditions,2026-09,/en/payment-passport-viator,/pasport-oplaty-viator
vrbo,Vrbo,travel,https://www.vrbo.com,Pay-per-booking (traveller) / host listing subscription or per-booking fee,,visa; mastercard; amex; paypal; bnpl,,no,no,unknown,"Parent Expedia Group ceased offering travel to and from Russia in March 2022, including Vrbo (Skift).","Affirm financing only for certain US properties, charged in USD; official help says website does not generally support gift cards.",https://www.vrbo.com/en-gb/help/articles/How-do-I-pay-for-my-subscription; https://help.vrbo.com/articles/What-is-Affirm; https://www.vrbo.com/travel/discounts; https://skift.com/2022/03/02/expedia-an-online-travel-standout-ceasing-to-offer-russia-travel/,2026-09,/en/payment-passport-vrbo,/pasport-oplaty-vrbo
wizz-air,Wizz Air,travel,https://www.wizzair.com,Pay-per-ticket; WIZZ Discount Club membership sold separately,,visa; mastercard; amex; discover; diners; maestro; bank_transfer; gift_card; ideal; local,przelewy24; trustly; uatp; wizz credit,no,yes,unknown,Suspended all flights to/from Russia in 2022; planned Abu Dhabi-Moscow relaunch deferred until further notice.,,https://www.wizzair.com/sr-cyrl-rs/pomoc-centar/moj-wizz-nalog/fakture-i-placanja/placanje/nacini-placanja; https://www.wizzair.com/cms/api/docs/default-source/downloadable-documents/wizz-gift-voucher-tc_en_gb.pdf; https://www.thenationalnews.com/business/aviation/2022/08/20/wizz-air-abu-dhabi-to-defer-moscow-flights-until-further-notice/; https://www.reuters.com/business/aerospace-defense/wizz-airs-abu-dhabi-venture-suspends-plans-resume-russian-flights-2022-08-19/,2026-09,/en/payment-passport-wizz-air,/pasport-oplaty-wizz-air
world-nomads,World Nomads,travel,https://www.worldnomads.com,Per-trip travel insurance policy (price by trip),,visa; mastercard; amex; apple_pay; google_pay,,unknown,unknown,unknown,Eligibility and policy wording depend on country of residence; Russia-specific eligibility not confirmed.,Accepted cards and wallets depend on country of residence; policy tied to declared country of residence.,https://www.worldnomads.com/travel-insurance/payment-methods; https://www.worldnomads.com/ca-en/travel-insurance/payment-methods; https://www.worldnomads.com/row/help/insurance/buying-travel-insurance/what-is-my-country-of-residence,2026-09,/en/payment-passport-world-nomads,/pasport-oplaty-world-nomads
world-of-hyatt,World of Hyatt,travel,https://www.hyatt.com,Pay-per-stay; loyalty programme free,,visa; mastercard; amex,,no,yes,unknown,Hyatt terminated or suspended services to owners of all Hyatt hotels in Russia (April 2022 statement).,,https://world.hyatt.com/content/dam/HyattStories/ccauth_hotels.pdf; https://vouchers.hyatt.com/; https://newsroom.hyatt.com/news-releases?item=124236,2026-09,/en/payment-passport-world-of-hyatt,/pasport-oplaty-world-of-hyatt
yesim,Yesim,travel,https://yesim.app,Prepaid eSIM plans (Russia from US$2.76/GB; 30-day unlimited US$56.40),,visa; mastercard; amex; paypal; apple_pay; google_pay; crypto; klarna; ideal; local,binance pay; ycoins,yes,unknown,yes,Sells Russia eSIM plans.,Prepaid only; new card triggers a EUR 0.50 verification charge.,https://yesim.app/payment-details/; https://help.yesim.tech/which-payment-methods-can-i-use/; https://yesim.app/country/russia/,2026-09,/en/payment-passport-yesim,/pasport-oplaty-yesim
acorn-tv,Acorn TV,video-streaming,https://acorn.tv,Acorn TV monthly $8.99/month,8.99,card,,unknown,unknown,unknown,Available only in listed countries (see availability page).,Billing address must be in the same country you are watching from.,https://support.acorn.tv/kb/guide/en/how-much-does-acorn-tv-cost-bBktMvnQof/Steps/4297197; https://support.acorn.tv/kb/guide/en/how-do-i-update-or-change-my-credit-or-debit-card-9SuPx9vdB5/Steps/4297151; https://support.acorn.tv/kb/guide/en/where-is-acorn-tv-available-nshBSMIZC1/Steps/4297201,2026-09,/en/payment-passport-acorn-tv,/pasport-oplaty-acorn-tv
amc-plus,AMC+,video-streaming,https://www.amcplus.com,AMC+ Monthly with Ads $7.99/month,7.99,card; amazon_pay; app_store; google_play; local,roku,unknown,unknown,unknown,,,https://support.amcplus.com/kb/guide/en/how-do-i-subscribe-to-amc-BQkzEfcsuK/Steps/3672330; https://support.amcplus.com/kb/guide/en/amc-pricing-changes-9mvvjdclyq/Steps/3990039,2026-09,/en/payment-passport-amc-plus,/pasport-oplaty-amc-plus
bein-connect,beIN CONNECT,video-streaming,https://connect.beinsports.com,beIN CONNECT monthly (e.g. AUD 16.99/month),,card; paypal; app_store; google_play,,unknown,unknown,unknown,,,https://support.connect-sg.beinsports.com/hc/en-us/articles/360029842771-What-are-the-Available-Payment-Methods; https://support.connect-au.beinsports.com/hc/en-us/articles/37954547171853-Notice-Australia-Price-Adjustment,2026-09,/en/payment-passport-bein-connect,/pasport-oplaty-bein-connect
britbox,BritBox,video-streaming,https://www.britbox.com,BritBox (US) $10.99/month,10.99,amazon_pay; app_store; gift_card; local,roku,unknown,yes,unknown,,,https://www.britbox.com/us; https://help.britbox.com/hc/en-us/articles/360043264033-Subscribing-through-Amazon-Apple-TV-Roku-or-C-MORE,2026-09,/en/payment-passport-britbox,/pasport-oplaty-britbox
crave,Crave,video-streaming,https://www.crave.ca,Crave subscription (CAD),,card; app_store; gift_card; local,mobility provider billing,unknown,yes,unknown,,,https://www.crave.ca/en/support/subscriptions-billing-and-more; https://www.crave.ca/en/support/managing-my-crave-account/plans-63031133,2026-09,/en/payment-passport-crave,/pasport-oplaty-crave
curiositystream,CuriosityStream,video-streaming,https://curiositystream.com,CuriosityStream subscription,,visa; mastercard; amex; discover; gift_card,,unknown,yes,unknown,,,https://help.curiositystream.com/en/article/b8b37c; https://help.curiositystream.com/en/article/642d7c; https://curiositystream.com/gift/purchase,2026-09,/en/payment-passport-curiositystream,/pasport-oplaty-curiositystream
dazn,DAZN,video-streaming,https://www.dazn.com,DAZN US Monthly $34.99/month,34.99,visa; mastercard; amex; jcb; paypal; app_store; google_play; gift_card,,unknown,yes,no,Availability is country-specific per DAZN's 'where is DAZN available' page; no official statement on Russia found.,Cards must be enabled for e-commerce; a temporary card verification check is performed; plans/prices vary by country.,https://www.dazn.com/en-US/help/articles/16176397938461-how-to-pay-for-dazn; https://www.dazn.com/en-US/help/articles/16184063399709-dazn-plans-and-pricing; https://www.dazn.com/en-GB/help/articles/16176388062109-where-is-dazn-available,2026-09,/en/payment-passport-dazn,/pasport-oplaty-dazn
discovery-plus,discovery+,video-streaming,https://www.discoveryplus.com,discovery+ (Ad-Lite) $5.99/month,5.99,card; paypal; amazon_pay; app_store; google_play,,no,unknown,unknown,Discovery suspended broadcast of its channels and services in Russia in March 2022 (Reuters).,Prepaid credit cards not accepted (US help).,https://help.discoveryplus.com/hc/en-us/articles/32717615053207-Methods-of-payment; https://help.discoveryplus.com/hc/en-us/articles/360058773493-discovery-plans-and-prices; https://www.reuters.com/business/media-telecom/discovery-suspend-broadcasts-russia-2022-03-09/,2026-09,/en/payment-passport-discovery-plus,/pasport-oplaty-discovery-plus
espn,ESPN (ESPN+ / ESPN Unlimited),video-streaming,https://plus.espn.com,ESPN Unlimited from $29.99/month,29.99,visa; mastercard; amex; discover; paypal,,no,unknown,no,US-only; not available in Russia.,ESPN+ is only available in the United States and its territories; blackout policy applies.,https://support.espn.com/hc/en-us/articles/40377318634004-Payment-Methods-for-ESPN-Select-or-Unlimited; https://support.espn.com/hc/en-us/articles/13617221045652-Getting-Started-With-ESPN; https://plus.espn.com/,2026-09,/en/payment-passport-espn,/pasport-oplaty-espn
f1-tv,F1 TV,video-streaming,https://f1tv.formula1.com,F1 TV Pro/Premium subscription,,visa; mastercard; amex; apple_pay; google_pay,,unknown,unknown,no,,Billing address must match card details; PayPal not supported; Amex unavailable in France; residence verified at sign-up; country must be on the availability list.,https://f1help.formula1.com/article/Accepted-payment-methods; https://f1help.formula1.com/article/Common-payment-problems; https://f1help.formula1.com/article/Location-Availability?language=en_US,2026-09,/en/payment-passport-f1-tv,/pasport-oplaty-f1-tv
flosports,FloSports,video-streaming,https://www.flosports.tv,FloSports monthly $29.99/month,29.99,visa; mastercard; amex; discover; diners,,unknown,unknown,no,,"PayPal, checks and cash not accepted.",https://support.flosports.tv/en/article/8d2aa6; https://support.flosports.tv/en/article/aa878c,2026-09,/en/payment-passport-flosports,/pasport-oplaty-flosports
fubo,Fubo,video-streaming,https://www.fubo.tv,Fubo Pro $84.99/month,84.99,visa; mastercard; amex; discover; local,CashApp,no,unknown,no,"Not offered in Russia (only US, Canada, Spain).","Service offered only in the US/US territories, Canada and Spain.",https://support.fubo.tv/hc/en-us/articles/115003535667-What-Payment-Methods-Does-Fubo-Accept; https://support.fubo.tv/hc/en-us/articles/115002979407-Is-Fubo-available-in-my-country; https://support.fubo.tv/hc/en-us/articles/33653206032909-I-m-a-Fubo-subscriber-Is-my-price-changing,2026-09,/en/payment-passport-fubo,/pasport-oplaty-fubo
globoplay,Globoplay,video-streaming,https://globoplay.globo.com,Globoplay Padrão (BRL),,visa; mastercard; amex; local,Elo,unknown,unknown,no,,,https://ajuda.globo.com/article/Quais-sao-as-formas-de-pagamento-aceitas-na-assinatura; https://ajuda.globo.com/article/Quais-os-tipos-de-plano-do-Globoplay,2026-09,/en/payment-passport-globoplay,/pasport-oplaty-globoplay
hallmark-plus,Hallmark+,video-streaming,https://www.hallmarkplus.com,Hallmark+ monthly $8.99/month,8.99,card; paypal; gift_card,,unknown,yes,unknown,,Prepaid cards and third-party gift cards are not accepted as payment.,https://care.hallmarkplus.com/s/article/How-do-I-sign-up-on-your-website-1625680044831; https://care.hallmarkplus.com/s/article/Why-do-you-need-my-credit-card-information-1625680044821; https://care.hallmarkplus.com/s/article/How-do-I-redeem-my-Hallmark-Plus-gift-card,2026-09,/en/payment-passport-hallmark-plus,/pasport-oplaty-hallmark-plus
hayu,Hayu,video-streaming,https://www.hayu.com,Hayu monthly (UK GBP 5.99/month),,card; app_store; google_play,,unknown,unknown,unknown,,"Prices differ per country; available in most European countries, AU, NZ, CA, IS, PH, SG, HK.",https://support.hayu.com/hayuArticle?id=kA0WS00000029K90AI; https://support.hayu.com/hayuCategory?c=General&lang=en-GB,2026-09,/en/payment-passport-hayu,/pasport-oplaty-hayu
hidive,HIDIVE,video-streaming,https://www.hidive.com,HIDIVE monthly $6.99/month,6.99,card; paypal; gift_card,,no,yes,unknown,No longer available outside North America (since 14 Dec 2023).,IP address determines country; service withdrawn from areas outside North America as of Dec 2023.,https://support.hidive.com/kb/guide/en/methods-of-payments-and-taxes-mEQ7GtPi7C/Steps/4307552; https://support.hidive.com/kb/guide/en/how-much-does-hidive-cost-oESaSQwTTx/Steps/4458786; https://support.hidive.com/kb/guide/en/why-is-hidive-no-longer-available-in-my-country-CQgwHUoFir/Steps/4307613; https://support.hidive.com/kb/guide/en/do-you-have-gift-memberships-KiubCXfb4Z/Steps/4307542,2026-09,/en/payment-passport-hidive,/pasport-oplaty-hidive
hulu,Hulu,video-streaming,https://www.hulu.com,Hulu (With Ads) $11.99/month,11.99,visa; mastercard; amex; discover; paypal; app_store; google_play; gift_card,,no,yes,unknown,US-only service (US and certain US territories); not offered in Russia.,Payment options page states cards must be U.S.-based; help pages require users to be located within the U.S.,https://help.hulu.com/article/hulu-payment-options; https://help.hulu.com/article/hulu-how-much-does-hulu-cost; https://help.hulu.com/article/hulu-what-is-hulu-live-tv; https://www.hulu.com/disney-hulu-bundle,2026-09,/en/payment-passport-hulu,/pasport-oplaty-hulu
iqiyi,iQIYI (iQ.com international),video-streaming,https://www.iq.com,iQIYI Standard VIP,,visa; mastercard; jcb; app_store; google_play; gift_card; local,JKOPAY; PXPay Plus,unknown,yes,unknown,,Payment methods depend on the purchase page of your area.,https://intl-help.iq.com/m?entry=h5&mod=ntw&lang=en_us&entranceId=P; https://intl-help.iq.com/m/v2/app/questionInfo/21232.html; https://intl-help.iq.com/m/?agentType=479&entranceId=PCW%2FH5_navigation&entry=h5&lang=en_us&mod=intl&ptid=undefined,2026-09,/en/payment-passport-iqiyi,/pasport-oplaty-iqiyi
itvx-premium,ITVX Premium,video-streaming,https://www.itv.com,ITVX Premium GBP 5.99/month,,amazon_pay; app_store; google_play,,unknown,unknown,unknown,,,https://support.itv.com/en_us/what-do-i-get-with-an-itvx-premium-subscription-HkEX_rhMo; https://support.itv.com/en_us/how-do-i-subscribe-to-itvx-premium-H1FOKrnGo,2026-09,/en/payment-passport-itvx-premium,/pasport-oplaty-itvx-premium
jiohotstar,JioHotstar,video-streaming,https://www.hotstar.com,JioHotstar premium membership (India),,card; app_store; local,Paytm,no,unknown,unknown,India-only service.,Membership only available in India; credit cards must be issued by India-based institutions; geo-restrictions outside India.,https://help.hotstar.com/in/en/support/solutions/articles/68000001184-how-am-i-billed-for-my-subscription-; https://secure-media.hotstar.com/static-pages/android/IN_faq.html,2026-09,/en/payment-passport-jiohotstar,/pasport-oplaty-jiohotstar
joyn,Joyn,video-streaming,https://www.joyn.de,Joyn PLUS+ 6.99 EUR/month,,visa; mastercard; amex; paypal; direct_debit,,unknown,unknown,no,,Prepaid cards not accepted.,https://joyn.eu/en/what-payment-methods-are-available/; https://community.joyn.de/dein-joyn-abo-31/wie-kann-ich-fuer-joyn-bezahlen-226; https://community.joyn.de/gutscheine-geschenkkarten-35/wie-viel-kostet-joyn-plus-nach-ablauf-meines-gutscheins-242,2026-09,/en/payment-passport-joyn,/pasport-oplaty-joyn
kayo-sports,Kayo Sports,video-streaming,https://kayosports.com.au,Kayo Standard AUD 29.99/month,,visa; mastercard; amex; apple_pay; google_pay,,unknown,unknown,no,,,https://kayosports.com.au/en-AU/help/articles/31174084678429-what-are-my-payment-options-for-kayo; https://kayosports.com.au/en-AU/help/articles/31174089040285-how-much-does-a-kayo-subscription-cost,2026-09,/en/payment-passport-kayo-sports,/pasport-oplaty-kayo-sports
mlb-tv,MLB.TV,video-streaming,https://www.mlb.com/tv,MLB.TV All Teams Monthly $29.99/month,29.99,visa; mastercard; amex; discover; paypal,,unknown,unknown,no,,,https://support.mlb.com/s/article/Payment-Methods; https://www.mlb.com/news/mlb-tv-features-faq-2025,2026-09,/en/payment-passport-mlb-tv,/pasport-oplaty-mlb-tv
mubi,MUBI,video-streaming,https://mubi.com,MUBI monthly membership (US) $14.99/month,14.99,visa; mastercard; amex; maestro; paypal; app_store; google_play,,unknown,unknown,no,,VISA Electron not accepted.,https://help.mubi.com/article/38-how-can-i-pay-for-a-mubi-subscription; https://mubi.com/en/pr/memberships,2026-09,/en/payment-passport-mubi,/pasport-oplaty-mubi
nba-league-pass,NBA League Pass,video-streaming,https://www.nba.com/watch/league-pass-stream,NBA League Pass monthly (US) $16.99/month,16.99,card; amazon_pay; app_store; google_play; gift_card; local,roku,unknown,yes,unknown,,Billing country must match the location from which you are purchasing.,https://support.watch.nba.com/hc/en-us/articles/115000585813-Purchasing-NBA-League-Pass; https://support.watch.nba.com/hc/en-us/articles/32677980967575-League-Pass-Payment-Errors; https://www.nba.com/league-pass-termsofuse-outside-us,2026-09,/en/payment-passport-nba-league-pass,/pasport-oplaty-nba-league-pass
nebula,Nebula,video-streaming,https://nebula.tv,Nebula membership $6/month,6.0,card; gift_card,,unknown,yes,unknown,,,https://nebula.tv/gift; https://blog.nebula.tv/pricing-updates/; https://nebula.tv/terms; https://nebula.tv/terms/gifts,2026-09,/en/payment-passport-nebula,/pasport-oplaty-nebula
nfl-plus,NFL+,video-streaming,https://www.nfl.com/plus,NFL+ Monthly $6.99/month,6.99,visa; mastercard; amex; discover; paypal,,unknown,unknown,no,,,https://support.nfl.com/hc/en-us/articles/35869719249300-How-can-I-pay-for-NFL; https://support.nfl.com/hc/en-us/articles/35869716246804-How-much-does-NFL-cost-Monthly-and-Annual-Regular-and-Premium,2026-09,/en/payment-passport-nfl-plus,/pasport-oplaty-nfl-plus
now,NOW (Sky),video-streaming,https://www.nowtv.com,NOW Entertainment Membership GBP 7.99/month,,visa; mastercard; amex; paypal,,unknown,unknown,no,,3D Secure may be required; some prepaid Visa/Mastercard cards not accepted.,https://www.nowtv.com/gb/help/article/what-payment-methods-can-i-use; https://www.nowtv.com/gb/help/article/entertainment-membership,2026-09,/en/payment-passport-now,/pasport-oplaty-now
osn-plus,OSN+,video-streaming,https://osnplus.com,"OSN+ Standard (local currency, e.g. AED 24.49/month)",,visa; mastercard; apple_pay; carrier_billing; local,prepaid voucher,unknown,yes,unknown,,Plans and payment methods vary by country (MENA).,https://osnplus.com/en-us; https://support.osnplus.com/hc/en-us/articles/6984916693146-What-are-OSN-Subscription-Price-and-Available-Plans-FAQs; https://support.osnplus.com/hc/en-us/articles/7462827331226-OSN-Prepaid-Vouchers-via-Toters-Whish-Lebanon,2026-09,/en/payment-passport-osn-plus,/pasport-oplaty-osn-plus
paramount-plus,Paramount+,video-streaming,https://www.paramountplus.com,Paramount+ Essential (US) $8.99/month,8.99,visa; mastercard; amex; paypal; amazon_pay; app_store; google_play; gift_card,,unknown,yes,unknown,"Paramount suspended its TV channels in Russia in 2022 (Interfax); Russia is not listed among Paramount+ launch countries on the pricing page, but no official statement on Paramount+ itself was found.",Prices and available payment options vary by country ('other options may be available depending on your location').,https://support.paramountplus.com/s/article/PI-How-do-I-pay-for-Paramount; https://support.paramountplus.com/s/article/PI-How-much-does-Paramount-cost; https://www.paramountplus.com/gift-card/; https://interfax.com/newsroom/top-stories/78746/,2026-09,/en/payment-passport-paramount-plus,/pasport-oplaty-paramount-plus
peacock,Peacock,video-streaming,https://www.peacocktv.com,Peacock Premium $12.99/month,12.99,visa; mastercard; amex; discover; paypal; app_store; gift_card,,no,yes,no,US-only; not available in Russia.,Available only within the United States and certain US territories; region-locked ('Unavailable In Your Region').,https://www.peacocktv.com/help/article/payment-methods; https://www.peacocktv.com/help/article/gift-cards-us; https://www.peacocktv.com/help/article/where-is-peacock-available; https://www.peacocktv.com/help/article/how-much-does-peacock-cost,2026-09,/en/payment-passport-peacock,/pasport-oplaty-peacock
philo,Philo,video-streaming,https://www.philo.com,Philo Core $33/month,33.0,visa; mastercard; amex; discover; paypal; apple_pay; google_pay; local,CashApp,unknown,unknown,no,,,https://help.philo.com/account-billing/payment/; https://www.philo.com/blog/philo-core-now-includes-hbo-max-discovery-plus,2026-09,/en/payment-passport-philo,/pasport-oplaty-philo
plex,Plex (Plex Pass / Remote Watch Pass),video-streaming,https://www.plex.tv,Remote Watch Pass $2.99/month (list price),2.99,card; paypal,,unknown,unknown,unknown,,,https://www.plex.tv/plans/; https://support.plex.tv/articles/201580107-plex-subscription-management/,2026-09,/en/payment-passport-plex,/pasport-oplaty-plex
rakuten-tv,Rakuten TV,video-streaming,https://www.rakuten.tv,Rent/buy movies (e.g. rent from GBP 3.49),,visa; mastercard; paypal; apple_pay,,unknown,unknown,unknown,,UK help: cards must be linked to UK banks; PayPal account must be created in the country of use; available in 43 European countries.,https://help.rakuten.tv/hc/en-gb/articles/201547441-How-to-add-or-change-your-Payment-Methods; https://help.rakuten.tv/hc/en-gb/articles/115005499965--How-to-link-activate-and-unlink-my-PayPal-payments; https://support.rakuten.tv/hc/en-us/articles/6360828570642-Rakuten-TV-Abroad,2026-09,/en/payment-passport-rakuten-tv,/pasport-oplaty-rakuten-tv
rakuten-viki,Rakuten Viki,video-streaming,https://www.viki.com,Viki Pass Standard $7.99/month,7.99,visa; mastercard; amex; discover; jcb; diners; paypal; apple_pay; google_pay; app_store; google_play; gift_card; carrier_billing,,no,unknown,no,Viki suspended all services in Russia; subscriptions terminated 7 April 2022.,Apple/Google Pay only in listed countries; regional restrictions apply to all plans.,https://support.viki.com/hc/en-us/articles/200138854-How-can-I-pay-for-Viki-Pass-and-Rentals; https://support.viki.com/hc/en-us/articles/5286257053459-Suspension-of-Rakuten-Viki-services-in-Russia; https://support.viki.com/hc/en-us/articles/115011290247-How-Will-I-Be-Charged-After-Changing-Plans; https://support.viki.com/hc/en-us/articles/12094271912211-What-regions-countries-are-Viki-available-in,2026-09,/en/payment-passport-rakuten-viki,/pasport-oplaty-rakuten-viki
rtl-plus,RTL+,video-streaming,https://plus.rtl.de,RTL+ Premium 9.99 EUR/month,,card; paypal; gift_card; direct_debit,,unknown,yes,unknown,,Only payment methods offered during checkout are accepted (AGB); PUR-Abo cannot be paid with RTL+ credit cards or direct debit.,https://community.plus.rtl.de/s/hilfeartikel/zahlungsmoeglichkeiten; https://community.plus.rtl.de/s/hilfeartikel/pur-abo-bei-rtlplus; https://community.plus.rtl.de/s/hilfeartikel/rtlplus-pakete,2026-09,/en/payment-passport-rtl-plus,/pasport-oplaty-rtl-plus
setanta-sports,Setanta Sports,video-streaming,https://setantasports.com,FAN PACK Basic (global) 7.39 EUR/month,,visa; mastercard; amex; discover; jcb,,unknown,unknown,no,,,https://support.setantasports.com/en/articles/8194230-payment-methods; https://setantasports.com/en-fanpack-global/,2026-09,/en/payment-passport-setanta-sports,/pasport-oplaty-setanta-sports
shudder,Shudder,video-streaming,https://www.shudder.com,Shudder Monthly $9.99/month,9.99,card,,no,unknown,unknown,Not available in Russia (limited country list).,"Available only in US, Canada, UK, Ireland, Australia, New Zealand; titles locked by region.",https://support.shudder.com/kb/guide/en/where-is-shudder-available-uC0Oxmu2g7/Steps/3638246; https://www.shudder.com/; https://support.shudder.com/kb/guide/en/how-can-i-subscribe-to-shudder-3cVD1LakxM/Steps/3747720,2026-09,/en/payment-passport-shudder,/pasport-oplaty-shudder
skyshowtime,SkyShowtime,video-streaming,https://www.skyshowtime.com,SkyShowtime Standard (EUR markets) 8.99 EUR/month,,visa; mastercard; amex; diners; paypal; apple_pay; ideal,,unknown,unknown,no,Operates only in selected European markets; Russia not among them per country selector.,Payment options vary by country.,https://www.skyshowtime.com/pl/help/article/how-to-pay-for-skyshowtime; https://www.skyshowtime.com/nl/help/article/how-to-pay-for-skyshowtime; https://www.skyshowtime.com/ad/help/article/skyshowtime-subscription-plans-and-pricing,2026-09,/en/payment-passport-skyshowtime,/pasport-oplaty-skyshowtime
sling-tv,Sling TV,video-streaming,https://www.sling.com,Sling Orange from $45.99/month,45.99,card; paypal; app_store; google_play; gift_card; crypto,,unknown,yes,yes,Gift cards are US-only; no explicit Russia statement found.,Gift cards valid only toward Sling TV services in the US.,https://www.sling.com/help/en/account-questions/billing-payments; https://www.sling.com/help/en/account-questions/gift-cards; https://www.sling.com/help/en/account-questions/account-changes/pause-cancel-subscription; https://www.sling.com/,2026-09,/en/payment-passport-sling-tv,/pasport-oplaty-sling-tv
sony-liv,Sony LIV,video-streaming,https://www.sonyliv.com,"LIV Premium monthly (India, INR)",,card; amazon_pay; app_store; google_play; local,UPI; net banking; wallet,unknown,unknown,unknown,,,https://help.sonyliv.com/categories/cat-subscription/articles/what-payment-methods-are-available-on-liv-1; https://help.sonyliv.com/categories/cat-subscription/articles/what-are-the-types-of-subscription-available-on-liv-how-much-does-sony-liv-cost-1,2026-09,/en/payment-passport-sony-liv,/pasport-oplaty-sony-liv
stan,Stan,video-streaming,https://www.stan.com.au,Stan Standard AUD 17.99/month,,card; paypal; app_store; gift_card,,no,yes,unknown,Australia-only.,Stan is only available in Australia; VPN/proxy blocked.,https://help.stan.com.au/hc/en-us/articles/202844834-Managing-your-Stan-billing; https://help.stan.com.au/hc/en-us/articles/115005777028-Stan-subscription-plans; https://help.stan.com.au/hc/en-us/articles/204605728-Error-Code-A26,2026-09,/en/payment-passport-stan,/pasport-oplaty-stan
starz,STARZ,video-streaming,https://www.starz.com,STARZ monthly subscription (promotional pricing shown on site),,card,,unknown,unknown,unknown,,,https://support.starz.com/en_us/how-to-subscribe-to-starz-directly-through-the-website-ByQIG4b1s; https://support.starz.com/en_us/why-was-my-credit-card-declined-B1zcM4Jj,2026-09,/en/payment-passport-starz,/pasport-oplaty-starz
the-criterion-channel,The Criterion Channel,video-streaming,https://www.criterionchannel.com,Criterion Channel $10.99/month,10.99,card,,unknown,unknown,unknown,,,https://signup.criterionchannel.com/; https://www.criterionchannel.com/help/articles/why-is-there-a-charge-on-my-credit-card,2026-09,/en/payment-passport-the-criterion-channel,/pasport-oplaty-the-criterion-channel
trillertv,TrillerTV (TrillerTV+),video-streaming,https://www.trillertv.com,TrillerTV+ Monthly Pass,,card; paypal; app_store; google_play,,unknown,unknown,unknown,,,https://support.trillertv.com/hc/en-us/articles/360059254513-What-is-included-in-my-TrillerTV-subscription; https://www.trillertv.com/join/,2026-09,/en/payment-passport-trillertv,/pasport-oplaty-trillertv
viaplay,Viaplay,video-streaming,https://viaplay.com,Viaplay Film & Serier (local currency),,visa; mastercard; amex; klarna,,unknown,unknown,no,,"A payment card must be added even with a voucher, to confirm country of residence; 3D Secure required.",https://help.viaplay.com/is/choose-a-payment-method/; https://help.viaplay.com/is/change-payment-method/; https://help.viaplay.com/is/package-info/,2026-09,/en/payment-passport-viaplay,/pasport-oplaty-viaplay
viu,Viu,video-streaming,https://www.viu.com,Viu Premium,,card; app_store; google_play; local,carrier/telco,unknown,unknown,unknown,,Paid service restricted to the territory where you subscribed.,https://hq.viu.com/legal; https://www.viu.com/ott/id/articles/ask-viu/,2026-09,/en/payment-passport-viu,/pasport-oplaty-viu
wow,WOW (Sky Deutschland),video-streaming,https://www.wowtv.de,WOW Filme & Serien (from 5 EUR/month annual),,visa; mastercard; amex; paypal; klarna,,unknown,unknown,no,,Some Visa/Mastercard prepaid cards not accepted.,https://www.wowtv.de/hilfe/artikel/welche-zalungsmethoden-kann-ich-verwenden; https://www.wowtv.de/at/filme,2026-09,/en/payment-passport-wow,/pasport-oplaty-wow
youtube-tv,YouTube TV,video-streaming,https://tv.youtube.com,YouTube TV Base Plan $82.99/month,82.99,card; google_pay; local,carrier/ISP billing,no,unknown,unknown,US-only; not offered in Russia.,Payment ZIP code must match the card's billing address; service available nationwide in the US only.,https://support.google.com/youtubetv/answer/7129667; https://support.google.com/youtubetv/answer/10208367?hl=en; https://tv.youtube.com/welcome/,2026-09,/en/payment-passport-youtube-tv,/pasport-oplaty-youtube-tv
zee5-global,ZEE5 Global,video-streaming,https://www.zee5.com/global,ZEE5 annual plan (US) $49.99/year,,card; local,net banking; wallet,unknown,unknown,unknown,,Terms require you to use your own card/net-banking account.,https://www.zee5.com/global/termsofuse; https://faq.zee5.com/portal/en/kb/articles/zee5-add-ons-frequently-asked-questions; https://www.zee5.com/global/myaccount/subscription,2026-09,/en/payment-passport-zee5-global,/pasport-oplaty-zee5-global
